soc_code,eloundou_beta,felten_aioe,employment_latest,wage_bill_latest
11-1011,0.4897959183673469,1.334246,204350.0,55098890500.0
11-1021,0.47058823529411764,0.5748773,3503020.0,472697518800.0
11-1031,0.4,,,
11-2011,0.4666666666666667,1.294387,21470.0,3312391600.0
11-2021,0.5,1.315032,395240.0,70261814800.0
11-2022,0.4411764705882353,1.26628,637080.0,104704098000.0
11-2032,0.55,,74850.0,12332286000.0
11-2033,0.5625,,38810.0,5434176200.0
11-3012,0.4166666666666667,,263960.0,34280485200.0
11-3013,0.4358974358974359,,156180.0,18255880200.0
11-3021,0.5294117647058824,1.059853,670570.0,128856731200.0
11-3031,0.48412698412698413,1.446232,841710.0,157324016100.0
11-3051,0.41025641025641024,0.5086878,246250.0,33039362500.0
11-3061,0.5833333333333334,1.423426,84320.0,13184275200.0
11-3071,0.48333333333333334,0.8907923,221180.0,26895488000.0
11-3111,0.5,1.298235,22940.0,3730961600.0
11-3121,0.4807692307692308,1.320417,220660.0,36238991800.0
11-3131,0.5,1.284423,48050.0,7129178500.0
11-9013,0.38333333333333336,-0.1443684,6500.0,648830000.0
11-9021,0.44,1.029139,380360.0,47301569600.0
11-9031,0.47058823529411764,0.838007,73660.0,4773168000.0
11-9032,0.421875,1.048811,328330.0,38119113000.0
11-9033,0.46551724137931033,1.461149,180470.0,22836673800.0
11-9041,0.4625,0.8370105,220260.0,39986000400.0
11-9051,0.42857142857142855,-0.1213112,238430.0,17853638400.0
11-9071,0.5526315789473685,0.8299207,5030.0,518341500.0
11-9072,0.35294117647058826,,37980.0,3408705000.0
11-9081,0.4583333333333333,0.4021726,42620.0,3355898800.0
11-9111,0.4166666666666667,1.260259,597080.0,84170367600.0
11-9121,0.5285714285714286,1.327906,108690.0,19591372500.0
11-9131,0.5,0.8233757,13810.0,1344541600.0
11-9141,0.42592592592592593,1.215396,311180.0,26048877800.0
11-9151,0.40625,1.156153,209330.0,18605250400.0
11-9161,0.41304347826086957,1.030768,13500.0,1382670000.0
11-9171,0.4318181818181818,,13910.0,1291404400.0
11-9179,0.4444444444444444,,10450.0,817085500.0
11-9199,0.4927536231884058,0.9646872,622190.0,95748819100.0
13-1011,0.5357142857142857,1.068559,12620.0,1786739600.0
13-1021,0.5416666666666666,0.7687054,,
13-1022,0.475,0.8188258,,
13-1023,0.47368421052631576,1.509181,,
13-1031,0.5344827586206896,1.274024,324230.0,26090788100.0
13-1032,0.5,0.6634955,11560.0,912084000.0
13-1041,0.5166666666666667,0.6981205,417070.0,36868988000.0
13-1051,0.5,1.367669,224220.0,19146145800.0
13-1071,0.6346153846153846,1.36005,912430.0,74810135700.0
13-1074,0.125,-0.4354025,310.0,18125700.0
13-1075,0.5535714285714286,1.334834,64810.0,6398043200.0
13-1081,0.5301204819277109,1.297303,251040.0,22525819200.0
13-1082,0.55,,1066670.0,118123035800.0
13-1111,0.4090909090909091,1.432417,898280.0,102215281200.0
13-1121,0.47619047619047616,0.3740207,142860.0,9503047200.0
13-1131,0.5,1.242567,111040.0,8572288000.0
13-1141,0.4791666666666667,1.440985,112380.0,9477005400.0
13-1151,0.55,1.198409,458300.0,34624565000.0
13-1161,0.5408163265306123,1.426757,899580.0,80503414200.0
13-1199,0.592391304347826,1.047687,1087090.0,102153847300.0
13-2011,0.55,1.481956,1449500.0,137340125000.0
13-2022,0.5714285714285714,,,
13-2023,0.5,,,
13-2031,0.5,1.502988,47160.0,4544809200.0
13-2041,0.5454545454545454,1.345268,64390.0,6493731500.0
13-2051,0.46153846153846156,1.380615,361980.0,42279264000.0
13-2052,0.5,1.400749,266800.0,41799556000.0
13-2053,0.5714285714285714,1.326652,105420.0,9877854000.0
13-2054,0.5333333333333333,,63850.0,7944217000.0
13-2061,0.5,1.526064,67830.0,7206259200.0
13-2071,0.6086956521739131,1.385381,27770.0,1588721700.0
13-2072,0.5833333333333334,1.385739,274330.0,24083430700.0
13-2081,0.56,1.36682,56610.0,3992137200.0
13-2082,0.625,1.29371,76480.0,4659926400.0
13-2099,0.5568181818181818,1.361362,132130.0,12395115300.0
15-1211,0.6282051282051282,,519530.0,59543333300.0
15-1212,0.625,,190650.0,25263031500.0
15-1221,0.6,,37200.0,5726196000.0
15-1231,0.6346153846153846,,146190.0,11968575300.0
15-1232,0.59375,,717190.0,48288402700.0
15-1241,0.6440677966101694,,179740.0,25088109200.0
15-1242,0.9444444444444444,,69990.0,7705199100.0
15-1243,0.8953488372093024,,67140.0,9697701600.0
15-1244,0.7,,314340.0,32590771200.0
15-1251,0.9411764705882353,,92230.0,9699829100.0
15-1252,0.868421052631579,,1687890.0,249976509000.0
15-1253,0.8666666666666667,,186740.0,20819642600.0
15-1254,0.9310344827586207,,70190.0,6932666300.0
15-1255,0.7592592592592593,,113330.0,13315141700.0
15-1299,0.7372093023255814,,435370.0,53215275100.0
15-2011,0.5,1.516474,26670.0,3773271600.0
15-2021,1.0,1.472319,2030.0,262397800.0
15-2031,0.625,1.40002,108510.0,10821702300.0
15-2041,0.7159090909090909,1.382724,29030.0,3358771000.0
15-2051,0.6944444444444444,,262440.0,33277392000.0
15-2099,0.868421052631579,,3720.0,340566000.0
17-1011,0.5,1.047142,106770.0,11345380200.0
17-1012,0.42105263157894735,1.034388,19600.0,1740088000.0
17-1021,0.5357142857142857,0.8169979,14260.0,1236199400.0
17-1022,0.5125,0.1460606,50830.0,4095373100.0
17-2011,0.5555555555555556,1.338738,67710.0,9618882600.0
17-2021,0.42857142857142855,0.9409636,1480.0,160180400.0
17-2031,0.6,0.9874239,23480.0,2744577200.0
17-2041,0.46153846153846156,1.341336,21070.0,2738678600.0
17-2051,0.4859154929577465,1.282867,367840.0,39973172800.0
17-2061,0.6944444444444444,1.141812,76660.0,12470282200.0
17-2071,0.5454545454545454,1.126725,198750.0,24863625000.0
17-2072,0.6071428571428571,0.6654578,96900.0,13302432000.0
17-2081,0.5535714285714286,1.343561,38340.0,4328969400.0
17-2111,0.475,0.9948935,21450.0,2569066500.0
17-2112,0.5543478260869565,1.13787,365740.0,40194826000.0
17-2121,0.4166666666666667,0.5472173,8250.0,1024485000.0
17-2131,0.47619047619047616,1.037278,22770.0,2738092500.0
17-2141,0.5253164556962026,1.004709,296810.0,33720584100.0
17-2151,0.4722222222222222,1.34695,6080.0,701692800.0
17-2161,0.55,1.303009,15280.0,2145617600.0
17-2171,0.5,1.247779,18060.0,2838129000.0
17-2199,0.5279329608938548,0.787566,154070.0,19309593100.0
17-3011,0.5357142857142857,0.9233925,103700.0,7335738000.0
17-3012,0.5833333333333334,0.910166,17920.0,1456537600.0
17-3013,0.5,0.8410071,39960.0,2999397600.0
17-3021,0.2916666666666667,0.3909402,11280.0,1029976800.0
17-3022,0.5666666666666667,0.9323219,68520.0,4727194800.0
17-3023,0.4166666666666667,0.3515252,95130.0,7675088400.0
17-3024,0.3942307692307692,-0.3040507,15520.0,1186038400.0
17-3025,0.40384615384615385,0.0438054,12190.0,790765300.0
17-3026,0.42727272727272725,0.6106679,75570.0,5342799000.0
17-3027,0.3958333333333333,-0.1192367,36190.0,2764192200.0
17-3028,0.4,,16540.0,1226771800.0
17-3029,0.2391304347826087,0.1941278,59930.0,4851932800.0
17-3031,0.5,0.0852324,58010.0,3364580000.0
19-1011,0.5,1.041358,3100.0,273885000.0
19-1012,0.34615384615384615,0.7943575,13060.0,1245401600.0
19-1013,0.48148148148148145,0.6320696,15730.0,1379835600.0
19-1021,0.4375,0.9060509,33830.0,4392487200.0
19-1022,0.39285714285714285,0.6955647,18940.0,1848544000.0
19-1023,0.39285714285714285,0.3175953,18120.0,1504322400.0
19-1029,0.5568181818181818,1.010193,55850.0,5938530500.0
19-1031,0.4307692307692308,0.0690313,25950.0,2001523500.0
19-1032,0.38,-0.184381,10430.0,825743100.0
19-1041,0.43333333333333335,1.436287,12090.0,1183490100.0
19-1042,0.5,1.279928,172340.0,20136205600.0
19-2011,0.4411764705882353,1.373737,2120.0,281790400.0
19-2012,0.7,1.345736,20430.0,3497207400.0
19-2021,0.5370370370370371,1.373917,10000.0,1061100000.0
19-2031,0.38461538461538464,0.5011251,82770.0,8314246500.0
19-2032,0.46875,1.032757,8470.0,1068744600.0
19-2041,0.520618556701031,1.014113,89250.0,8182440000.0
19-2042,0.46875,0.7143481,23470.0,2726040500.0
19-2043,0.5,0.6405071,5850.0,606060000.0
19-2099,0.4583333333333333,1.140157,22300.0,2881829000.0
19-3011,0.5606060606060606,1.403764,17790.0,2528492700.0
19-3022,0.625,1.42653,8290.0,659718200.0
19-3032,0.48,1.402475,790.0,134481700.0
19-3033,0.38333333333333336,,75990.0,8567872500.0
19-3034,0.39473684210526316,,63940.0,6340290400.0
19-3039,0.453125,1.389854,18820.0,2092972200.0
19-3041,0.5384615384615384,1.411125,2260.0,259719200.0
19-3051,0.48,1.227516,44230.0,4190792500.0
19-3091,0.45,0.6965665,8990.0,679823800.0
19-3092,0.5,1.436298,1400.0,143290000.0
19-3093,0.5,1.098921,3450.0,280278000.0
19-3094,0.5,1.418863,5540.0,789505400.0
19-3099,0.5227272727272727,1.328048,37100.0,3995299000.0
19-4012,0.3854166666666667,,15130.0,814599200.0
19-4013,0.34375,,14600.0,827236000.0
19-4021,0.3888888888888889,0.3012355,69620.0,4273275600.0
19-4031,0.375,0.0628057,57540.0,3676806000.0
19-4042,0.4423076923076923,,34670.0,2107936000.0
19-4043,0.38333333333333336,,6980.0,431852600.0
19-4044,0.5,,2840.0,197465200.0
19-4051,0.2,0.1696743,6470.0,704841800.0
19-4061,0.6304347826086957,1.204652,30640.0,2026529600.0
19-4071,0.35714285714285715,,30410.0,1796014600.0
19-4092,0.40476190476190477,0.2400518,19120.0,1514304000.0
19-4099,0.5520833333333334,0.4501044,73910.0,4898754800.0
19-5011,0.3333333333333333,,140610.0,13197654600.0
19-5012,0.40384615384615385,,30590.0,2083790800.0
21-1011,0.1956521739130435,1.030841,,
21-1012,0.3088235294117647,0.9739287,353310.0,25236933300.0
21-1013,0.125,1.367434,66740.0,5136310400.0
21-1014,0.25925925925925924,1.34239,,
21-1015,0.35294117647058826,0.5025014,94740.0,4909426800.0
21-1021,0.2391304347826087,0.7761707,392550.0,25123200000.0
21-1022,0.35294117647058826,0.9339648,187630.0,13469957700.0
21-1023,0.2692307692307692,1.119216,132810.0,9035064300.0
21-1091,0.53125,0.691658,65690.0,4813763200.0
21-1092,0.40476190476190477,0.5272448,89390.0,6537090700.0
21-1093,0.35,0.4652255,437860.0,20881543400.0
21-1094,0.3103448275862069,0.0371229,61660.0,3464058800.0
21-2011,0.3333333333333333,1.282559,57200.0,3824392000.0
21-2021,0.42105263157894735,1.210922,22160.0,1376136000.0
23-1011,0.4318181818181818,1.328783,754500.0,140216280000.0
23-1012,0.5,1.462973,13290.0,969505500.0
23-1021,0.5,1.374714,16370.0,2062456300.0
23-1022,0.5,1.431593,9210.0,838202100.0
23-1023,0.40476190476190477,1.496494,24030.0,3456234900.0
23-2011,0.5,1.292055,392880.0,27383736000.0
23-2093,0.5588235294117647,1.279954,48580.0,3028963000.0
25-1011,0.48,1.349314,82150.0,9424248000.0
25-1021,0.5,1.277778,35480.0,3704821600.0
25-1022,0.5416666666666666,1.338676,47670.0,4364188500.0
25-1031,0.4772727272727273,1.222022,7700.0,779625000.0
25-1032,0.5,1.351133,40270.0,5014420400.0
25-1041,0.5,0.7546685,8920.0,910286000.0
25-1042,0.46296296296296297,1.227677,50190.0,5161539600.0
25-1043,0.48,1.260278,1520.0,155724000.0
25-1051,0.4807692307692308,1.306156,9900.0,1148598000.0
25-1052,0.42857142857142855,1.333947,19980.0,2102095800.0
25-1053,0.5,1.347519,6690.0,693150900.0
25-1054,0.4166666666666667,1.044191,13090.0,1459011400.0
25-1061,0.5,1.321694,5240.0,560051200.0
25-1062,0.5,1.308699,11300.0,1111129000.0
25-1063,0.45454545454545453,1.319012,11560.0,1605106000.0
25-1064,0.48,1.318899,3330.0,340825500.0
25-1065,0.4772727272727273,1.368397,16970.0,1834457000.0
25-1066,0.46551724137931033,1.33366,41530.0,3898005800.0
25-1067,0.4166666666666667,1.349229,11850.0,1149213000.0
25-1071,0.4782608695652174,0.924754,221270.0,32652813900.0
25-1072,0.41379310344827586,0.5170682,77960.0,6736523600.0
25-1081,0.4791666666666667,1.192988,60830.0,4826860500.0
25-1082,0.5,1.386292,3630.0,319839300.0
25-1111,0.5,1.389999,13150.0,1151282500.0
25-1112,0.45652173913043476,1.35645,20060.0,2904086200.0
25-1113,0.4375,1.347327,12610.0,1058483400.0
25-1121,0.44642857142857145,0.7582769,93560.0,8860132000.0
25-1122,0.43478260869565216,1.347435,29420.0,2648094200.0
25-1123,0.5454545454545454,1.417833,57720.0,5170557600.0
25-1124,0.54,1.33412,19830.0,1784501700.0
25-1125,0.48,1.43749,18790.0,1814738200.0
25-1126,0.5217391304347826,1.363522,20460.0,1883138400.0
25-1192,0.5434782608695652,1.211652,2770.0,226973800.0
25-1193,0.5208333333333334,1.16489,12630.0,1094010600.0
25-1194,0.5,0.1622185,114110.0,8222766600.0
25-2011,0.22058823529411764,0.0306372,478780.0,20601903400.0
25-2012,0.22972972972972974,0.3644047,108870.0,7552311900.0
25-2021,0.3026315789473684,0.8869491,1388390.0,100866533500.0
25-2022,0.35714285714285715,1.286445,620090.0,44665082700.0
25-2023,0.3225806451612903,0.5199191,16870.0,1207723300.0
25-2031,0.328125,1.191325,1065210.0,81296827200.0
25-2032,0.3333333333333333,0.3734505,111420.0,8098005600.0
25-2051,0.19444444444444445,0.3750564,29510.0,2253973800.0
25-2055,0.25,,,
25-2056,0.31666666666666665,,,
25-2057,0.3,,95200.0,7023856000.0
25-2058,0.3,,163930.0,12665231800.0
25-2059,0.475,-0.6632917,33930.0,2705917500.0
25-3011,0.41025641025641024,1.348951,37310.0,2457236600.0
25-3021,0.36666666666666664,0.526352,332110.0,18179701400.0
25-3031,0.3611111111111111,,524770.0,24359823400.0
25-3041,0.5263157894736842,,175070.0,8412113500.0
25-4011,0.5,0.6765602,7970.0,563000800.0
25-4012,0.5,0.7366658,12150.0,869454000.0
25-4013,0.25,-0.0912107,12310.0,706717100.0
25-4022,0.5333333333333333,,133790.0,9745263600.0
25-4031,0.5714285714285714,0.037965,68690.0,3125395000.0
25-9021,0.36666666666666664,0.8604031,8220.0,501913200.0
25-9031,0.5333333333333333,1.301855,227760.0,18430339200.0
25-9042,0.36666666666666664,,,
25-9043,0.26666666666666666,,,
25-9044,0.5,,164090.0,7822170300.0
27-1011,0.5,1.02251,53070.0,6869380800.0
27-1012,0.26666666666666666,-0.9295284,4580.0,227809200.0
27-1013,0.40625,-0.5690498,11220.0,820743000.0
27-1014,0.5357142857142857,0.7058651,19970.0,2254013900.0
27-1021,0.47058823529411764,0.867039,33490.0,3123277400.0
27-1022,0.4,0.5801539,21450.0,1956883500.0
27-1023,0.1875,-0.2718452,40590.0,1604116800.0
27-1024,0.5,0.7156958,197830.0,13958884800.0
27-1025,0.5,1.12168,71500.0,5329610000.0
27-1026,0.28,-1.001413,165220.0,7076372600.0
27-1027,0.37037037037037035,-0.0519323,10630.0,883990800.0
27-2011,0.18421052631578946,0.1590935,,
27-2012,0.46987951807228917,0.9388108,143120.0,16215496000.0
27-2021,0.0,-1.814336,15070.0,3107132600.0
27-2022,0.32142857142857145,0.1168668,248950.0,14976832000.0
27-2023,0.34375,-0.0325617,15780.0,836497800.0
27-2031,0.03571428571428571,-2.669758,,
27-2032,0.2777777777777778,-1.575769,2860.0,209066000.0
27-2041,0.7,0.8829641,12540.0,1134493800.0
27-2042,0.43333333333333335,-0.0040058,,
27-2091,0.5263157894736842,,,
27-3011,0.6666666666666666,0.8493547,21240.0,1672012800.0
27-3023,0.65,,39250.0,4021555000.0
27-3031,0.5833333333333334,1.284927,283380.0,23837925600.0
27-3041,0.6428571428571429,1.128221,91690.0,8257601400.0
27-3042,0.7,1.184001,45500.0,4412135000.0
27-3043,0.875,0.9879274,47940.0,4127154600.0
27-3091,0.8823529411764706,1.111319,52060.0,3454701600.0
27-3092,0.9642857142857143,,12870.0,1013641200.0
27-4011,0.4827586206896552,-0.0117747,70230.0,4538964900.0
27-4012,0.5,0.1222249,21110.0,1434635600.0
27-4014,0.42857142857142855,0.4715462,13080.0,1064581200.0
27-4015,0.15625,,8900.0,697582000.0
27-4021,0.39655172413793105,-0.1680973,51760.0,2868021600.0
27-4031,0.4375,-0.4470009,21550.0,1793175500.0
27-4032,0.5,0.985707,25610.0,2205789300.0
29-1011,0.45454545454545453,-0.1911757,39630.0,3587307600.0
29-1021,0.25,-0.1813301,124390.0,23802026500.0
29-1022,0.03571428571428571,-0.2389668,4910.0,1701265900.0
29-1023,0.3,0.1616631,6210.0,1610874000.0
29-1024,0.045454545454545456,-0.1561403,870.0,233708100.0
29-1031,0.5178571428571429,1.342809,77570.0,5982974100.0
29-1041,0.3,0.5040194,42790.0,6056924500.0
29-1051,0.42857142857142855,0.6058705,321970.0,45372012400.0
29-1071,0.25,0.1059147,162150.0,22908552000.0
29-1081,0.2727272727272727,0.6279185,9680.0,1698646400.0
29-1122,0.2894736842105263,0.1151615,162450.0,16452936000.0
29-1123,0.1875,-0.3581922,267330.0,28144502400.0
29-1124,0.2727272727272727,-0.2189393,17070.0,1962879300.0
29-1125,0.3181818181818182,0.2190109,14930.0,1009715900.0
29-1126,0.20454545454545456,-0.1880507,139790.0,12203667000.0
29-1127,0.4583333333333333,1.146267,183390.0,18003396300.0
29-1128,0.26,-0.0331901,8560.0,521646400.0
29-1129,0.37272727272727274,,22640.0,2047108800.0
29-1131,0.2826086956521739,-0.0749958,83900.0,11970852000.0
29-1141,0.3795620437956204,0.2294097,3379720.0,342771202400.0
29-1151,0.16666666666666666,0.2413191,51840.0,12872908800.0
29-1161,0.38095238095238093,0.1966265,7920.0,1084881600.0
29-1171,0.48148148148148145,0.1900572,323040.0,44353392000.0
29-1181,0.45454545454545453,0.6329063,13660.0,1335128400.0
29-1211,0.25,,38760.0,13975693200.0
29-1212,0.34615384615384615,,17290.0,7865912600.0
29-1213,0.3888888888888889,,11370.0,3678536100.0
29-1214,0.4411764705882353,,32880.0,10438742400.0
29-1215,0.4230769230769231,,107510.0,27503208200.0
29-1216,0.4473684210526316,,67150.0,17942480000.0
29-1217,0.4375,,10590.0,2834201700.0
29-1218,0.4,,21260.0,5932390400.0
29-1221,0.47058823529411764,,39390.0,8355012900.0
29-1222,0.4473684210526316,,11110.0,3171016200.0
29-1223,0.4583333333333333,,27980.0,7552921200.0
29-1224,0.48333333333333334,,26770.0,10213558100.0
29-1229,0.4158415841584158,,342720.0,89806348800.0
29-1241,0.4166666666666667,,8950.0,2726617500.0
29-1242,0.3333333333333333,,14100.0,5267337000.0
29-1243,0.3611111111111111,,1190.0,597439500.0
29-1291,0.16666666666666666,,7830.0,681366600.0
29-1292,0.16666666666666666,,222740.0,22049032600.0
29-1299,0.4861111111111111,,28630.0,3654905800.0
29-2011,0.3466666666666667,0.2818067,,
29-2012,0.1956521739130435,-0.1273315,,
29-2031,0.4,-0.0909526,62960.0,4844142400.0
29-2032,0.3,-0.264054,90160.0,8767158400.0
29-2033,0.29411764705882354,0.0855276,17080.0,1796132800.0
29-2034,0.38333333333333336,-0.5559037,230490.0,19324281600.0
29-2035,0.32608695652173914,-0.0727627,43390.0,4170646800.0
29-2036,0.45,,3410.0,506385000.0
29-2042,0.20833333333333334,,180510.0,8453283300.0
29-2043,0.15384615384615385,,100610.0,6374649600.0
29-2051,0.5384615384615384,-0.1260282,31560.0,1282282800.0
29-2052,0.40476190476190477,0.0070256,471680.0,21989721600.0
29-2053,0.125,-0.2203484,156960.0,7315905600.0
29-2055,0.09375,-0.4830476,117460.0,8070676600.0
29-2056,0.16129032258064516,-0.3623179,129140.0,6343356800.0
29-2057,0.325,0.078734,71010.0,3341730600.0
29-2061,0.2391304347826087,-0.5137373,648410.0,43475890500.0
29-2072,0.6176470588235294,,194720.0,11058148800.0
29-2081,0.2857142857142857,0.1013966,73530.0,3806648100.0
29-2091,0.3,0.066577,9390.0,786318600.0
29-2092,0.22727272727272727,0.5648953,11270.0,747989900.0
29-2099,0.39166666666666666,-0.283854,182610.0,10721033100.0
29-9021,0.65625,,38100.0,2856357000.0
29-9091,0.30434782608695654,-0.3311363,30500.0,2031910000.0
29-9092,0.5,1.527667,3740.0,391278800.0
29-9093,0.03571428571428571,,22270.0,1619251700.0
29-9099,0.3888888888888889,0.2295568,35010.0,2685967200.0
31-1121,0.06666666666666667,,,
31-1122,0.22727272727272727,,,
31-1131,0.10606060606060606,,1448910.0,61868457000.0
31-1132,0.0,,52440.0,2132210400.0
31-1133,0.17647058823529413,,35520.0,1622908800.0
31-2011,0.2727272727272727,-0.3153762,51290.0,3626715900.0
31-2012,0.23333333333333334,-0.7734322,4310.0,190114100.0
31-2021,0.14285714285714285,-0.5308535,112430.0,7727313900.0
31-2022,0.15789473684210525,-0.8823265,48150.0,1754104500.0
31-9011,0.07142857142857142,-1.410233,98790.0,6305765700.0
31-9091,0.25,-0.5268759,387790.0,19467058000.0
31-9092,0.375,0.1497917,817870.0,37720164400.0
31-9093,0.09375,-0.7308648,77420.0,3910484200.0
31-9094,0.8666666666666667,1.06259,41550.0,1733050500.0
31-9095,0.4411764705882353,-0.1552654,39530.0,1598988500.0
31-9096,0.21428571428571427,-0.7735824,126580.0,5106237200.0
31-9097,0.16666666666666666,-0.2778475,143540.0,6533940800.0
31-9099,0.32608695652173914,0.1660077,109740.0,5575889400.0
33-1011,0.2826086956521739,-0.5584278,53380.0,4504204400.0
33-1012,0.325,-0.1923298,154610.0,17345695900.0
33-1021,0.43333333333333335,-0.593021,99140.0,9609640200.0
33-1091,0.40476190476190477,,81480.0,4880652000.0
33-2011,0.13333333333333333,-1.320232,345990.0,22015343700.0
33-2021,0.2833333333333333,0.062793,13800.0,1085646000.0
33-2022,0.21875,-0.2144127,2780.0,185259200.0
33-3011,0.06666666666666667,-0.5103183,17310.0,1067334600.0
33-3012,0.25,-0.8875365,380500.0,24211215000.0
33-3021,0.38461538461538464,0.2257696,114430.0,11377774900.0
33-3031,0.2708333333333333,-0.4585168,5770.0,432461500.0
33-3041,0.30434782608695654,-0.6239931,9050.0,463269500.0
33-3051,0.3048780487804878,-0.6681123,670520.0,53105184000.0
33-3052,0.25,-0.8205515,4390.0,403045900.0
33-9011,0.34375,-0.5946321,12070.0,584670800.0
33-9021,0.35294117647058826,0.7483108,35580.0,2140137000.0
33-9031,0.4375,0.7283933,9520.0,434397600.0
33-9032,0.14285714285714285,-0.3908421,1283470.0,54508970900.0
33-9091,0.125,-0.5699511,94360.0,4090506000.0
33-9092,0.06666666666666667,-0.4718385,157550.0,5430748500.0
33-9093,0.2692307692307692,-0.5068558,50290.0,3234149900.0
33-9094,0.16666666666666666,,78420.0,2756463000.0
33-9099,0.38095238095238093,0.0764088,81500.0,3917705000.0
35-1011,0.2619047619047619,-0.2676433,200040.0,13342668000.0
35-1012,0.5,-0.2575492,1223240.0,56489223200.0
35-2011,0.0,-0.7131837,641070.0,20764257300.0
35-2012,0.17647058823529413,-0.6360813,441050.0,17117150500.0
35-2013,0.23076923076923078,-0.7867444,1100.0,59048000.0
35-2014,0.125,-0.7418264,1409890.0,54605039700.0
35-2015,0.0,-0.5933817,138650.0,5008038000.0
35-2021,0.04838709677419355,-1.226416,893600.0,31535144000.0
35-3011,0.2,-0.6159883,756390.0,30853148100.0
35-3023,0.10638297872340426,,3854050.0,123907707500.0
35-3031,0.18,-0.9481003,2270910.0,90972654600.0
35-3041,0.14285714285714285,-0.7270206,293900.0,10621546000.0
35-9011,0.0,-1.927078,542750.0,18578332500.0
35-9021,0.0,-1.738612,477450.0,16381309500.0
35-9031,0.25,-0.0565477,432690.0,14144636100.0
37-1011,0.2692307692307692,-0.5854128,178760.0,9531483200.0
37-1012,0.35714285714285715,-0.5548871,130760.0,7971129600.0
37-2011,0.0,-1.436201,2209760.0,85650297600.0
37-2012,0.0,-1.480657,860670.0,31913643600.0
37-2021,0.2,-0.7255374,102620.0,4761568000.0
37-3011,0.037037037037037035,-1.824293,952640.0,40287145600.0
37-3012,0.05,-0.8847935,27050.0,1273243500.0
37-3013,0.057692307692307696,-1.727035,55160.0,3087305200.0
39-1013,0.45,,26010.0,1686228300.0
39-1014,0.3684210526315789,,103190.0,5525824500.0
39-1022,0.4411764705882353,,114110.0,5974799600.0
39-2011,0.07894736842105263,-0.9167759,18770.0,882565400.0
39-2021,0.22727272727272727,-0.8890408,266910.0,9955743000.0
39-3011,0.14285714285714285,0.0605832,83910.0,3570370500.0
39-3012,0.25,0.4652752,8950.0,326227500.0
39-3021,0.20454545454545456,-0.3786598,1480.0,76190400.0
39-3031,0.15217391304347827,-0.2420959,121770.0,4028151600.0
39-3091,0.18421052631578946,-0.5246153,397830.0,12985171200.0
39-3092,0.23809523809523808,-0.4533608,6510.0,412994400.0
39-3093,0.043478260869565216,-0.3454376,15560.0,598437600.0
39-4011,0.038461538461538464,-0.7311451,3890.0,227137100.0
39-4012,0.041666666666666664,,2970.0,135639900.0
39-4021,0.23076923076923078,-0.5445412,31090.0,1156237100.0
39-4031,0.1590909090909091,-0.1903759,25100.0,1459816000.0
39-5011,0.175,-0.7294621,15000.0,706050000.0
39-5012,0.06521739130434782,-0.6824517,305710.0,13439011600.0
39-5091,0.3333333333333333,-0.4596138,2340.0,239241600.0
39-5092,0.08333333333333333,0.0335124,152770.0,5892338900.0
39-5093,0.25,-0.905371,8070.0,258078600.0
39-5094,0.19444444444444445,-0.2628396,72890.0,3779346500.0
39-6011,0.20588235294117646,-1.272015,28510.0,1099630700.0
39-6012,0.4375,0.855832,49240.0,2093192400.0
39-7011,0.23684210526315788,0.357096,,
39-7012,0.35294117647058826,0.6083829,,
39-9011,0.14772727272727273,-0.3834794,518910.0,18177417300.0
39-9031,0.022727272727272728,-2.111948,322930.0,16927990600.0
39-9032,0.25,-0.2441154,331490.0,12768994800.0
39-9041,0.23333333333333334,0.4746119,84760.0,3728592400.0
41-1011,0.5,0.0191826,1121800.0,59881684000.0
41-1012,0.5277777777777778,1.316195,214390.0,21303934300.0
41-2011,0.2413793103448276,-0.2480887,3089410.0,102506623800.0
41-2012,0.23333333333333334,-0.0500926,21530.0,841823000.0
41-2021,0.53125,0.0784367,400810.0,18317017000.0
41-2022,0.3157894736842105,-0.1184909,270070.0,11837168100.0
41-2031,0.375,0.0873069,3897860.0,145429156600.0
41-3011,0.55,1.162588,91700.0,7397439000.0
41-3021,0.5789473684210527,1.341258,479100.0,39037068000.0
41-3031,0.6,1.256298,489570.0,53436565500.0
41-3041,0.5625,1.133598,55110.0,3012312600.0
41-3091,0.6333333333333333,,1256010.0,103532904300.0
41-4011,0.5102040816326531,0.8911985,284800.0,34099104000.0
41-4012,0.6052631578947368,0.8224681,1238190.0,102187820700.0
41-9011,0.16666666666666666,0.1235652,64520.0,2940821600.0
41-9012,0.25,-1.122021,3780.0,275184000.0
41-9021,0.5,1.149681,46100.0,3870095000.0
41-9022,0.4393939393939394,0.8649445,193370.0,13441148700.0
41-9031,0.52,1.145416,51790.0,6739950600.0
41-9041,0.7916666666666666,1.118129,58430.0,2183529100.0
41-9091,0.25,1.107101,2760.0,121026000.0
43-1011,0.4827586206896552,1.038688,1436680.0,105581613200.0
43-2011,0.631578947368421,0.9832644,34280.0,1450044000.0
43-2021,0.90625,1.019712,3430.0,154247100.0
43-3011,0.7,1.271991,158830.0,7792199800.0
43-3021,0.7833333333333333,1.333455,404060.0,20635344200.0
43-3031,0.7833333333333333,1.039749,1373680.0,73574300800.0
43-3041,0.4411764705882353,0.4026518,14430.0,570129300.0
43-3051,0.8409090909090909,1.257632,153140.0,9131738200.0
43-3061,0.6052631578947368,1.487838,55810.0,2922769700.0
43-3071,0.5862068965517241,0.4727723,329480.0,13953478000.0
43-4011,0.7,1.144877,35940.0,2618229000.0
43-4021,0.9523809523809523,1.149758,4290.0,206306100.0
43-4031,0.6833333333333333,1.166267,179750.0,9404520000.0
43-4041,0.65625,1.440296,12030.0,618582600.0
43-4051,0.5666666666666667,0.9562519,2595750.0,120935992500.0
43-4061,0.6764705882352942,1.226286,154800.0,8682732000.0
43-4071,0.7631578947368421,0.2839743,73440.0,3348129600.0
43-4081,0.5,0.6063127,261420.0,9293481000.0
43-4111,0.6470588235294118,1.297031,148060.0,6994354400.0
43-4121,0.5303030303030303,0.2038919,85520.0,3366922400.0
43-4131,0.5833333333333334,1.364395,164790.0,8654770800.0
43-4141,0.5666666666666667,1.174998,36860.0,1819778200.0
43-4151,0.7105263157894737,0.8388861,75200.0,3626144000.0
43-4161,0.6052631578947368,1.353098,90220.0,4713995000.0
43-4171,0.5263157894736842,1.013186,910180.0,35915702800.0
43-4181,0.4523809523809524,0.227312,118710.0,5891577300.0
43-5011,0.5,1.405415,97670.0,5589654100.0
43-5021,0.29411764705882354,-0.9591126,68640.0,2812180800.0
43-5031,0.6388888888888888,0.9074452,102500.0,5815850000.0
43-5032,0.6538461538461539,1.234523,202810.0,11101819400.0
43-5041,0.4230769230769231,-0.9723772,19430.0,1076033400.0
43-5051,0.3333333333333333,-0.5186997,73720.0,4560319200.0
43-5052,0.25,-1.064715,328820.0,20564402800.0
43-5053,0.11764705882352941,-1.185001,105200.0,6252036000.0
43-5061,0.6176470588235294,0.6999103,390160.0,24248444000.0
43-5071,0.5,-0.7463213,816870.0,38237684700.0
43-5111,0.3409090909090909,-0.1860789,53300.0,2538679000.0
43-6011,0.6363636363636364,1.079643,459910.0,36397277400.0
43-6012,0.6785714285714286,1.014541,156280.0,9473693600.0
43-6013,0.6875,1.217982,961610.0,45003348000.0
43-6014,0.625,1.099056,1706790.0,84230086500.0
43-9021,0.8333333333333334,0.3108081,127080.0,5503834800.0
43-9022,0.75,0.6219606,35010.0,1789711200.0
43-9031,0.6388888888888888,0.3437743,3350.0,207599500.0
43-9041,0.8333333333333334,1.240201,214260.0,11338639200.0
43-9051,0.2413793103448276,-0.8184676,55230.0,2300329500.0
43-9061,0.5714285714285714,0.9888986,2464940.0,114422514800.0
43-9071,0.3888888888888889,-0.5171404,25130.0,1086118600.0
43-9081,0.9545454545454546,1.288375,4580.0,250984000.0
43-9111,0.8214285714285714,1.389965,4710.0,262111500.0
45-1011,0.2833333333333333,-0.4791843,27960.0,1753930800.0
45-2011,0.29545454545454547,0.1704867,14410.0,791253100.0
45-2021,0.14583333333333334,-1.044292,1330.0,75823300.0
45-2041,0.16666666666666666,-1.370968,25180.0,917307400.0
45-2091,0.0,-1.145156,28500.0,1245735000.0
45-2092,0.15,-1.601349,265500.0,9990765000.0
45-2093,0.06818181818181818,-1.108432,32810.0,1288120600.0
45-3031,0.05,,,
45-4011,0.047619047619047616,-1.064205,6050.0,264264000.0
45-4021,0.02631578947368421,-1.795407,3130.0,178754300.0
45-4022,0.2222222222222222,-1.003702,21060.0,1120181400.0
45-4023,0.15384615384615385,-0.4768305,3070.0,146653900.0
47-1011,0.4166666666666667,-0.3054048,812210.0,70215554500.0
47-2011,0.029411764705882353,-1.097532,10190.0,816117100.0
47-2021,0.03571428571428571,-1.75434,52550.0,3588114000.0
47-2022,0.0,-1.714759,7820.0,474752200.0
47-2031,0.13793103448275862,-1.323631,670090.0,43978006700.0
47-2041,0.0625,-1.564577,13780.0,785322200.0
47-2042,0.0,-1.301024,23640.0,1460006400.0
47-2043,0.07142857142857142,-1.748722,3720.0,195151200.0
47-2044,0.1,-1.22543,35850.0,2124112500.0
47-2051,0.0,-1.777407,206170.0,12380508500.0
47-2053,0.0,-1.776065,1180.0,100205600.0
47-2061,0.03125,-1.622988,1096780.0,57065463400.0
47-2071,0.0,-1.184739,41820.0,2467380000.0
47-2072,0.0,-1.220009,2310.0,186440100.0
47-2073,0.05357142857142857,-0.8815078,478090.0,31692586100.0
47-2081,0.038461538461538464,-1.647971,83080.0,5283888000.0
47-2082,0.0,-1.540774,12840.0,933596400.0
47-2111,0.14285714285714285,-0.7796905,757220.0,54133657800.0
47-2121,0.09259259259259259,-1.388901,58480.0,3492425600.0
47-2131,0.05,-1.618772,44440.0,2432645600.0
47-2132,0.038461538461538464,-1.268615,25660.0,1681499800.0
47-2141,0.05263157894736842,-1.58799,225190.0,12480029800.0
47-2142,0.025,-1.72753,1570.0,84356100.0
47-2151,0.03571428571428571,-1.225611,33050.0,1807835000.0
47-2152,0.0784313725490196,-1.121219,465840.0,33619672800.0
47-2161,0.06666666666666667,-1.755588,19310.0,1198185500.0
47-2171,0.07142857142857142,-1.970997,13800.0,911628000.0
47-2181,0.03571428571428571,-1.752941,135490.0,7877388600.0
47-2211,0.0625,-1.174972,119770.0,8126394500.0
47-2221,0.025,-1.780065,68380.0,4805746400.0
47-2231,0.11538461538461539,-0.9441692,31350.0,1815165000.0
47-3011,0.0,-1.94229,14170.0,721536400.0
47-3012,0.0,-1.425282,21680.0,955004000.0
47-3013,0.041666666666666664,-1.506896,63630.0,2804810400.0
47-3014,0.0,-2.04484,7490.0,317875600.0
47-3015,0.0,-1.678876,44330.0,1938550900.0
47-3016,0.0,-1.89822,6030.0,272254500.0
47-4011,0.35,0.2860245,146720.0,11404545600.0
47-4021,0.175,-0.8604742,23790.0,2612617800.0
47-4031,0.05,-1.902113,24480.0,1236974400.0
47-4041,0.09523809523809523,-0.6887439,51710.0,2917995300.0
47-4051,0.02631578947368421,-1.27909,154960.0,8225276800.0
47-4061,0.0,-1.39906,19580.0,1345929200.0
47-4071,0.06818181818181818,-1.210591,30650.0,1639775000.0
47-4091,0.041666666666666664,-0.9827304,,
47-4099,0.2,-0.8728439,,
47-5011,0.0,-1.415002,10590.0,637623900.0
47-5012,0.045454545454545456,-0.7737326,12600.0,908838000.0
47-5013,0.05263157894736842,-0.971916,43140.0,2694955800.0
47-5022,0.0,,34480.0,2066386400.0
47-5023,0.13333333333333333,,19450.0,1222043500.0
47-5032,0.15,,5100.0,339864000.0
47-5041,0.0,-1.165492,14000.0,910700000.0
47-5043,0.0,,2160.0,168696000.0
47-5044,0.03571428571428571,,5930.0,422453200.0
47-5051,0.05555555555555555,-1.763494,3320.0,170980000.0
47-5071,0.0,-1.518977,44970.0,2212524000.0
47-5081,0.0,-1.543154,6700.0,339154000.0
49-1011,0.4318181818181818,-0.0205169,617500.0,52623350000.0
49-2011,0.36,-0.3458247,65600.0,3337728000.0
49-2021,0.08333333333333333,-0.6335382,11140.0,778351800.0
49-2022,0.3,-0.853048,140920.0,9653020000.0
49-2091,0.2692307692307692,-0.1728535,18830.0,1570045400.0
49-2092,0.08974358974358974,-0.8106341,14450.0,846914500.0
49-2093,0.26666666666666666,-0.8303875,6940.0,578102000.0
49-2094,0.325,-0.4632031,65010.0,4912805700.0
49-2095,0.28125,-0.5522636,20720.0,2087747200.0
49-2096,0.16666666666666666,-0.7915968,8550.0,440838000.0
49-2097,0.22727272727272727,-0.571284,19780.0,1145855400.0
49-2098,0.21875,-0.6926484,86340.0,5263286400.0
49-3011,0.13157894736842105,-0.6551197,138090.0,11701746600.0
49-3021,0.04,-1.180589,149310.0,8912313900.0
49-3022,0.0,-1.202285,20310.0,1024233300.0
49-3023,0.08333333333333333,-0.9547055,704640.0,39755788800.0
49-3031,0.0,-1.010472,289960.0,18650227200.0
49-3041,0.14285714285714285,-1.20703,37870.0,2169572300.0
49-3042,0.1,-1.169815,176600.0,12227784000.0
49-3043,0.075,-1.448102,21350.0,1509018000.0
49-3051,0.07692307692307693,-0.8863602,23220.0,1348385400.0
49-3052,0.0,-0.763721,13510.0,707518700.0
49-3053,0.17857142857142858,-0.8941408,36060.0,1802639400.0
49-3091,0.09375,-0.9226068,12170.0,520024100.0
49-3092,0.058823529411764705,-0.9244052,17430.0,983749200.0
49-3093,0.0,-1.550724,108410.0,4354829700.0
49-9011,0.12,-1.383152,27120.0,1560484800.0
49-9012,0.11538461538461539,-0.7606913,48240.0,3676370400.0
49-9021,0.1,-0.8491117,409670.0,26538422600.0
49-9031,0.12903225806451613,-0.9703799,32150.0,1801686000.0
49-9041,0.28125,-1.133177,439640.0,30097754400.0
49-9043,0.1388888888888889,-0.9735492,60020.0,3877892200.0
49-9044,0.021739130434782608,-1.266085,40330.0,2814227400.0
49-9045,0.0,-1.237463,1080.0,68871600.0
49-9051,0.0,-1.081398,131070.0,12054507900.0
49-9052,0.05,-1.083883,97720.0,7225416800.0
49-9061,0.26666666666666666,0.0546422,1650.0,92466000.0
49-9062,0.2894736842105263,-0.2768838,65990.0,4350720700.0
49-9063,0.013513513513513514,-0.5306271,5380.0,268784800.0
49-9064,0.2,-0.2123996,1310.0,92800400.0
49-9071,0.11666666666666667,-1.014408,1529700.0,82267266000.0
49-9081,0.038461538461538464,-0.9709935,9980.0,688420400.0
49-9091,0.3157894736842105,-0.7233995,26410.0,1314425700.0
49-9092,0.06,-1.102728,3450.0,304704000.0
49-9094,0.07142857142857142,-0.8657498,15040.0,834268800.0
49-9095,0.07142857142857142,-1.414062,3020.0,137138200.0
49-9096,0.0,-1.221519,22530.0,1505229300.0
49-9097,0.07142857142857142,-0.858221,8720.0,788375200.0
49-9098,0.03125,-1.346555,95580.0,3965614200.0
49-9099,0.16666666666666666,-0.5900791,176300.0,9493755000.0
51-1011,0.4,-0.0845282,673430.0,51584738000.0
51-2011,0.016666666666666666,-0.8684706,34020.0,2429708400.0
51-2021,0.18181818181818182,-0.8289722,12840.0,648034800.0
51-2022,0.11764705882352941,-0.6248807,,
51-2023,0.03571428571428571,-0.4977276,,
51-2031,0.08333333333333333,-0.9561453,34000.0,1964860000.0
51-2041,0.021739130434782608,-1.076307,52360.0,2829010800.0
51-2051,0.03125,,16170.0,801223500.0
51-2061,0.08823529411764706,,250.0,14180000.0
51-2092,0.22727272727272727,-0.8305441,,
51-3011,0.2777777777777778,-0.3852989,236200.0,9088976000.0
51-3021,0.16666666666666666,-0.9709924,136430.0,5781903400.0
51-3022,0.0,-1.10563,145700.0,5723096000.0
51-3023,0.0,-1.834668,69950.0,2921811500.0
51-3091,0.05,-0.758859,20370.0,935594100.0
51-3092,0.1,-0.3791114,174520.0,7635250000.0
51-3093,0.11764705882352941,-0.5559894,31250.0,1330312500.0
51-4021,0.03125,-1.234352,60840.0,3010363200.0
51-4022,0.038461538461538464,-0.8046677,8930.0,461502400.0
51-4023,0.15789473684210525,-1.08921,25250.0,1343805000.0
51-4031,0.015625,-1.036569,171200.0,8291216000.0
51-4032,0.029411764705882353,-0.7598132,4680.0,242470800.0
51-4033,0.08333333333333333,-0.9901662,67000.0,3227390000.0
51-4034,0.15625,-1.06734,16710.0,877107900.0
51-4035,0.23333333333333334,-0.8703219,12460.0,706980400.0
51-4041,0.20689655172413793,-0.8675535,287050.0,17027806000.0
51-4051,0.1,-1.167465,16780.0,931122200.0
51-4052,0.0,-1.00914,4560.0,247562400.0
51-4061,0.15625,-0.7421977,2610.0,178967700.0
51-4062,0.2,-0.6131331,1470.0,89096700.0
51-4071,0.0,-1.740349,12790.0,637709400.0
51-4072,0.07575757575757576,-1.146139,150470.0,6915601200.0
51-4081,0.11904761904761904,-0.74266,124590.0,6233237700.0
51-4111,0.20588235294117646,-0.5317897,56930.0,3806339800.0
51-4121,0.08333333333333333,-1.197596,416210.0,23624079600.0
51-4122,0.08620689655172414,-1.002411,31600.0,1586952000.0
51-4191,0.15384615384615385,-1.092486,14000.0,706300000.0
51-4192,0.14285714285714285,-0.7221353,5970.0,397124400.0
51-4193,0.07894736842105263,-0.8999876,32410.0,1461691000.0
51-4194,0.027777777777777776,-0.8809238,5600.0,298144000.0
51-5111,0.44,0.4107973,23840.0,1211072000.0
51-5112,0.32608695652173914,-0.7093881,144260.0,6832153600.0
51-5113,0.07692307692307693,-0.9062089,33180.0,1475182800.0
51-6011,0.0625,-1.054399,198040.0,6915556800.0
51-6021,0.017857142857142856,-1.950063,26120.0,904796800.0
51-6031,0.07692307692307693,-0.9639661,104880.0,3943488000.0
51-6041,0.07407407407407407,-0.990912,7450.0,291742000.0
51-6042,0.05263157894736842,-1.029855,3280.0,118998400.0
51-6051,0.038461538461538464,-0.5987218,2190.0,81489900.0
51-6052,0.09090909090909091,-0.4305268,13920.0,628348800.0
51-6061,0.14583333333333334,-0.8609312,5310.0,214417800.0
51-6062,0.16666666666666666,-1.022949,9000.0,355770000.0
51-6063,0.175,-1.241662,13030.0,530581600.0
51-6064,0.08333333333333333,-1.392929,22020.0,883442400.0
51-6091,0.047619047619047616,-0.8596925,12850.0,624253000.0
51-6092,0.46875,-0.0831096,2950.0,210689000.0
51-6093,0.22727272727272727,-1.313735,20140.0,953427600.0
51-7011,0.175,-1.327489,77170.0,3726539300.0
51-7021,0.045454545454545456,-1.197727,14480.0,655944000.0
51-7031,0.14285714285714285,-0.7278869,280.0,17827600.0
51-7032,0.25,-1.057897,220.0,11932800.0
51-7041,0.0625,-1.165031,40850.0,1780243000.0
51-7042,0.07692307692307693,-1.130357,61420.0,2676069400.0
51-8011,0.3,0.7705302,5150.0,625107000.0
51-8012,0.3333333333333333,0.5012214,8520.0,948446400.0
51-8013,0.16666666666666666,-0.3482779,29320.0,2925842800.0
51-8021,0.14,-0.5032496,28250.0,2371870000.0
51-8031,0.125,-0.44501,128490.0,8035764600.0
51-8091,0.15789473684210525,-0.3831282,16610.0,1328301700.0
51-8092,0.07894736842105263,-0.2982082,18030.0,1599441300.0
51-8093,0.22916666666666666,-0.370036,33160.0,3005290800.0
51-8099,0.10526315789473684,-0.6702387,14080.0,925056000.0
51-9011,0.15217391304347827,-0.511521,139630.0,8476937300.0
51-9012,0.11904761904761904,-0.9379141,60100.0,3367403000.0
51-9021,0.09090909090909091,-1.043476,26000.0,1335880000.0
51-9022,0.05,-1.146524,10510.0,473160200.0
51-9023,0.10526315789473684,-0.819664,94920.0,4944382800.0
51-9031,0.0,-0.9479839,6060.0,248763000.0
51-9032,0.05357142857142857,-1.079282,44980.0,2134750800.0
51-9041,0.07142857142857142,-1.042151,58770.0,2777470200.0
51-9051,0.1111111111111111,-0.9582346,14280.0,727423200.0
51-9061,0.40625,-0.0293395,597370.0,31929426500.0
51-9071,0.17307692307692307,-0.1560197,22440.0,1300622400.0
51-9081,0.029411764705882353,0.0013206,34410.0,1868118900.0
51-9082,0.13333333333333333,-0.4949538,11280.0,594794400.0
51-9083,0.08333333333333333,-0.5966759,18660.0,805925400.0
51-9111,0.0,-0.978608,379060.0,16902285400.0
51-9123,0.0,-0.9705587,7940.0,358967400.0
51-9124,0.05,,158740.0,8352898800.0
51-9141,0.20833333333333334,-0.6372312,31460.0,1893262800.0
51-9151,0.390625,-0.3615806,4800.0,221040000.0
51-9161,0.25925925925925924,,169450.0,9204524000.0
51-9162,0.78125,,28500.0,2057985000.0
51-9191,0.058823529411764705,-1.311418,11500.0,538775000.0
51-9192,0.09090909090909091,-1.141885,14760.0,658296000.0
51-9193,0.05263157894736842,-0.9604952,6900.0,310086000.0
51-9194,0.11666666666666667,-0.6395226,7750.0,358980000.0
51-9195,0.05813953488372093,-1.183408,33190.0,1576525000.0
51-9196,0.0,-0.8740445,96130.0,5079509200.0
51-9197,0.021739130434782608,-1.610915,20770.0,1187213200.0
51-9198,0.10294117647058823,-1.411304,165700.0,6813584000.0
53-1041,0.3333333333333333,,9760.0,634497600.0
53-1042,0.3191489361702128,,,
53-1043,0.36363636363636365,,,
53-1044,0.2894736842105263,,,
53-2011,0.34615384615384615,-0.2070626,103560.0,29892594000.0
53-2012,0.23076923076923078,-0.1817332,47630.0,6957790400.0
53-2021,0.34782608695652173,1.152798,22510.0,3297489900.0
53-2022,0.42592592592592593,0.4845738,15190.0,966235900.0
53-2031,0.18,-0.7621183,131650.0,10194976000.0
53-3011,0.09090909090909091,-0.8298703,12630.0,457332300.0
53-3031,0.2916666666666667,-0.7293087,409180.0,16665901400.0
53-3032,0.24193548387096775,-1.149057,2062040.0,123124408400.0
53-3033,0.35714285714285715,-1.120501,983300.0,47955541000.0
53-3051,0.3235294117647059,,402930.0,19513899900.0
53-3052,0.23333333333333334,,159240.0,9598987200.0
53-3053,0.25,,248530.0,9911376400.0
53-3054,0.28125,,41050.0,2049626500.0
53-4011,0.26666666666666666,-0.4977403,33470.0,2875073000.0
53-4013,0.2,-0.8320907,3920.0,268324000.0
53-4022,0.17857142857142858,,12400.0,855972000.0
53-4031,0.2727272727272727,-0.4662731,46440.0,3673404000.0
53-4041,0.4166666666666667,-0.6155429,10200.0,787134000.0
53-5011,0.05357142857142857,-1.150001,31670.0,1799806100.0
53-5021,0.26666666666666666,-0.4281868,36850.0,3822082000.0
53-5022,0.0,-0.8871186,2480.0,139549600.0
53-5031,0.17647058823529413,-0.5264951,8400.0,939036000.0
53-6011,0.2222222222222222,-0.6322159,3040.0,168324800.0
53-6021,0.1111111111111111,-0.8353891,137880.0,4824421200.0
53-6031,0.2,-1.221489,102010.0,3751927800.0
53-6032,0.1388888888888889,,31300.0,1356229000.0
53-6041,0.4791666666666667,0.3995872,7860.0,487713000.0
53-6051,0.4298245614035088,-0.18376,24500.0,2169230000.0
53-6061,0.21428571428571427,-0.3752249,27110.0,1025300200.0
53-7011,0.08695652173913043,-0.7554432,22930.0,1033684400.0
53-7021,0.18181818181818182,-1.030619,42890.0,3093655700.0
53-7031,0.0,-1.016648,1040.0,58364800.0
53-7041,0.0,-0.9781997,2600.0,176046000.0
53-7051,0.045454545454545456,-1.39869,774420.0,37458695400.0
53-7061,0.07142857142857142,-1.629897,380430.0,14068301400.0
53-7062,0.05128205128205128,-1.709183,2950280.0,124678832800.0
53-7063,0.07692307692307693,-1.037413,42330.0,1848127800.0
53-7064,0.08333333333333333,-1.51362,559820.0,21015642800.0
53-7065,0.18333333333333332,,2833810.0,112048847400.0
53-7071,0.2692307692307692,-0.6909992,3510.0,261881100.0
53-7072,0.21428571428571427,-0.8422927,9780.0,625528800.0
53-7073,0.0,-1.091197,17990.0,1265956300.0
53-7081,0.21875,-1.283373,147240.0,7777216800.0
53-7121,0.05263157894736842,-1.38776,10700.0,641679000.0
11-2031,,1.293689,,
11-3011,,0.7398278,,
11-9039,,0.3541265,55130.0,5617747000.0
11-9061,,0.3719018,,
13-2021,,0.8413203,,
15-1111,,1.154269,,
15-1121,,1.19815,,
15-1122,,1.250146,,
15-1131,,1.271506,,
15-1132,,1.200923,,
15-1133,,1.283308,,
15-1134,,1.089463,,
15-1141,,1.284863,,
15-1142,,0.7895315,,
15-1143,,0.5803306,,
15-1151,,0.299343,,
15-1152,,0.7860606,,
15-1199,,1.232705,,
15-2091,,0.7559803,,
19-1020,,0.752081,,
19-3031,,1.456361,,
19-4011,,0.095719,,
19-4041,,0.0832659,,
19-4091,,0.0169452,,
19-4093,,-0.6672396,,
23-2091,,0.835246,,
25-1191,,1.111356,,
25-2052,,0.7357486,260870.0,18952205500.0
25-2053,,1.296072,,
25-2054,,0.9587653,,
25-3099,,1.32533,113790.0,8406805200.0
25-4021,,1.037039,,
25-9011,,0.4508702,,
25-9041,,0.4516636,,
27-3012,,0.6650665,,
27-3021,,1.163517,,
27-3022,,1.186679,,
27-4013,,0.926126,,
29-1061,,0.2349698,,
29-1062,,1.031925,,
29-1063,,1.046167,,
29-1064,,0.2803215,,
29-1065,,1.126144,,
29-1066,,1.280753,,
29-1067,,-0.0504534,,
29-1069,,0.7086123,,
29-1199,,0.7109566,,
29-2021,,-0.416508,,
29-2041,,-0.6863446,,
29-2054,,-0.1060473,,
29-2071,,0.5738765,,
29-9011,,0.8349371,,
29-9012,,0.3996866,,
31-1011,,-0.644942,,
31-1013,,-0.496565,,
31-1014,,-0.9040212,,
31-1015,,-1.679232,,
35-3021,,-0.5305266,,
35-3022,,-0.4850956,,
39-1011,,1.128203,,
39-1012,,-0.1370162,,
39-1021,,0.4303075,,
39-9021,,-0.5737774,,
41-3099,,1.302674,,
43-5081,,-0.7892948,,
43-9011,,0.7040519,,
45-3011,,-1.513249,,
45-3021,,-1.304797,,
47-5021,,-0.7018391,,
47-5031,,-0.773027,,
47-5042,,-1.200425,,
47-5061,,-1.618518,,
49-9093,,-1.372839,,
51-2091,,-1.216496,,
51-2093,,-0.2552991,,
51-4011,,-0.6737444,,
51-4012,,-0.0241824,,
51-9121,,-1.121331,,
51-9122,,-1.447553,,
51-9199,,-1.290964,251700.0,11170446000.0
53-1011,,-0.7091902,,
53-1021,,0.1160332,,
53-1031,,0.1466245,,
53-3021,,-0.605453,,
53-3022,,-0.2977046,,
53-3041,,-0.6322603,,
53-4012,,-0.771071,,
53-4021,,-1.217647,,
53-7032,,-1.144356,,
53-7033,,-1.262688,,
53-7111,,-1.351998,,
