year,state,award_level,awards_unexposed,awards_exposed,share_exposed
2023,AK,2,1155.0,120.0,0.09411764705882353
2023,AK,3,405.0,214.0,0.345718901453958
2023,AK,4,0.0,0.0,
2023,AK,5,956.0,483.0,0.33564975677553854
2023,AK,6,103.0,38.0,0.2695035460992908
2023,AK,7,335.0,147.0,0.3049792531120332
2023,AK,8,18.0,0.0,0.0
2023,AK,17,20.0,12.0,0.375
2023,AK,18,4.0,0.0,0.0
2023,AK,20,4.0,0.0,0.0
2023,AK,21,348.0,122.0,0.25957446808510637
2023,AL,2,4448.0,403.0,0.08307565450422594
2023,AL,3,5592.0,1123.0,0.16723752792256144
2023,AL,4,12.0,0.0,0.0
2023,AL,5,19800.0,10899.0,0.3550278510700674
2023,AL,6,584.0,298.0,0.3378684807256236
2023,AL,7,9448.0,6039.0,0.3899399496351779
2023,AL,8,604.0,30.0,0.0473186119873817
2023,AL,17,579.0,307.0,0.34650112866817157
2023,AL,18,2075.0,0.0,0.0
2023,AL,19,10.0,0.0,0.0
2023,AL,20,35.0,0.0,0.0
2023,AL,21,6773.0,1484.0,0.1797262928424367
2023,AR,2,3476.0,516.0,0.12925851703406813
2023,AR,3,3566.0,942.0,0.20896184560780834
2023,AR,4,56.0,3.0,0.05084745762711865
2023,AR,5,10380.0,4686.0,0.311031461569096
2023,AR,6,707.0,176.0,0.19932049830124576
2023,AR,7,3879.0,2083.0,0.34937940288493796
2023,AR,8,558.0,2.0,0.0035714285714285713
2023,AR,17,166.0,149.0,0.473015873015873
2023,AR,18,954.0,0.0,0.0
2023,AR,20,2575.0,148.0,0.05435181784796181
2023,AR,21,4570.0,1843.0,0.28738499922033367
2023,AS,2,13.0,1.0,0.07142857142857142
2023,AS,3,67.0,46.0,0.40707964601769914
2023,AS,5,3.0,0.0,0.0
2023,AZ,2,12428.0,2531.0,0.169195801858413
2023,AZ,3,11141.0,6630.0,0.37307973664959765
2023,AZ,4,33.0,2.0,0.05714285714285714
2023,AZ,5,36829.0,26744.0,0.4206817359570887
2023,AZ,6,784.0,707.0,0.47417840375586856
2023,AZ,7,19842.0,15010.0,0.4306782967978882
2023,AZ,8,284.0,21.0,0.06885245901639345
2023,AZ,17,1684.0,772.0,0.31433224755700323
2023,AZ,18,2029.0,26.0,0.012652068126520682
2023,AZ,19,0.0,0.0,
2023,AZ,20,3028.0,555.0,0.1548981300586101
2023,AZ,21,13146.0,7849.0,0.37385091688497263
2023,CA,2,44097.0,5522.0,0.11128801467179911
2023,CA,3,104787.0,42161.0,0.28691101614176445
2023,CA,4,2827.0,137.0,0.04622132253711201
2023,CA,5,106676.0,102187.0,0.4892537213388681
2023,CA,6,1606.0,1540.0,0.48951048951048953
2023,CA,7,52611.0,35065.0,0.39993840959897803
2023,CA,8,1297.0,368.0,0.22102102102102103
2023,CA,17,5278.0,3762.0,0.4161504424778761
2023,CA,18,11858.0,56.0,0.004700352526439483
2023,CA,19,318.0,4.0,0.012422360248447204
2023,CA,20,4356.0,1076.0,0.19808541973490426
2023,CA,21,48117.0,15440.0,0.24293154176565918
2023,CO,2,6820.0,595.0,0.08024275118004046
2023,CO,3,4548.0,3424.0,0.4295032614149523
2023,CO,4,328.0,0.0,0.0
2023,CO,5,17343.0,17184.0,0.4976974541663046
2023,CO,6,544.0,612.0,0.5294117647058824
2023,CO,7,9062.0,7281.0,0.44551183993146914
2023,CO,8,49.0,0.0,0.0
2023,CO,17,689.0,521.0,0.4305785123966942
2023,CO,18,1646.0,118.0,0.06689342403628118
2023,CO,19,19.0,0.0,0.0
2023,CO,20,4600.0,474.0,0.09341742215214821
2023,CO,21,8385.0,2090.0,0.19952267303102625
2023,CT,2,3165.0,207.0,0.06138790035587188
2023,CT,3,3184.0,1001.0,0.23918757467144564
2023,CT,4,438.0,0.0,0.0
2023,CT,5,12744.0,8954.0,0.41266476172919164
2023,CT,6,717.0,370.0,0.3403863845446182
2023,CT,7,7029.0,6014.0,0.4610902399754658
2023,CT,8,489.0,15.0,0.02976190476190476
2023,CT,17,553.0,366.0,0.3982589771490751
2023,CT,18,1495.0,4.0,0.00266844563042028
2023,CT,19,11.0,0.0,0.0
2023,CT,20,306.0,16.0,0.049689440993788817
2023,CT,21,2011.0,361.0,0.15219224283305227
2023,DC,2,104.0,62.0,0.37349397590361444
2023,DC,3,588.0,225.0,0.2767527675276753
2023,DC,4,18.0,0.0,0.0
2023,DC,5,5232.0,4674.0,0.4718352513628104
2023,DC,6,514.0,410.0,0.44372294372294374
2023,DC,7,5998.0,7232.0,0.546636432350718
2023,DC,8,86.0,8.0,0.0851063829787234
2023,DC,17,408.0,254.0,0.38368580060422963
2023,DC,18,2681.0,0.0,0.0
2023,DC,19,14.0,4.0,0.2222222222222222
2023,DC,20,0.0,0.0,
2023,DC,21,244.0,189.0,0.43648960739030024
2023,DE,2,441.0,12.0,0.026490066225165563
2023,DE,3,1063.0,310.0,0.22578295702840495
2023,DE,5,3428.0,2775.0,0.4473641786232468
2023,DE,6,4.0,2.0,0.3333333333333333
2023,DE,7,1551.0,1644.0,0.5145539906103287
2023,DE,8,0.0,0.0,
2023,DE,17,316.0,138.0,0.3039647577092511
2023,DE,18,57.0,0.0,0.0
2023,DE,20,139.0,0.0,0.0
2023,DE,21,469.0,30.0,0.06012024048096192
2023,FL,2,21013.0,5675.0,0.2126423860911271
2023,FL,3,21145.0,10778.0,0.33762490993954203
2023,FL,4,1761.0,49.0,0.02707182320441989
2023,FL,5,64531.0,34733.0,0.34990530303030304
2023,FL,6,1676.0,738.0,0.30571665285832644
2023,FL,7,22935.0,16319.0,0.4157283334182504
2023,FL,8,607.0,193.0,0.24125
2023,FL,17,2159.0,1333.0,0.381729667812142
2023,FL,18,6341.0,27.0,0.004239949748743719
2023,FL,19,10.0,0.0,0.0
2023,FL,20,7413.0,688.0,0.08492778669300087
2023,FL,21,30557.0,16261.0,0.34732367892690846
2023,FM,2,44.0,20.0,0.3125
2023,FM,3,107.0,59.0,0.35542168674698793
2023,FM,4,34.0,0.0,0.0
2023,FM,5,17.0,0.0,0.0
2023,GA,2,8473.0,1762.0,0.17215437225207622
2023,GA,3,6458.0,4533.0,0.4124283504685652
2023,GA,4,786.0,332.0,0.29695885509839
2023,GA,5,30172.0,21954.0,0.4211717760810344
2023,GA,6,862.0,435.0,0.3353893600616808
2023,GA,7,12345.0,10754.0,0.4655612797090783
2023,GA,8,950.0,825.0,0.4647887323943662
2023,GA,17,1284.0,785.0,0.3794103431609473
2023,GA,18,2943.0,0.0,0.0
2023,GA,19,53.0,0.0,0.0
2023,GA,20,187.0,0.0,0.0
2023,GA,21,23157.0,9398.0,0.2886806942097988
2023,GU,2,51.0,9.0,0.15
2023,GU,3,106.0,110.0,0.5092592592592593
2023,GU,4,0.0,0.0,
2023,GU,5,303.0,142.0,0.31910112359550563
2023,GU,6,0.0,0.0,
2023,GU,7,142.0,13.0,0.08387096774193549
2023,GU,21,0.0,0.0,
2023,HI,2,610.0,284.0,0.31767337807606266
2023,HI,3,976.0,574.0,0.37032258064516127
2023,HI,4,87.0,0.0,0.0
2023,HI,5,3301.0,2144.0,0.39375573921028467
2023,HI,6,2.0,4.0,0.6666666666666666
2023,HI,7,819.0,639.0,0.4382716049382716
2023,HI,8,0.0,0.0,
2023,HI,17,105.0,64.0,0.378698224852071
2023,HI,18,264.0,0.0,0.0
2023,HI,20,17.0,0.0,0.0
2023,HI,21,337.0,127.0,0.27370689655172414
2023,IA,2,2767.0,561.0,0.16856971153846154
2023,IA,3,4297.0,1595.0,0.2707060420909708
2023,IA,4,384.0,0.0,0.0
2023,IA,5,13248.0,7443.0,0.35972161809482384
2023,IA,6,550.0,279.0,0.3365500603136309
2023,IA,7,3440.0,2428.0,0.41376959781867756
2023,IA,8,547.0,158.0,0.22411347517730495
2023,IA,17,565.0,323.0,0.36373873873873874
2023,IA,18,1889.0,0.0,0.0
2023,IA,19,28.0,5.0,0.15151515151515152
2023,IA,20,2446.0,2.0,0.0008169934640522876
2023,IA,21,3195.0,925.0,0.22451456310679613
2023,ID,2,1402.0,213.0,0.13188854489164087
2023,ID,3,2029.0,1265.0,0.3840315725561627
2023,ID,4,75.0,1.0,0.013157894736842105
2023,ID,5,7354.0,4713.0,0.39056932128946714
2023,ID,6,88.0,88.0,0.5
2023,ID,7,1526.0,876.0,0.3646960865945046
2023,ID,8,104.0,3.0,0.028037383177570093
2023,ID,17,76.0,88.0,0.5365853658536586
2023,ID,18,441.0,0.0,0.0
2023,ID,20,106.0,69.0,0.3942857142857143
2023,ID,21,1575.0,374.0,0.19189327860441252
2023,IL,2,8547.0,4954.0,0.36693578253462705
2023,IL,3,13975.0,3911.0,0.21866264117186626
2023,IL,4,567.0,0.0,0.0
2023,IL,5,38650.0,22499.0,0.36793733339874735
2023,IL,6,1028.0,1447.0,0.5846464646464646
2023,IL,7,25366.0,18935.0,0.42741698832983455
2023,IL,8,776.0,73.0,0.08598351001177856
2023,IL,17,1874.0,1321.0,0.4134585289514867
2023,IL,18,6079.0,6.0,0.0009860312243221035
2023,IL,19,175.0,0.0,0.0
2023,IL,20,10078.0,976.0,0.08829383028767866
2023,IL,21,13554.0,5420.0,0.2856540529145146
2023,IN,2,5832.0,3002.0,0.3398234095539959
2023,IN,3,7767.0,2809.0,0.26560136157337366
2023,IN,4,219.0,0.0,0.0
2023,IN,5,30132.0,16916.0,0.35954769597007313
2023,IN,6,1896.0,1063.0,0.3592429874957756
2023,IN,7,16054.0,9310.0,0.3670556694527677
2023,IN,8,776.0,58.0,0.06954436450839328
2023,IN,17,1299.0,792.0,0.3787661406025825
2023,IN,18,2324.0,104.0,0.042833607907743
2023,IN,19,6.0,61.0,0.9104477611940298
2023,IN,20,4174.0,301.0,0.06726256983240224
2023,IN,21,7500.0,6922.0,0.47996117043405906
2023,KS,2,4716.0,612.0,0.11486486486486487
2023,KS,3,3153.0,877.0,0.21761786600496277
2023,KS,4,0.0,0.0,
2023,KS,5,11532.0,5716.0,0.33140074211502785
2023,KS,6,399.0,347.0,0.4651474530831099
2023,KS,7,4199.0,3405.0,0.44779063650710155
2023,KS,8,243.0,47.0,0.16206896551724137
2023,KS,17,396.0,290.0,0.4227405247813411
2023,KS,18,1088.0,1.0,0.0009182736455463728
2023,KS,19,2.0,0.0,0.0
2023,KS,20,4244.0,92.0,0.021217712177121772
2023,KS,21,3364.0,671.0,0.16629491945477076
2023,KY,2,4283.0,841.0,0.1641295862607338
2023,KY,3,4580.0,1300.0,0.22108843537414966
2023,KY,4,65.0,0.0,0.0
2023,KY,5,16052.0,6482.0,0.2876542114138635
2023,KY,6,1272.0,296.0,0.18877551020408162
2023,KY,7,10808.0,3521.0,0.24572545188080117
2023,KY,8,194.0,20.0,0.09345794392523364
2023,KY,17,641.0,293.0,0.31370449678800855
2023,KY,18,2015.0,2.0,0.0009915716410510659
2023,KY,19,184.0,0.0,0.0
2023,KY,20,9967.0,1900.0,0.16010786213870398
2023,KY,21,10674.0,5903.0,0.35609579537913977
2023,LA,2,7241.0,803.0,0.09982595723520636
2023,LA,3,3891.0,718.0,0.1557821653287047
2023,LA,4,224.0,9.0,0.03862660944206009
2023,LA,5,13510.0,7129.0,0.3454140219971898
2023,LA,6,218.0,36.0,0.14173228346456693
2023,LA,7,5176.0,5159.0,0.49917755200774067
2023,LA,8,222.0,231.0,0.5099337748344371
2023,LA,17,562.0,340.0,0.376940133037694
2023,LA,18,1979.0,0.0,0.0
2023,LA,19,0.0,0.0,
2023,LA,20,2546.0,781.0,0.23474601743312293
2023,LA,21,7776.0,1164.0,0.13020134228187918
2023,MA,2,2435.0,190.0,0.07238095238095238
2023,MA,3,4744.0,1861.0,0.2817562452687358
2023,MA,4,247.0,11.0,0.04263565891472868
2023,MA,5,31448.0,24712.0,0.44002849002849004
2023,MA,6,1412.0,1393.0,0.4966131907308378
2023,MA,7,23168.0,22856.0,0.496610464105684
2023,MA,8,683.0,58.0,0.07827260458839407
2023,MA,17,1965.0,1523.0,0.43663990825688076
2023,MA,18,5139.0,13.0,0.0025232919254658385
2023,MA,19,295.0,1.0,0.0033783783783783786
2023,MA,20,522.0,12.0,0.02247191011235955
2023,MA,21,3446.0,1191.0,0.256847099417727
2023,MD,2,2708.0,386.0,0.12475759534583064
2023,MD,3,5194.0,2880.0,0.3567005201882586
2023,MD,4,203.0,518.0,0.7184466019417476
2023,MD,5,16849.0,16920.0,0.5010512600313898
2023,MD,6,1517.0,1067.0,0.41292569659442724
2023,MD,7,8910.0,12131.0,0.5765410389240055
2023,MD,8,211.0,22.0,0.0944206008583691
2023,MD,17,1068.0,621.0,0.36767317939609234
2023,MD,18,1514.0,45.0,0.028864656831302116
2023,MD,20,12.0,4.0,0.25
2023,MD,21,2533.0,1196.0,0.3207294180745508
2023,ME,2,572.0,47.0,0.07592891760904685
2023,ME,3,1191.0,569.0,0.32329545454545455
2023,ME,5,4311.0,2605.0,0.3766628108733372
2023,ME,6,192.0,121.0,0.3865814696485623
2023,ME,7,2006.0,562.0,0.21884735202492211
2023,ME,8,119.0,9.0,0.0703125
2023,ME,17,100.0,25.0,0.2
2023,ME,18,471.0,0.0,0.0
2023,ME,20,68.0,0.0,0.0
2023,ME,21,629.0,177.0,0.2196029776674938
2023,MH,2,43.0,28.0,0.39436619718309857
2023,MH,3,41.0,49.0,0.5444444444444444
2023,MH,5,32.0,0.0,0.0
2023,MI,2,6875.0,633.0,0.08431006925945658
2023,MI,3,8374.0,4033.0,0.325058434754574
2023,MI,4,511.0,0.0,0.0
2023,MI,5,30629.0,22223.0,0.42047604631802016
2023,MI,6,378.0,455.0,0.5462184873949579
2023,MI,7,10508.0,8810.0,0.4560513510715395
2023,MI,8,411.0,261.0,0.38839285714285715
2023,MI,17,1287.0,1011.0,0.43994778067885115
2023,MI,18,3670.0,0.0,0.0
2023,MI,19,6.0,0.0,0.0
2023,MI,20,784.0,416.0,0.3466666666666667
2023,MI,21,5335.0,1694.0,0.24100156494522693
2023,MN,2,3980.0,608.0,0.13251961639058413
2023,MN,3,6723.0,2362.0,0.2599889928453495
2023,MN,4,970.0,40.0,0.039603960396039604
2023,MN,5,25531.0,12307.0,0.3252550346212802
2023,MN,6,1582.0,738.0,0.31810344827586207
2023,MN,7,19418.0,6093.0,0.23883814824977462
2023,MN,8,442.0,34.0,0.07142857142857142
2023,MN,17,2459.0,984.0,0.28579726982282894
2023,MN,18,2232.0,16.0,0.0071174377224199285
2023,MN,19,55.0,0.0,0.0
2023,MN,20,1151.0,12.0,0.010318142734307825
2023,MN,21,4115.0,2128.0,0.34086176517699823
2023,MO,2,4225.0,550.0,0.11518324607329843
2023,MO,3,5402.0,1556.0,0.22362747916067835
2023,MO,4,129.0,0.0,0.0
2023,MO,5,21226.0,10993.0,0.34119618858437567
2023,MO,6,1370.0,1168.0,0.46020488573680063
2023,MO,7,10308.0,10332.0,0.5005813953488372
2023,MO,8,977.0,67.0,0.06417624521072797
2023,MO,17,1305.0,470.0,0.2647887323943662
2023,MO,18,3590.0,0.0,0.0
2023,MO,19,157.0,0.0,0.0
2023,MO,20,147.0,9.0,0.057692307692307696
2023,MO,21,3340.0,2594.0,0.43714189416919447
2023,MP,2,71.0,0.0,0.0
2023,MP,3,68.0,29.0,0.29896907216494845
2023,MP,5,33.0,41.0,0.5540540540540541
2023,MP,20,19.0,0.0,0.0
2023,MP,21,0.0,0.0,
2023,MS,2,5869.0,1456.0,0.19877133105802047
2023,MS,3,5554.0,1710.0,0.23540748898678415
2023,MS,4,17.0,0.0,0.0
2023,MS,5,9708.0,4749.0,0.32849138825482466
2023,MS,6,87.0,74.0,0.45962732919254656
2023,MS,7,3875.0,2208.0,0.3629787933585402
2023,MS,8,199.0,29.0,0.12719298245614036
2023,MS,17,680.0,181.0,0.21022067363530778
2023,MS,18,883.0,0.0,0.0
2023,MS,19,3.0,0.0,0.0
2023,MS,20,202.0,0.0,0.0
2023,MS,21,1828.0,72.0,0.037894736842105266
2023,MT,2,562.0,138.0,0.19714285714285715
2023,MT,3,951.0,240.0,0.20151133501259447
2023,MT,4,117.0,119.0,0.5042372881355932
2023,MT,5,3777.0,1441.0,0.27615944806439247
2023,MT,6,372.0,59.0,0.1368909512761021
2023,MT,7,957.0,458.0,0.3236749116607774
2023,MT,8,14.0,0.0,0.0
2023,MT,17,86.0,53.0,0.381294964028777
2023,MT,18,580.0,0.0,0.0
2023,MT,20,17.0,0.0,0.0
2023,MT,21,246.0,58.0,0.19078947368421054
2023,NC,2,5552.0,2715.0,0.32841417684770774
2023,NC,3,11404.0,4201.0,0.2692085869913489
2023,NC,4,164.0,0.0,0.0
2023,NC,5,34202.0,20999.0,0.38040977518523217
2023,NC,6,1162.0,959.0,0.4521452145214521
2023,NC,7,12080.0,9382.0,0.43714472090205947
2023,NC,8,218.0,9.0,0.039647577092511016
2023,NC,17,1427.0,949.0,0.39941077441077444
2023,NC,18,3105.0,18.0,0.005763688760806916
2023,NC,19,88.0,0.0,0.0
2023,NC,20,317.0,0.0,0.0
2023,NC,21,14482.0,8059.0,0.35752628543542875
2023,ND,2,461.0,30.0,0.06109979633401222
2023,ND,3,1127.0,269.0,0.19269340974212035
2023,ND,4,133.0,0.0,0.0
2023,ND,5,3774.0,1831.0,0.32667261373773415
2023,ND,6,89.0,46.0,0.34074074074074073
2023,ND,7,1263.0,600.0,0.322061191626409
2023,ND,8,2.0,0.0,0.0
2023,ND,17,147.0,45.0,0.234375
2023,ND,18,452.0,0.0,0.0
2023,ND,19,25.0,0.0,0.0
2023,ND,20,97.0,0.0,0.0
2023,ND,21,623.0,319.0,0.3386411889596603
2023,NE,2,965.0,283.0,0.2267628205128205
2023,NE,3,2321.0,929.0,0.28584615384615386
2023,NE,4,319.0,48.0,0.1307901907356948
2023,NE,5,8386.0,5210.0,0.38320094145336864
2023,NE,6,416.0,141.0,0.25314183123877915
2023,NE,7,2815.0,2335.0,0.4533980582524272
2023,NE,8,116.0,0.0,0.0
2023,NE,17,334.0,172.0,0.33992094861660077
2023,NE,18,1348.0,0.0,0.0
2023,NE,19,54.0,0.0,0.0
2023,NE,20,45.0,0.0,0.0
2023,NE,21,1732.0,696.0,0.28665568369028005
2023,NH,2,512.0,138.0,0.2123076923076923
2023,NH,3,1722.0,2275.0,0.5691768826619965
2023,NH,4,0.0,0.0,
2023,NH,5,12417.0,13736.0,0.5252169923144573
2023,NH,6,336.0,532.0,0.6129032258064516
2023,NH,7,5362.0,7326.0,0.5773959646910467
2023,NH,8,206.0,0.0,0.0
2023,NH,17,173.0,68.0,0.2821576763485477
2023,NH,18,394.0,4.0,0.010050251256281407
2023,NH,20,19.0,0.0,0.0
2023,NH,21,635.0,622.0,0.49482895783611774
2023,NJ,2,7333.0,493.0,0.06299514439049322
2023,NJ,3,7974.0,4163.0,0.3430007415341518
2023,NJ,4,1228.0,0.0,0.0
2023,NJ,5,23672.0,16850.0,0.4158235032821677
2023,NJ,6,450.0,597.0,0.5702005730659025
2023,NJ,7,9253.0,8972.0,0.49229080932784636
2023,NJ,8,391.0,418.0,0.5166872682323856
2023,NJ,17,1116.0,667.0,0.3740886146943354
2023,NJ,18,2032.0,20.0,0.009746588693957114
2023,NJ,19,0.0,0.0,
2023,NJ,20,329.0,8.0,0.02373887240356083
2023,NJ,21,3317.0,779.0,0.190185546875
2023,NM,2,2143.0,496.0,0.18794998105342933
2023,NM,3,3049.0,1146.0,0.2731823599523242
2023,NM,4,28.0,0.0,0.0
2023,NM,5,4967.0,1968.0,0.28377793799567413
2023,NM,6,224.0,36.0,0.13846153846153847
2023,NM,7,1984.0,1453.0,0.4227524003491417
2023,NM,8,88.0,3.0,0.03296703296703297
2023,NM,17,150.0,142.0,0.4863013698630137
2023,NM,18,446.0,0.0,0.0
2023,NM,20,713.0,35.0,0.04679144385026738
2023,NM,21,3286.0,378.0,0.10316593886462883
2023,NV,2,2841.0,415.0,0.12745700245700245
2023,NV,3,2854.0,1727.0,0.3769919231608819
2023,NV,4,159.0,0.0,0.0
2023,NV,5,7218.0,2836.0,0.28207678535906106
2023,NV,6,83.0,26.0,0.23853211009174313
2023,NV,7,1611.0,833.0,0.34083469721767595
2023,NV,8,40.0,0.0,0.0
2023,NV,17,291.0,151.0,0.3416289592760181
2023,NV,18,836.0,0.0,0.0
2023,NV,20,1918.0,329.0,0.14641744548286603
2023,NV,21,3984.0,300.0,0.0700280112044818
2023,NY,2,9563.0,1624.0,0.14516849915080005
2023,NY,3,21580.0,12935.0,0.3747645951035782
2023,NY,4,1223.0,65.0,0.05046583850931677
2023,NY,5,72711.0,54324.0,0.42763018065887354
2023,NY,6,1503.0,990.0,0.3971119133574007
2023,NY,7,45165.0,33403.0,0.4251476428062315
2023,NY,8,4777.0,640.0,0.11814657559534798
2023,NY,17,2893.0,2059.0,0.41579159935379645
2023,NY,18,10204.0,12.0,0.0011746280344557558
2023,NY,19,68.0,2.0,0.02857142857142857
2023,NY,20,1811.0,95.0,0.049842602308499476
2023,NY,21,6241.0,738.0,0.10574580885513683
2023,OH,2,9915.0,5554.0,0.3590406619690995
2023,OH,3,14789.0,7972.0,0.3502482316242696
2023,OH,4,798.0,0.0,0.0
2023,OH,5,40758.0,24300.0,0.37351286544314305
2023,OH,6,1157.0,955.0,0.4521780303030303
2023,OH,7,13984.0,10098.0,0.41931733244747116
2023,OH,8,423.0,2.0,0.004705882352941176
2023,OH,17,1498.0,822.0,0.3543103448275862
2023,OH,18,4335.0,0.0,0.0
2023,OH,19,25.0,2.0,0.07407407407407407
2023,OH,20,6712.0,3818.0,0.36258309591642923
2023,OH,21,8802.0,4381.0,0.3323219297580217
2023,OK,2,7654.0,1745.0,0.18565804872858815
2023,OK,3,5257.0,1873.0,0.26269284712482466
2023,OK,4,233.0,0.0,0.0
2023,OK,5,11051.0,7459.0,0.40297136682874124
2023,OK,6,196.0,291.0,0.5975359342915811
2023,OK,7,4164.0,3715.0,0.4715065363624826
2023,OK,8,32.0,34.0,0.5151515151515151
2023,OK,17,402.0,231.0,0.36492890995260663
2023,OK,18,1239.0,0.0,0.0
2023,OK,19,0.0,0.0,
2023,OK,20,692.0,12.0,0.017045454545454544
2023,OK,21,6112.0,1023.0,0.14337771548703573
2023,OR,2,1849.0,444.0,0.19363279546445705
2023,OR,3,2651.0,1226.0,0.31622388444673716
2023,OR,4,306.0,0.0,0.0
2023,OR,5,12014.0,8117.0,0.4032089811733148
2023,OR,6,963.0,441.0,0.3141025641025641
2023,OR,7,4278.0,2411.0,0.36044251756615336
2023,OR,8,85.0,17.0,0.16666666666666666
2023,OR,17,466.0,282.0,0.3770053475935829
2023,OR,18,1542.0,17.0,0.010904425914047467
2023,OR,19,9.0,0.0,0.0
2023,OR,20,492.0,215.0,0.3041018387553041
2023,OR,21,2787.0,1156.0,0.2931777834136444
2023,PA,2,7969.0,1014.0,0.11287988422575977
2023,PA,3,11698.0,3976.0,0.2536684955978053
2023,PA,4,1801.0,27.0,0.01477024070021882
2023,PA,5,46026.0,32510.0,0.41395029031272285
2023,PA,6,1914.0,1979.0,0.5083483174929361
2023,PA,7,23044.0,17226.0,0.4277626024335734
2023,PA,8,509.0,110.0,0.1777059773828756
2023,PA,17,1943.0,1460.0,0.42903320599471056
2023,PA,18,7743.0,13.0,0.0016761217122227953
2023,PA,19,38.0,0.0,0.0
2023,PA,20,937.0,1353.0,0.5908296943231441
2023,PA,21,4867.0,5227.0,0.5178323756687141
2023,PR,2,13046.0,1364.0,0.09465648854961832
2023,PR,3,3975.0,969.0,0.19599514563106796
2023,PR,4,398.0,58.0,0.12719298245614036
2023,PR,5,10000.0,5619.0,0.35975414559190727
2023,PR,6,179.0,58.0,0.24472573839662448
2023,PR,7,3112.0,1737.0,0.358218189317385
2023,PR,8,58.0,38.0,0.3958333333333333
2023,PR,17,321.0,126.0,0.28187919463087246
2023,PR,18,894.0,0.0,0.0
2023,PR,19,13.0,29.0,0.6904761904761905
2023,PR,20,149.0,22.0,0.1286549707602339
2023,PR,21,1562.0,128.0,0.0757396449704142
2023,PW,3,38.0,20.0,0.3448275862068966
2023,PW,21,0.0,0.0,
2023,RI,2,831.0,59.0,0.06629213483146068
2023,RI,3,1326.0,262.0,0.16498740554156172
2023,RI,4,9.0,0.0,0.0
2023,RI,5,6292.0,4740.0,0.42965917331399567
2023,RI,6,151.0,131.0,0.4645390070921986
2023,RI,7,1768.0,1696.0,0.4896073903002309
2023,RI,8,37.0,9.0,0.1956521739130435
2023,RI,17,177.0,200.0,0.5305039787798409
2023,RI,18,456.0,0.0,0.0
2023,RI,19,31.0,0.0,0.0
2023,RI,20,152.0,0.0,0.0
2023,RI,21,964.0,127.0,0.11640696608615948
2023,SC,2,2590.0,77.0,0.028871391076115485
2023,SC,3,4294.0,1428.0,0.2495630898287312
2023,SC,4,0.0,0.0,
2023,SC,5,16708.0,8990.0,0.34983267180325317
2023,SC,6,242.0,324.0,0.5724381625441696
2023,SC,7,4589.0,2920.0,0.3888666933013717
2023,SC,8,228.0,62.0,0.21379310344827587
2023,SC,17,868.0,284.0,0.2465277777777778
2023,SC,18,1182.0,0.0,0.0
2023,SC,19,0.0,0.0,
2023,SC,20,523.0,0.0,0.0
2023,SC,21,6221.0,1284.0,0.17108594270486344
2023,SD,2,815.0,100.0,0.1092896174863388
2023,SD,3,1523.0,586.0,0.2778568041725936
2023,SD,4,32.0,0.0,0.0
2023,SD,5,3724.0,1609.0,0.30170635664729045
2023,SD,6,74.0,40.0,0.3508771929824561
2023,SD,7,1154.0,753.0,0.39486103828002095
2023,SD,8,14.0,0.0,0.0
2023,SD,17,125.0,53.0,0.29775280898876405
2023,SD,18,309.0,4.0,0.012779552715654952
2023,SD,19,0.0,0.0,
2023,SD,20,19.0,0.0,0.0
2023,SD,21,334.0,154.0,0.3155737704918033
2023,TN,2,6968.0,1096.0,0.1359126984126984
2023,TN,3,4597.0,1745.0,0.2751497950173447
2023,TN,4,1259.0,196.0,0.13470790378006872
2023,TN,5,21678.0,10770.0,0.3319156804733728
2023,TN,6,767.0,332.0,0.3020928116469518
2023,TN,7,7932.0,5101.0,0.39139108417095064
2023,TN,8,422.0,54.0,0.1134453781512605
2023,TN,17,1422.0,485.0,0.254326166754064
2023,TN,18,2939.0,3.0,0.0010197144799456153
2023,TN,19,51.0,0.0,0.0
2023,TN,20,749.0,0.0,0.0
2023,TN,21,5320.0,810.0,0.13213703099510604
2023,TX,2,29503.0,5051.0,0.14617699832146785
2023,TX,3,35901.0,11026.0,0.23496068361497646
2023,TX,4,827.0,30.0,0.03500583430571762
2023,TX,5,84850.0,46417.0,0.3536075327386167
2023,TX,6,2345.0,1550.0,0.3979460847240051
2023,TX,7,30642.0,30730.0,0.5007169393208629
2023,TX,8,328.0,166.0,0.3360323886639676
2023,TX,17,4010.0,2141.0,0.3480734839863437
2023,TX,18,7134.0,4.0,0.0005603810591202018
2023,TX,19,60.0,52.0,0.4642857142857143
2023,TX,20,1432.0,35.0,0.023858214042263123
2023,TX,21,27488.0,12288.0,0.3089300080450523
2023,UT,2,4463.0,859.0,0.1614054866591507
2023,UT,3,4841.0,1571.0,0.24500935745477231
2023,UT,4,75.0,0.0,0.0
2023,UT,5,26972.0,23297.0,0.4634466569854184
2023,UT,6,325.0,309.0,0.48738170347003157
2023,UT,7,13200.0,15020.0,0.5322466335931963
2023,UT,8,65.0,0.0,0.0
2023,UT,17,541.0,245.0,0.31170483460559795
2023,UT,18,734.0,0.0,0.0
2023,UT,19,0.0,0.0,
2023,UT,20,3510.0,28.0,0.00791407574901074
2023,UT,21,4217.0,3060.0,0.42050295451422287
2023,VA,2,4043.0,405.0,0.0910521582733813
2023,VA,3,9000.0,5260.0,0.3688639551192146
2023,VA,4,324.0,35.0,0.09749303621169916
2023,VA,5,32033.0,21416.0,0.4006810230313009
2023,VA,6,2748.0,1311.0,0.3229859571322986
2023,VA,7,14973.0,10759.0,0.41811751904243744
2023,VA,8,336.0,147.0,0.30434782608695654
2023,VA,17,3018.0,1453.0,0.3249832252292552
2023,VA,18,3641.0,1.0,0.0002745744096650192
2023,VA,19,26.0,6.0,0.1875
2023,VA,20,313.0,0.0,0.0
2023,VA,21,7928.0,1248.0,0.13600697471665213
2023,VI,3,19.0,1.0,0.05
2023,VI,5,105.0,62.0,0.3712574850299401
2023,VI,7,14.0,19.0,0.5757575757575758
2023,VI,8,0.0,0.0,
2023,VI,17,13.0,0.0,0.0
2023,VI,21,2.0,1.0,0.3333333333333333
2023,VT,2,314.0,32.0,0.09248554913294797
2023,VT,3,462.0,124.0,0.21160409556313994
2023,VT,5,2954.0,2671.0,0.47484444444444446
2023,VT,6,178.0,101.0,0.36200716845878134
2023,VT,7,1005.0,804.0,0.4444444444444444
2023,VT,8,46.0,1.0,0.02127659574468085
2023,VT,17,42.0,29.0,0.4084507042253521
2023,VT,18,291.0,0.0,0.0
2023,VT,20,29.0,0.0,0.0
2023,VT,21,101.0,214.0,0.6793650793650794
2023,WA,2,4091.0,976.0,0.19261890665087822
2023,WA,3,7998.0,2573.0,0.2434017595307918
2023,WA,4,291.0,49.0,0.14411764705882352
2023,WA,5,17117.0,15321.0,0.4723164190147358
2023,WA,6,1011.0,407.0,0.28702397743300423
2023,WA,7,6046.0,4781.0,0.4415812321049229
2023,WA,8,108.0,4.0,0.03571428571428571
2023,WA,17,609.0,478.0,0.43974241030358785
2023,WA,18,1826.0,0.0,0.0
2023,WA,19,167.0,0.0,0.0
2023,WA,20,1638.0,249.0,0.13195548489666137
2023,WA,21,6129.0,2062.0,0.2517397143205958
2023,WI,2,5348.0,1228.0,0.1867396593673966
2023,WI,3,5575.0,3628.0,0.3942192763229382
2023,WI,4,577.0,10.0,0.017035775127768313
2023,WI,5,21145.0,12635.0,0.3740378922439313
2023,WI,6,554.0,265.0,0.3235653235653236
2023,WI,7,6558.0,3543.0,0.35075735075735076
2023,WI,8,396.0,11.0,0.02702702702702703
2023,WI,17,637.0,484.0,0.431757359500446
2023,WI,18,1785.0,8.0,0.004461795872838818
2023,WI,19,5.0,0.0,0.0
2023,WI,20,7705.0,425.0,0.05227552275522755
2023,WI,21,8717.0,4958.0,0.36255941499085925
2023,WV,2,1488.0,628.0,0.29678638941398866
2023,WV,3,3012.0,1145.0,0.2754390185229733
2023,WV,4,208.0,0.0,0.0
2023,WV,5,9053.0,6009.0,0.39895100252290533
2023,WV,6,206.0,202.0,0.4950980392156863
2023,WV,7,3585.0,2394.0,0.4004014049172102
2023,WV,8,126.0,0.0,0.0
2023,WV,17,130.0,105.0,0.44680851063829785
2023,WV,18,879.0,1.0,0.0011363636363636363
2023,WV,20,205.0,8.0,0.03755868544600939
2023,WV,21,997.0,692.0,0.40970988750740084
2023,WY,2,553.0,60.0,0.09787928221859707
2023,WY,3,1798.0,316.0,0.14947965941343425
2023,WY,4,841.0,0.0,0.0
2023,WY,5,1484.0,657.0,0.30686595049042503
2023,WY,6,77.0,33.0,0.3
2023,WY,7,326.0,214.0,0.3962962962962963
2023,WY,17,62.0,35.0,0.36082474226804123
2023,WY,18,115.0,0.0,0.0
2023,WY,20,3.0,0.0,0.0
2023,WY,21,352.0,135.0,0.27720739219712526
2024,AK,2,1219.0,133.0,0.09837278106508876
2024,AK,3,393.0,246.0,0.38497652582159625
2024,AK,4,0.0,0.0,
2024,AK,5,897.0,424.0,0.3209689629068887
2024,AK,6,88.0,28.0,0.2413793103448276
2024,AK,7,285.0,162.0,0.3624161073825503
2024,AK,8,15.0,0.0,0.0
2024,AK,17,20.0,9.0,0.3103448275862069
2024,AK,18,2.0,0.0,0.0
2024,AK,20,4.0,0.0,0.0
2024,AK,21,403.0,145.0,0.2645985401459854
2024,AL,2,4854.0,321.0,0.06202898550724638
2024,AL,3,6118.0,1276.0,0.17257235596429538
2024,AL,4,0.0,0.0,
2024,AL,5,19962.0,11038.0,0.3560645161290323
2024,AL,6,548.0,315.0,0.3650057937427578
2024,AL,7,9418.0,6422.0,0.4054292929292929
2024,AL,8,699.0,34.0,0.04638472032742155
2024,AL,17,672.0,274.0,0.28964059196617337
2024,AL,18,2242.0,0.0,0.0
2024,AL,19,0.0,1.0,1.0
2024,AL,20,34.0,0.0,0.0
2024,AL,21,7547.0,1598.0,0.17474029524330234
2024,AR,2,3620.0,509.0,0.12327440058125454
2024,AR,3,3637.0,881.0,0.19499778663125278
2024,AR,4,66.0,5.0,0.07042253521126761
2024,AR,5,10263.0,4426.0,0.3013139083668051
2024,AR,6,890.0,301.0,0.25272879932829556
2024,AR,7,3990.0,2144.0,0.34952722530159763
2024,AR,8,606.0,8.0,0.013029315960912053
2024,AR,17,238.0,137.0,0.36533333333333334
2024,AR,18,1094.0,0.0,0.0
2024,AR,20,2385.0,114.0,0.04561824729891957
2024,AR,21,5211.0,1634.0,0.2387143900657414
2024,AS,2,23.0,7.0,0.23333333333333334
2024,AS,3,72.0,36.0,0.3333333333333333
2024,AS,5,10.0,0.0,0.0
2024,AZ,2,13549.0,2785.0,0.17050324476551978
2024,AZ,3,11702.0,7380.0,0.3867519127974007
2024,AZ,4,29.0,1.0,0.03333333333333333
2024,AZ,5,36911.0,27122.0,0.42356285040525976
2024,AZ,6,830.0,797.0,0.48985863552550707
2024,AZ,7,20846.0,16157.0,0.4366402724103451
2024,AZ,8,404.0,57.0,0.12364425162689804
2024,AZ,17,1870.0,772.0,0.2922028766086298
2024,AZ,18,2174.0,29.0,0.013163867453472538
2024,AZ,19,0.0,0.0,
2024,AZ,20,3969.0,826.0,0.17226277372262774
2024,AZ,21,15557.0,8831.0,0.3621043135968509
2024,CA,2,48081.0,5850.0,0.10847193636313067
2024,CA,3,108901.0,44929.0,0.29206916726256255
2024,CA,4,2629.0,131.0,0.04746376811594203
2024,CA,5,105370.0,101349.0,0.4902742370077255
2024,CA,6,1768.0,1412.0,0.4440251572327044
2024,CA,7,51548.0,34650.0,0.4019814844891993
2024,CA,8,1300.0,259.0,0.16613213598460552
2024,CA,17,5542.0,3935.0,0.41521578558615596
2024,CA,18,12581.0,50.0,0.003958514765260075
2024,CA,19,413.0,10.0,0.02364066193853428
2024,CA,20,4937.0,928.0,0.15822676896845694
2024,CA,21,55699.0,19703.0,0.26130606615209145
2024,CO,2,6297.0,558.0,0.08140043763676148
2024,CO,3,5947.0,4012.0,0.4028516919369415
2024,CO,4,270.0,0.0,0.0
2024,CO,5,16814.0,17163.0,0.5051358271772081
2024,CO,6,560.0,710.0,0.5590551181102362
2024,CO,7,8574.0,6954.0,0.44783616692426587
2024,CO,8,141.0,24.0,0.14545454545454545
2024,CO,17,741.0,555.0,0.42824074074074076
2024,CO,18,1584.0,110.0,0.06493506493506493
2024,CO,19,20.0,0.0,0.0
2024,CO,20,4714.0,501.0,0.09606903163950144
2024,CO,21,9006.0,2702.0,0.2307823710283567
2024,CT,2,3245.0,208.0,0.06023747465971619
2024,CT,3,2988.0,1548.0,0.3412698412698413
2024,CT,4,441.0,13.0,0.028634361233480177
2024,CT,5,12291.0,8822.0,0.41784682423151615
2024,CT,6,719.0,479.0,0.3998330550918197
2024,CT,7,6736.0,7572.0,0.5292144254962259
2024,CT,8,481.0,5.0,0.0102880658436214
2024,CT,17,558.0,390.0,0.41139240506329117
2024,CT,18,1471.0,10.0,0.00675219446320054
2024,CT,19,2.0,0.0,0.0
2024,CT,20,386.0,44.0,0.10232558139534884
2024,CT,21,1801.0,510.0,0.22068368671570748
2024,DC,2,127.0,56.0,0.30601092896174864
2024,DC,3,619.0,233.0,0.2734741784037559
2024,DC,4,10.0,0.0,0.0
2024,DC,5,5197.0,4349.0,0.4555834904672114
2024,DC,6,277.0,455.0,0.6215846994535519
2024,DC,7,5624.0,6543.0,0.5377660886003123
2024,DC,8,136.0,19.0,0.12258064516129032
2024,DC,17,420.0,283.0,0.40256045519203415
2024,DC,18,2736.0,39.0,0.014054054054054054
2024,DC,19,11.0,2.0,0.15384615384615385
2024,DC,20,0.0,0.0,
2024,DC,21,499.0,197.0,0.28304597701149425
2024,DE,2,367.0,0.0,0.0
2024,DE,3,1111.0,331.0,0.22954230235783635
2024,DE,5,3309.0,2790.0,0.4574520413182489
2024,DE,6,1.0,6.0,0.8571428571428571
2024,DE,7,1273.0,2000.0,0.6110601894286587
2024,DE,8,0.0,0.0,
2024,DE,17,358.0,166.0,0.31679389312977096
2024,DE,18,63.0,0.0,0.0
2024,DE,20,372.0,22.0,0.05583756345177665
2024,DE,21,833.0,71.0,0.07853982300884955
2024,FL,2,19976.0,6269.0,0.23886454562773862
2024,FL,3,21178.0,12649.0,0.37393206610104357
2024,FL,4,1640.0,50.0,0.029585798816568046
2024,FL,5,64643.0,35561.0,0.3548860324937128
2024,FL,6,1684.0,876.0,0.3421875
2024,FL,7,22567.0,16267.0,0.418885512695061
2024,FL,8,681.0,224.0,0.24751381215469614
2024,FL,17,2257.0,1390.0,0.38113517959967097
2024,FL,18,6181.0,21.0,0.003386004514672686
2024,FL,19,3.0,0.0,0.0
2024,FL,20,7921.0,362.0,0.04370397199082458
2024,FL,21,40480.0,16189.0,0.2856764721452646
2024,FM,2,49.0,9.0,0.15517241379310345
2024,FM,3,117.0,47.0,0.2865853658536585
2024,FM,4,18.0,0.0,0.0
2024,FM,5,8.0,0.0,0.0
2024,GA,2,8353.0,1687.0,0.16802788844621513
2024,GA,3,6045.0,4567.0,0.43036185450433473
2024,GA,4,787.0,388.0,0.3302127659574468
2024,GA,5,30839.0,22135.0,0.41784649073130214
2024,GA,6,608.0,553.0,0.4763135228251507
2024,GA,7,12575.0,11522.0,0.47815080715441755
2024,GA,8,590.0,159.0,0.21228304405874499
2024,GA,17,1345.0,814.0,0.3770264011116258
2024,GA,18,2806.0,0.0,0.0
2024,GA,19,40.0,0.0,0.0
2024,GA,20,638.0,385.0,0.3763440860215054
2024,GA,21,24844.0,9268.0,0.27169324577861165
2024,GU,2,55.0,6.0,0.09836065573770492
2024,GU,3,140.0,124.0,0.4696969696969697
2024,GU,4,0.0,0.0,
2024,GU,5,298.0,126.0,0.2971698113207547
2024,GU,6,0.0,0.0,
2024,GU,7,81.0,27.0,0.25
2024,GU,21,0.0,0.0,
2024,HI,2,644.0,275.0,0.2992383025027203
2024,HI,3,993.0,538.0,0.3514043109079033
2024,HI,4,29.0,0.0,0.0
2024,HI,5,3243.0,2041.0,0.38626040878122636
2024,HI,6,3.0,3.0,0.5
2024,HI,7,822.0,562.0,0.4060693641618497
2024,HI,8,15.0,0.0,0.0
2024,HI,17,99.0,83.0,0.45604395604395603
2024,HI,18,337.0,0.0,0.0
2024,HI,19,5.0,0.0,0.0
2024,HI,20,21.0,0.0,0.0
2024,HI,21,434.0,60.0,0.1214574898785425
2024,IA,2,2928.0,588.0,0.16723549488054607
2024,IA,3,4332.0,1731.0,0.2855022266204849
2024,IA,4,305.0,0.0,0.0
2024,IA,5,12961.0,7116.0,0.3544354236190666
2024,IA,6,531.0,283.0,0.3476658476658477
2024,IA,7,3273.0,2521.0,0.43510528132550913
2024,IA,8,655.0,152.0,0.18835192069392812
2024,IA,17,513.0,289.0,0.36034912718204487
2024,IA,18,1937.0,0.0,0.0
2024,IA,19,21.0,0.0,0.0
2024,IA,20,2988.0,40.0,0.013210039630118891
2024,IA,21,3521.0,937.0,0.21018393898609242
2024,ID,2,1515.0,168.0,0.09982174688057041
2024,ID,3,1910.0,1379.0,0.41927637579811494
2024,ID,4,55.0,0.0,0.0
2024,ID,5,7350.0,4669.0,0.38846825859056494
2024,ID,6,110.0,120.0,0.5217391304347826
2024,ID,7,1592.0,786.0,0.33052985702270815
2024,ID,8,81.0,4.0,0.047058823529411764
2024,ID,17,88.0,95.0,0.5191256830601093
2024,ID,18,432.0,0.0,0.0
2024,ID,20,140.0,78.0,0.3577981651376147
2024,ID,21,3850.0,6093.0,0.6127929196419591
2024,IL,2,9984.0,5841.0,0.3690995260663507
2024,IL,3,14143.0,4381.0,0.236503994817534
2024,IL,4,619.0,0.0,0.0
2024,IL,5,39371.0,22297.0,0.3615651553479925
2024,IL,6,1240.0,1681.0,0.5754878466278671
2024,IL,7,25629.0,18803.0,0.4231859920777818
2024,IL,8,984.0,73.0,0.06906338694418164
2024,IL,17,1926.0,1353.0,0.4126258005489479
2024,IL,18,6348.0,5.0,0.0007870297497245396
2024,IL,19,147.0,0.0,0.0
2024,IL,20,10619.0,873.0,0.0759658893143056
2024,IL,21,14906.0,5990.0,0.28665773353751917
2024,IN,2,6551.0,3978.0,0.3778136575173331
2024,IN,3,7952.0,2857.0,0.2643167730594875
2024,IN,4,123.0,0.0,0.0
2024,IN,5,30085.0,16979.0,0.3607640659527452
2024,IN,6,2422.0,1290.0,0.34752155172413796
2024,IN,7,16999.0,11497.0,0.4034601347557552
2024,IN,8,788.0,50.0,0.059665871121718374
2024,IN,17,1279.0,869.0,0.40456238361266295
2024,IN,18,2311.0,142.0,0.05788830004076641
2024,IN,19,12.0,17.0,0.5862068965517241
2024,IN,20,5395.0,273.0,0.0481651376146789
2024,IN,21,8788.0,8324.0,0.48644226273959795
2024,KS,2,4915.0,715.0,0.1269982238010657
2024,KS,3,3129.0,932.0,0.22950012312238366
2024,KS,4,0.0,0.0,
2024,KS,5,10994.0,5724.0,0.3423854528053595
2024,KS,6,418.0,366.0,0.46683673469387754
2024,KS,7,4147.0,3456.0,0.4545574115480731
2024,KS,8,297.0,76.0,0.2037533512064343
2024,KS,17,394.0,263.0,0.4003044140030441
2024,KS,18,1129.0,4.0,0.00353045013239188
2024,KS,19,3.0,0.0,0.0
2024,KS,20,5094.0,93.0,0.017929438982070563
2024,KS,21,3719.0,732.0,0.16445742529768592
2024,KY,2,4421.0,777.0,0.14948056944978838
2024,KY,3,4912.0,1402.0,0.22204624643649035
2024,KY,4,41.0,0.0,0.0
2024,KY,5,16066.0,6706.0,0.29448445459336026
2024,KY,6,1593.0,348.0,0.17928902627511592
2024,KY,7,11010.0,4394.0,0.2852505842638276
2024,KY,8,231.0,6.0,0.02531645569620253
2024,KY,17,703.0,310.0,0.3060217176702863
2024,KY,18,2090.0,1.0,0.00047824007651841227
2024,KY,19,143.0,0.0,0.0
2024,KY,20,11266.0,2037.0,0.1531233556340675
2024,KY,21,11739.0,6686.0,0.362876526458616
2024,LA,2,7258.0,894.0,0.10966633954857703
2024,LA,3,3918.0,855.0,0.1791326209930861
2024,LA,4,186.0,4.0,0.021052631578947368
2024,LA,5,13637.0,7025.0,0.33999612815797114
2024,LA,6,197.0,41.0,0.1722689075630252
2024,LA,7,5344.0,4863.0,0.47643773880670126
2024,LA,8,212.0,459.0,0.684053651266766
2024,LA,17,555.0,339.0,0.37919463087248323
2024,LA,18,1983.0,0.0,0.0
2024,LA,19,0.0,0.0,
2024,LA,20,2859.0,793.0,0.21714129244249727
2024,LA,21,8559.0,1812.0,0.1747179635522129
2024,MA,2,2254.0,179.0,0.07357172215371968
2024,MA,3,4544.0,1922.0,0.2972471388802969
2024,MA,4,265.0,6.0,0.02214022140221402
2024,MA,5,30087.0,24944.0,0.45327179226254294
2024,MA,6,1435.0,1428.0,0.49877750611246946
2024,MA,7,22612.0,24983.0,0.5249080785796827
2024,MA,8,711.0,44.0,0.05827814569536424
2024,MA,17,2112.0,1539.0,0.42152834839769926
2024,MA,18,5563.0,19.0,0.003403797921891795
2024,MA,19,232.0,0.0,0.0
2024,MA,20,370.0,80.0,0.17777777777777778
2024,MA,21,3153.0,1215.0,0.27815934065934067
2024,MD,2,2736.0,365.0,0.11770396646243148
2024,MD,3,5180.0,3006.0,0.3672123137063279
2024,MD,4,315.0,727.0,0.6976967370441459
2024,MD,5,16329.0,17357.0,0.5152585643887668
2024,MD,6,1717.0,1120.0,0.39478322171307717
2024,MD,7,8595.0,11777.0,0.5780973885725506
2024,MD,8,257.0,10.0,0.03745318352059925
2024,MD,17,1008.0,616.0,0.3793103448275862
2024,MD,18,1610.0,49.0,0.029535864978902954
2024,MD,20,8.0,4.0,0.3333333333333333
2024,MD,21,2589.0,1347.0,0.34222560975609756
2024,ME,2,643.0,40.0,0.05856515373352855
2024,ME,3,1313.0,615.0,0.31898340248962653
2024,ME,5,4403.0,2761.0,0.3853992183137912
2024,ME,6,185.0,97.0,0.34397163120567376
2024,ME,7,1708.0,754.0,0.3062550771730301
2024,ME,8,112.0,6.0,0.05084745762711865
2024,ME,17,136.0,41.0,0.23163841807909605
2024,ME,18,448.0,0.0,0.0
2024,ME,20,84.0,0.0,0.0
2024,ME,21,696.0,310.0,0.3081510934393638
2024,MH,2,37.0,21.0,0.3620689655172414
2024,MH,3,41.0,36.0,0.4675324675324675
2024,MH,5,27.0,0.0,0.0
2024,MI,2,7147.0,515.0,0.06721482641607936
2024,MI,3,8766.0,4078.0,0.3175023357209592
2024,MI,4,507.0,1.0,0.001968503937007874
2024,MI,5,29914.0,21702.0,0.4204510229386237
2024,MI,6,391.0,544.0,0.5818181818181818
2024,MI,7,10325.0,9137.0,0.46947898468811017
2024,MI,8,392.0,215.0,0.3542009884678748
2024,MI,17,1238.0,990.0,0.44434470377019747
2024,MI,18,3667.0,0.0,0.0
2024,MI,19,7.0,0.0,0.0
2024,MI,20,1366.0,234.0,0.14625
2024,MI,21,5333.0,1513.0,0.2210049664037394
2024,MN,2,4346.0,548.0,0.11197384552513281
2024,MN,3,6440.0,2472.0,0.27737881508078993
2024,MN,4,911.0,68.0,0.06945863125638406
2024,MN,5,27402.0,11692.0,0.2990740267048652
2024,MN,6,1652.0,817.0,0.3309031996759822
2024,MN,7,19312.0,5905.0,0.2341674267359321
2024,MN,8,736.0,23.0,0.030303030303030304
2024,MN,17,2671.0,985.0,0.26942013129102843
2024,MN,18,2346.0,23.0,0.009708737864077669
2024,MN,19,56.0,0.0,0.0
2024,MN,20,1415.0,7.0,0.004922644163150493
2024,MN,21,4842.0,2874.0,0.3724727838258165
2024,MO,2,4264.0,603.0,0.12389562358742552
2024,MO,3,5609.0,1529.0,0.2142056598486971
2024,MO,4,170.0,3.0,0.017341040462427744
2024,MO,5,20842.0,10849.0,0.34233694108737495
2024,MO,6,1377.0,1311.0,0.4877232142857143
2024,MO,7,10036.0,9587.0,0.488559343627376
2024,MO,8,846.0,34.0,0.038636363636363635
2024,MO,17,1203.0,437.0,0.26646341463414636
2024,MO,18,3789.0,0.0,0.0
2024,MO,19,111.0,2.0,0.017699115044247787
2024,MO,20,205.0,36.0,0.14937759336099585
2024,MO,21,3457.0,3330.0,0.49064387800206277
2024,MP,2,0.0,0.0,
2024,MP,3,63.0,48.0,0.43243243243243246
2024,MP,5,28.0,29.0,0.5087719298245614
2024,MP,20,16.0,0.0,0.0
2024,MP,21,0.0,0.0,
2024,MS,2,5877.0,1450.0,0.19789818479596014
2024,MS,3,5729.0,1799.0,0.23897449521785336
2024,MS,4,17.0,0.0,0.0
2024,MS,5,9218.0,4496.0,0.32784016333673616
2024,MS,6,79.0,87.0,0.5240963855421686
2024,MS,7,3480.0,2151.0,0.38199254128929144
2024,MS,8,204.0,23.0,0.1013215859030837
2024,MS,17,749.0,167.0,0.18231441048034935
2024,MS,18,964.0,0.0,0.0
2024,MS,19,3.0,0.0,0.0
2024,MS,20,210.0,0.0,0.0
2024,MS,21,1432.0,82.0,0.05416116248348745
2024,MT,2,546.0,123.0,0.18385650224215247
2024,MT,3,1016.0,272.0,0.2111801242236025
2024,MT,4,116.0,113.0,0.49344978165938863
2024,MT,5,3831.0,1394.0,0.26679425837320575
2024,MT,6,161.0,56.0,0.25806451612903225
2024,MT,7,814.0,473.0,0.36752136752136755
2024,MT,8,16.0,0.0,0.0
2024,MT,17,97.0,57.0,0.37012987012987014
2024,MT,18,473.0,0.0,0.0
2024,MT,20,19.0,0.0,0.0
2024,MT,21,306.0,66.0,0.1774193548387097
2024,NC,2,6182.0,2514.0,0.2890984360625575
2024,NC,3,11800.0,4406.0,0.27187461434036775
2024,NC,4,116.0,0.0,0.0
2024,NC,5,33905.0,21600.0,0.3891541302585353
2024,NC,6,1177.0,914.0,0.4371114299378288
2024,NC,7,11951.0,8154.0,0.40557075354389455
2024,NC,8,203.0,5.0,0.02403846153846154
2024,NC,17,1434.0,984.0,0.40694789081885857
2024,NC,18,3268.0,28.0,0.00849514563106796
2024,NC,19,108.0,0.0,0.0
2024,NC,20,152.0,0.0,0.0
2024,NC,21,20033.0,12236.0,0.3791874554526016
2024,ND,2,505.0,18.0,0.03441682600382409
2024,ND,3,1059.0,284.0,0.2114668652271035
2024,ND,4,88.0,0.0,0.0
2024,ND,5,3713.0,1745.0,0.31971418101868815
2024,ND,6,109.0,76.0,0.41081081081081083
2024,ND,7,1273.0,648.0,0.3373243102550755
2024,ND,8,10.0,0.0,0.0
2024,ND,17,173.0,56.0,0.2445414847161572
2024,ND,18,476.0,0.0,0.0
2024,ND,19,29.0,0.0,0.0
2024,ND,20,83.0,0.0,0.0
2024,ND,21,640.0,265.0,0.292817679558011
2024,NE,2,1268.0,367.0,0.22446483180428134
2024,NE,3,2501.0,1032.0,0.2921030285876026
2024,NE,4,366.0,0.0,0.0
2024,NE,5,8270.0,5225.0,0.38718043719896256
2024,NE,6,375.0,206.0,0.35456110154905335
2024,NE,7,2960.0,2395.0,0.44724556489262374
2024,NE,8,127.0,0.0,0.0
2024,NE,17,322.0,167.0,0.34151329243353784
2024,NE,18,1425.0,0.0,0.0
2024,NE,19,64.0,0.0,0.0
2024,NE,20,39.0,0.0,0.0
2024,NE,21,2328.0,973.0,0.2947591638897304
2024,NH,2,546.0,143.0,0.20754716981132076
2024,NH,3,1805.0,2928.0,0.6186351151489542
2024,NH,4,1.0,0.0,0.0
2024,NH,5,13207.0,15445.0,0.5390548652799106
2024,NH,6,256.0,550.0,0.6823821339950372
2024,NH,7,5511.0,7365.0,0.5719944082013048
2024,NH,8,151.0,15.0,0.09036144578313253
2024,NH,17,144.0,99.0,0.4074074074074074
2024,NH,18,443.0,5.0,0.011160714285714286
2024,NH,19,0.0,0.0,
2024,NH,20,7.0,0.0,0.0
2024,NH,21,622.0,1135.0,0.6459874786568014
2024,NJ,2,7993.0,538.0,0.06306411909506505
2024,NJ,3,8096.0,4260.0,0.3447717707996115
2024,NJ,4,1259.0,0.0,0.0
2024,NJ,5,23580.0,15949.0,0.4034759290647373
2024,NJ,6,471.0,631.0,0.5725952813067151
2024,NJ,7,8858.0,9138.0,0.5077795065570126
2024,NJ,8,394.0,464.0,0.5407925407925408
2024,NJ,17,1070.0,644.0,0.3757292882147025
2024,NJ,18,2155.0,23.0,0.010560146923783287
2024,NJ,19,0.0,2.0,1.0
2024,NJ,20,333.0,9.0,0.02631578947368421
2024,NJ,21,3563.0,883.0,0.19860548807917228
2024,NM,2,2400.0,516.0,0.17695473251028807
2024,NM,3,3099.0,1220.0,0.2824727946283862
2024,NM,4,27.0,0.0,0.0
2024,NM,5,4962.0,2080.0,0.29537063334280034
2024,NM,6,347.0,18.0,0.049315068493150684
2024,NM,7,2067.0,1199.0,0.367115737905695
2024,NM,8,96.0,7.0,0.06796116504854369
2024,NM,17,145.0,158.0,0.5214521452145214
2024,NM,18,443.0,0.0,0.0
2024,NM,20,660.0,69.0,0.09465020576131687
2024,NM,21,3262.0,402.0,0.10971615720524018
2024,NV,2,3236.0,501.0,0.13406475782713406
2024,NV,3,2900.0,1727.0,0.37324400259347307
2024,NV,4,156.0,0.0,0.0
2024,NV,5,7207.0,2899.0,0.28685929150999406
2024,NV,6,100.0,37.0,0.27007299270072993
2024,NV,7,1674.0,695.0,0.2933727311101731
2024,NV,8,40.0,1.0,0.024390243902439025
2024,NV,17,278.0,149.0,0.34894613583138173
2024,NV,18,886.0,0.0,0.0
2024,NV,20,1795.0,467.0,0.20645446507515472
2024,NV,21,3082.0,414.0,0.11842105263157894
2024,NY,2,10352.0,1833.0,0.15043085761181782
2024,NY,3,21785.0,13025.0,0.3741740879057742
2024,NY,4,1417.0,52.0,0.035398230088495575
2024,NY,5,69624.0,53211.0,0.4331908657955794
2024,NY,6,1590.0,933.0,0.3697978596908442
2024,NY,7,44090.0,31444.0,0.41628935313898374
2024,NY,8,3378.0,555.0,0.14111365369946605
2024,NY,17,2988.0,2040.0,0.40572792362768495
2024,NY,18,10495.0,16.0,0.0015222148225668348
2024,NY,19,83.0,11.0,0.11702127659574468
2024,NY,20,2295.0,74.0,0.03123680878007598
2024,NY,21,5972.0,716.0,0.10705741626794259
2024,OH,2,11200.0,4051.0,0.2656219264310537
2024,OH,3,13861.0,7649.0,0.3556020455602046
2024,OH,4,629.0,0.0,0.0
2024,OH,5,38546.0,24014.0,0.3838554987212276
2024,OH,6,1115.0,924.0,0.45316331535066207
2024,OH,7,13081.0,10274.0,0.43990580175551275
2024,OH,8,453.0,16.0,0.03411513859275053
2024,OH,17,1602.0,804.0,0.3341645885286783
2024,OH,18,4418.0,0.0,0.0
2024,OH,19,26.0,2.0,0.07142857142857142
2024,OH,20,7101.0,2249.0,0.24053475935828877
2024,OH,21,8945.0,5589.0,0.3845465804320903
2024,OK,2,8508.0,2020.0,0.1918693009118541
2024,OK,3,5258.0,1888.0,0.26420375034984606
2024,OK,4,228.0,0.0,0.0
2024,OK,5,11379.0,7419.0,0.3946696457069901
2024,OK,6,367.0,343.0,0.4830985915492958
2024,OK,7,4364.0,3571.0,0.4500315059861374
2024,OK,8,37.0,0.0,0.0
2024,OK,17,545.0,221.0,0.2885117493472585
2024,OK,18,1219.0,0.0,0.0
2024,OK,19,11.0,0.0,0.0
2024,OK,20,769.0,8.0,0.010296010296010296
2024,OK,21,6956.0,1257.0,0.1530500426153659
2024,OR,2,1748.0,498.0,0.22172751558325912
2024,OR,3,2852.0,1260.0,0.30642023346303504
2024,OR,4,429.0,0.0,0.0
2024,OR,5,11583.0,8315.0,0.4178811940898583
2024,OR,6,985.0,352.0,0.26327599102468213
2024,OR,7,3924.0,2205.0,0.35976505139500736
2024,OR,8,213.0,28.0,0.11618257261410789
2024,OR,17,431.0,279.0,0.3929577464788732
2024,OR,18,1527.0,2.0,0.0013080444735120995
2024,OR,19,61.0,0.0,0.0
2024,OR,20,515.0,283.0,0.35463659147869675
2024,OR,21,2873.0,1407.0,0.32873831775700935
2024,PA,2,8104.0,1065.0,0.11615225215399716
2024,PA,3,11060.0,3796.0,0.25551965535810445
2024,PA,4,1821.0,20.0,0.010863661053775122
2024,PA,5,44026.0,31321.0,0.41569007392464197
2024,PA,6,2024.0,2017.0,0.4991338777530314
2024,PA,7,21636.0,16503.0,0.43270667820341385
2024,PA,8,638.0,157.0,0.19748427672955976
2024,PA,17,2065.0,1537.0,0.4267073847862299
2024,PA,18,8210.0,44.0,0.005330748727889508
2024,PA,19,12.0,0.0,0.0
2024,PA,20,854.0,1752.0,0.6722947045280123
2024,PA,21,4640.0,5480.0,0.541501976284585
2024,PR,2,15902.0,2135.0,0.11836779952320231
2024,PR,3,4672.0,1080.0,0.18776077885952713
2024,PR,4,146.0,5.0,0.033112582781456956
2024,PR,5,9196.0,5271.0,0.3643464436303311
2024,PR,6,215.0,59.0,0.21532846715328466
2024,PR,7,3220.0,1908.0,0.3720748829953198
2024,PR,8,54.0,22.0,0.2894736842105263
2024,PR,17,280.0,117.0,0.2947103274559194
2024,PR,18,916.0,0.0,0.0
2024,PR,19,12.0,35.0,0.7446808510638298
2024,PR,20,147.0,44.0,0.23036649214659685
2024,PR,21,2118.0,208.0,0.08942390369733448
2024,PW,3,38.0,28.0,0.42424242424242425
2024,PW,21,0.0,0.0,
2024,RI,2,904.0,28.0,0.030042918454935622
2024,RI,3,1232.0,260.0,0.1742627345844504
2024,RI,4,49.0,0.0,0.0
2024,RI,5,6241.0,4933.0,0.4414712725971004
2024,RI,6,148.0,130.0,0.4676258992805755
2024,RI,7,1649.0,1705.0,0.5083482409063804
2024,RI,8,39.0,7.0,0.15217391304347827
2024,RI,17,138.0,231.0,0.6260162601626016
2024,RI,18,470.0,0.0,0.0
2024,RI,19,31.0,0.0,0.0
2024,RI,20,197.0,0.0,0.0
2024,RI,21,876.0,87.0,0.09034267912772585
2024,SC,2,2939.0,162.0,0.05224121251209287
2024,SC,3,4821.0,1671.0,0.2573937153419593
2024,SC,4,0.0,0.0,
2024,SC,5,16453.0,9070.0,0.35536574854053204
2024,SC,6,192.0,350.0,0.6457564575645757
2024,SC,7,4309.0,3014.0,0.41157995357094085
2024,SC,8,233.0,39.0,0.14338235294117646
2024,SC,17,977.0,231.0,0.1912251655629139
2024,SC,18,1215.0,0.0,0.0
2024,SC,19,13.0,0.0,0.0
2024,SC,20,344.0,0.0,0.0
2024,SC,21,6549.0,1843.0,0.2196139180171592
2024,SD,2,744.0,113.0,0.13185530921820304
2024,SD,3,1471.0,614.0,0.294484412470024
2024,SD,4,22.0,0.0,0.0
2024,SD,5,3636.0,1565.0,0.3009036723706979
2024,SD,6,83.0,42.0,0.336
2024,SD,7,1104.0,845.0,0.4335556695741406
2024,SD,8,18.0,4.0,0.18181818181818182
2024,SD,17,128.0,71.0,0.35678391959798994
2024,SD,18,342.0,1.0,0.0029154518950437317
2024,SD,19,3.0,0.0,0.0
2024,SD,20,18.0,0.0,0.0
2024,SD,21,381.0,137.0,0.2644787644787645
2024,TN,2,7272.0,1548.0,0.17551020408163265
2024,TN,3,4699.0,2054.0,0.30416111357915
2024,TN,4,1121.0,176.0,0.13569776407093292
2024,TN,5,22075.0,10991.0,0.3323958144317426
2024,TN,6,573.0,369.0,0.39171974522292996
2024,TN,7,7669.0,5444.0,0.41516052772058265
2024,TN,8,407.0,61.0,0.13034188034188035
2024,TN,17,1421.0,501.0,0.2606659729448491
2024,TN,18,3020.0,23.0,0.007558330594807755
2024,TN,19,103.0,0.0,0.0
2024,TN,20,837.0,0.0,0.0
2024,TN,21,5428.0,709.0,0.11552875998044647
2024,TX,2,31899.0,5316.0,0.14284562676340185
2024,TX,3,36550.0,11524.0,0.23971377459749552
2024,TX,4,606.0,45.0,0.06912442396313365
2024,TX,5,85160.0,47473.0,0.35792751426869635
2024,TX,6,2561.0,1706.0,0.39981251464729317
2024,TX,7,28822.0,32181.0,0.5275314328803501
2024,TX,8,402.0,191.0,0.3220910623946037
2024,TX,17,4159.0,2208.0,0.3467881262761112
2024,TX,18,7560.0,2.0,0.0002644802962179318
2024,TX,19,61.0,70.0,0.5343511450381679
2024,TX,20,2276.0,11.0,0.004809794490599038
2024,TX,21,31900.0,13645.0,0.29959380832144034
2024,UT,2,4644.0,861.0,0.1564032697547684
2024,UT,3,5425.0,2594.0,0.3234817308891383
2024,UT,4,86.0,0.0,0.0
2024,UT,5,25859.0,26595.0,0.5070156708735273
2024,UT,6,343.0,351.0,0.5057636887608069
2024,UT,7,13643.0,17621.0,0.5636194984646878
2024,UT,8,76.0,0.0,0.0
2024,UT,17,473.0,256.0,0.3511659807956104
2024,UT,18,740.0,0.0,0.0
2024,UT,19,59.0,0.0,0.0
2024,UT,20,4306.0,17.0,0.003932454314133704
2024,UT,21,5190.0,3852.0,0.42601194426011946
2024,VA,2,4042.0,404.0,0.09086819613135402
2024,VA,3,9626.0,5277.0,0.35408978058109103
2024,VA,4,271.0,43.0,0.13694267515923567
2024,VA,5,32324.0,21353.0,0.39780539150846733
2024,VA,6,2878.0,1443.0,0.3339504744272159
2024,VA,7,14503.0,10796.0,0.42673623463377997
2024,VA,8,373.0,140.0,0.2729044834307992
2024,VA,17,3375.0,1507.0,0.30868496517820565
2024,VA,18,4131.0,1.0,0.0002420135527589545
2024,VA,19,30.0,0.0,0.0
2024,VA,20,373.0,4.0,0.010610079575596816
2024,VA,21,9098.0,1410.0,0.13418347925390178
2024,VI,3,14.0,4.0,0.2222222222222222
2024,VI,5,102.0,60.0,0.37037037037037035
2024,VI,7,15.0,17.0,0.53125
2024,VI,8,0.0,0.0,
2024,VI,17,7.0,0.0,0.0
2024,VI,21,4.0,0.0,0.0
2024,VT,2,349.0,30.0,0.079155672823219
2024,VT,3,506.0,153.0,0.2321699544764795
2024,VT,5,2912.0,2648.0,0.4762589928057554
2024,VT,6,114.0,82.0,0.41836734693877553
2024,VT,7,824.0,678.0,0.45139813581890814
2024,VT,8,52.0,0.0,0.0
2024,VT,17,50.0,29.0,0.3670886075949367
2024,VT,18,313.0,0.0,0.0
2024,VT,20,27.0,0.0,0.0
2024,VT,21,102.0,165.0,0.6179775280898876
2024,WA,2,4095.0,992.0,0.1950068802830745
2024,WA,3,7908.0,2701.0,0.25459515505702707
2024,WA,4,436.0,39.0,0.08210526315789474
2024,WA,5,16523.0,14981.0,0.47552691721686136
2024,WA,6,914.0,384.0,0.29583975346687214
2024,WA,7,5984.0,4673.0,0.4384911325889087
2024,WA,8,120.0,2.0,0.01639344262295082
2024,WA,17,572.0,494.0,0.4634146341463415
2024,WA,18,1829.0,0.0,0.0
2024,WA,19,198.0,0.0,0.0
2024,WA,20,1931.0,244.0,0.11218390804597701
2024,WA,21,8572.0,2319.0,0.21292810577541088
2024,WI,2,5846.0,1273.0,0.1788172496137098
2024,WI,3,5631.0,3761.0,0.4004471890971039
2024,WI,4,441.0,7.0,0.015625
2024,WI,5,19997.0,12609.0,0.38670796785867634
2024,WI,6,495.0,331.0,0.400726392251816
2024,WI,7,6269.0,3586.0,0.3638762049720954
2024,WI,8,447.0,6.0,0.013245033112582781
2024,WI,17,714.0,502.0,0.4128289473684211
2024,WI,18,1944.0,10.0,0.00511770726714432
2024,WI,19,2.0,0.0,0.0
2024,WI,20,8298.0,484.0,0.05511273058528809
2024,WI,21,8672.0,5208.0,0.37521613832853024
2024,WV,2,1509.0,790.0,0.3436276642018269
2024,WV,3,3264.0,1162.0,0.26253953908721195
2024,WV,4,185.0,0.0,0.0
2024,WV,5,9223.0,6388.0,0.409198641983217
2024,WV,6,220.0,157.0,0.41644562334217505
2024,WV,7,3630.0,2771.0,0.43290110920168723
2024,WV,8,101.0,0.0,0.0
2024,WV,17,135.0,117.0,0.4642857142857143
2024,WV,18,834.0,0.0,0.0
2024,WV,20,198.0,0.0,0.0
2024,WV,21,993.0,618.0,0.38361266294227186
2024,WY,2,1524.0,63.0,0.03969754253308128
2024,WY,3,1746.0,334.0,0.1605769230769231
2024,WY,5,1353.0,580.0,0.3000517330574237
2024,WY,6,83.0,23.0,0.2169811320754717
2024,WY,7,309.0,244.0,0.4412296564195298
2024,WY,17,70.0,38.0,0.35185185185185186
2024,WY,18,126.0,0.0,0.0
2024,WY,20,1.0,0.0,0.0
2024,WY,21,397.0,135.0,0.25375939849624063
