state_fips,year,share_using_ai,periods,series,state_abbr
01,2025,14.5,1,ai_in_any_function,AL
04,2025,24.5,1,ai_in_any_function,AZ
05,2025,14.4,1,ai_in_any_function,AR
06,2025,19.4,1,ai_in_any_function,CA
08,2025,25.2,1,ai_in_any_function,CO
09,2025,15.7,1,ai_in_any_function,CT
11,2025,23.2,1,ai_in_any_function,DC
12,2025,16.5,1,ai_in_any_function,FL
13,2025,16.6,1,ai_in_any_function,GA
15,2025,15.4,1,ai_in_any_function,HI
16,2025,12.8,1,ai_in_any_function,ID
17,2025,14.4,1,ai_in_any_function,IL
18,2025,18.9,1,ai_in_any_function,IN
19,2025,14.2,1,ai_in_any_function,IA
20,2025,19.1,1,ai_in_any_function,KS
21,2025,13.5,1,ai_in_any_function,KY
22,2025,13.3,1,ai_in_any_function,LA
23,2025,11.4,1,ai_in_any_function,ME
24,2025,21.2,1,ai_in_any_function,MD
25,2025,17.7,1,ai_in_any_function,MA
26,2025,16.4,1,ai_in_any_function,MI
27,2025,19.1,1,ai_in_any_function,MN
28,2025,11.6,1,ai_in_any_function,MS
29,2025,18.6,1,ai_in_any_function,MO
30,2025,14.6,1,ai_in_any_function,MT
31,2025,20.2,1,ai_in_any_function,NE
32,2025,21.3,1,ai_in_any_function,NV
33,2025,11.8,1,ai_in_any_function,NH
34,2025,12.7,1,ai_in_any_function,NJ
35,2025,9.0,1,ai_in_any_function,NM
36,2025,13.9,1,ai_in_any_function,NY
37,2025,20.6,1,ai_in_any_function,NC
39,2025,15.9,1,ai_in_any_function,OH
40,2025,15.8,1,ai_in_any_function,OK
41,2025,21.1,1,ai_in_any_function,OR
42,2025,15.5,1,ai_in_any_function,PA
45,2025,16.2,1,ai_in_any_function,SC
46,2025,11.5,1,ai_in_any_function,SD
47,2025,20.4,1,ai_in_any_function,TN
48,2025,19.6,1,ai_in_any_function,TX
49,2025,15.3,1,ai_in_any_function,UT
51,2025,19.8,1,ai_in_any_function,VA
53,2025,17.8,1,ai_in_any_function,WA
55,2025,14.2,1,ai_in_any_function,WI
56,2025,19.0,1,ai_in_any_function,WY
72,2025,10.1,1,ai_in_any_function,PR
01,2023,3.6,4,ai_in_production,AL
01,2024,3.9473684210526314,19,ai_in_production,AL
01,2025,6.388235294117647,17,ai_in_production,AL
04,2023,5.699999999999999,9,ai_in_production,AZ
04,2024,6.373076923076923,26,ai_in_production,AZ
04,2025,10.105263157894736,19,ai_in_production,AZ
05,2023,4.949999999999999,2,ai_in_production,AR
05,2024,5.2,6,ai_in_production,AR
05,2025,7.5181818181818185,11,ai_in_production,AR
06,2023,5.411111111111111,9,ai_in_production,CA
06,2024,6.403846153846154,26,ai_in_production,CA
06,2025,9.689473684210526,19,ai_in_production,CA
08,2023,6.233333333333333,9,ai_in_production,CO
08,2024,7.1461538461538465,26,ai_in_production,CO
08,2025,11.526315789473685,19,ai_in_production,CO
09,2023,3.6374999999999997,8,ai_in_production,CT
09,2024,4.6625,24,ai_in_production,CT
09,2025,8.110526315789473,19,ai_in_production,CT
10,2023,9.55,2,ai_in_production,DE
10,2024,9.466666666666667,3,ai_in_production,DE
10,2025,13.463636363636363,11,ai_in_production,DE
11,2023,11.5,1,ai_in_production,DC
11,2024,13.280000000000001,5,ai_in_production,DC
11,2025,20.5,12,ai_in_production,DC
12,2023,5.722222222222222,9,ai_in_production,FL
12,2024,6.565384615384615,26,ai_in_production,FL
12,2025,10.75263157894737,19,ai_in_production,FL
13,2023,4.188888888888889,9,ai_in_production,GA
13,2024,5.188461538461539,26,ai_in_production,GA
13,2025,8.836842105263159,19,ai_in_production,GA
15,2025,10.483333333333333,6,ai_in_production,HI
16,2023,4.771428571428571,7,ai_in_production,ID
16,2024,5.205,20,ai_in_production,ID
16,2025,9.005555555555555,18,ai_in_production,ID
17,2023,3.888888888888889,9,ai_in_production,IL
17,2024,5.223076923076923,26,ai_in_production,IL
17,2025,8.115789473684211,19,ai_in_production,IL
18,2023,3.2222222222222223,9,ai_in_production,IN
18,2024,4.546153846153846,26,ai_in_production,IN
18,2025,6.852631578947368,19,ai_in_production,IN
19,2023,4.014285714285714,7,ai_in_production,IA
19,2024,4.609523809523809,21,ai_in_production,IA
19,2025,6.757894736842106,19,ai_in_production,IA
20,2023,4.066666666666666,6,ai_in_production,KS
20,2024,5.211111111111111,18,ai_in_production,KS
20,2025,7.605555555555556,18,ai_in_production,KS
21,2023,4.279999999999999,5,ai_in_production,KY
21,2024,4.461538461538462,13,ai_in_production,KY
21,2025,6.652941176470589,17,ai_in_production,KY
22,2023,2.75,4,ai_in_production,LA
22,2024,4.294444444444444,18,ai_in_production,LA
22,2025,6.463157894736842,19,ai_in_production,LA
23,2024,6.4,1,ai_in_production,ME
23,2025,7.489999999999999,10,ai_in_production,ME
24,2023,4.566666666666666,9,ai_in_production,MD
24,2024,6.026923076923077,26,ai_in_production,MD
24,2025,9.578947368421053,19,ai_in_production,MD
25,2023,4.611111111111111,9,ai_in_production,MA
25,2024,5.811538461538461,26,ai_in_production,MA
25,2025,9.168421052631578,19,ai_in_production,MA
26,2023,3.288888888888889,9,ai_in_production,MI
26,2024,4.576923076923077,26,ai_in_production,MI
26,2025,7.3,19,ai_in_production,MI
27,2023,4.199999999999999,9,ai_in_production,MN
27,2024,5.861538461538462,26,ai_in_production,MN
27,2025,9.605263157894736,19,ai_in_production,MN
28,2025,6.8,3,ai_in_production,MS
29,2023,3.8000000000000003,9,ai_in_production,MO
29,2024,4.484,25,ai_in_production,MO
29,2025,7.126315789473685,19,ai_in_production,MO
30,2023,4.65,2,ai_in_production,MT
30,2024,6.125,8,ai_in_production,MT
30,2025,8.55,14,ai_in_production,MT
31,2023,5.7,1,ai_in_production,NE
31,2024,5.577777777777778,9,ai_in_production,NE
31,2025,8.178947368421053,19,ai_in_production,NE
32,2023,4.875,8,ai_in_production,NV
32,2024,6.108,25,ai_in_production,NV
32,2025,10.026315789473685,19,ai_in_production,NV
33,2023,6.3,1,ai_in_production,NH
33,2024,6.2250000000000005,4,ai_in_production,NH
33,2025,9.125,8,ai_in_production,NH
34,2023,3.1888888888888887,9,ai_in_production,NJ
34,2024,3.996153846153846,26,ai_in_production,NJ
34,2025,6.794736842105263,19,ai_in_production,NJ
35,2024,6.4125,8,ai_in_production,NM
35,2025,7.972727272727273,11,ai_in_production,NM
36,2023,3.5888888888888886,9,ai_in_production,NY
36,2024,4.492307692307692,26,ai_in_production,NY
36,2025,7.063157894736841,19,ai_in_production,NY
37,2023,4.377777777777777,9,ai_in_production,NC
37,2024,5.0307692307692315,26,ai_in_production,NC
37,2025,8.842105263157896,19,ai_in_production,NC
39,2023,3.6222222222222222,9,ai_in_production,OH
39,2024,4.773076923076923,26,ai_in_production,OH
39,2025,7.963157894736843,19,ai_in_production,OH
40,2023,3.54,5,ai_in_production,OK
40,2024,4.993333333333334,15,ai_in_production,OK
40,2025,6.7894736842105265,19,ai_in_production,OK
41,2023,5.199999999999999,9,ai_in_production,OR
41,2024,6.269230769230769,26,ai_in_production,OR
41,2025,9.34736842105263,19,ai_in_production,OR
42,2023,3.4444444444444446,9,ai_in_production,PA
42,2024,4.361538461538462,26,ai_in_production,PA
42,2025,7.257894736842106,19,ai_in_production,PA
44,2023,8.7,1,ai_in_production,RI
44,2025,13.600000000000001,2,ai_in_production,RI
45,2023,4.025,8,ai_in_production,SC
45,2024,4.904761904761905,21,ai_in_production,SC
45,2025,8.200000000000001,19,ai_in_production,SC
46,2023,5.9,1,ai_in_production,SD
46,2024,6.9,2,ai_in_production,SD
46,2025,9.3,2,ai_in_production,SD
47,2023,4.1375,8,ai_in_production,TN
47,2024,4.776923076923077,26,ai_in_production,TN
47,2025,7.7,19,ai_in_production,TN
48,2023,4.344444444444445,9,ai_in_production,TX
48,2024,5.303846153846154,26,ai_in_production,TX
48,2025,9.173684210526316,19,ai_in_production,TX
49,2023,4.877777777777777,9,ai_in_production,UT
49,2024,7.357692307692308,26,ai_in_production,UT
49,2025,11.189473684210526,19,ai_in_production,UT
50,2024,8.3,1,ai_in_production,VT
50,2025,10.299999999999999,3,ai_in_production,VT
51,2023,4.300000000000001,9,ai_in_production,VA
51,2024,5.626923076923077,26,ai_in_production,VA
51,2025,8.973684210526315,19,ai_in_production,VA
53,2023,5.033333333333333,9,ai_in_production,WA
53,2024,6.738461538461538,26,ai_in_production,WA
53,2025,10.636842105263158,19,ai_in_production,WA
54,2025,7.6499999999999995,2,ai_in_production,WV
55,2023,2.966666666666667,9,ai_in_production,WI
55,2024,4.069230769230769,26,ai_in_production,WI
55,2025,6.3052631578947365,19,ai_in_production,WI
56,2025,15.4,3,ai_in_production,WY
72,2023,4.366666666666666,3,ai_in_production,PR
72,2024,5.25,10,ai_in_production,PR
72,2025,6.775,16,ai_in_production,PR
