state_fips,start,end,measure,cells_exposed,cells_unexposed,employment_growth_exposed,wage_growth_exposed,wage_growth_exposed_se,employment_growth_unexposed,wage_growth_unexposed,wage_growth_unexposed_se,employment_growth_gap,wage_growth_gap
01,2022,2024,eloundou_beta,167,437,0.022394442044294693,0.0386454055008468,0.0018251263313729326,0.015931229150225434,0.046646928645880326,0.001323902671690025,0.006463212894069259,-0.008001523145033523
02,2022,2024,eloundou_beta,142,294,0.03075657751207737,0.03575012278879646,0.002876455503714391,0.024732727549664386,0.051824466154220955,0.002343075452003868,0.006023849962412984,-0.016074343365424494
04,2022,2024,eloundou_beta,178,418,0.0007681735156965687,0.04906388141881793,0.002121117014592434,0.039049179682139314,0.05240072490608027,0.001421956391591665,-0.03828100616644275,-0.0033368434872623406
05,2022,2024,eloundou_beta,157,412,0.030443186017911246,0.03987221738409837,0.0027501113894996473,0.02052754831698175,0.04487172469654479,0.0014767550212724477,0.009915637700929496,-0.004999507312446416
06,2022,2024,eloundou_beta,193,502,0.005105749626410571,0.04156138889453226,0.002081117967804958,0.01588235199955647,0.05030315768850693,0.001045043237879302,-0.010776602373145901,-0.008741768793974675
08,2022,2024,eloundou_beta,174,448,0.012523552962421306,0.04524418296804158,0.0024800248744688193,0.025403962539809557,0.05694576023937873,0.001647387337483912,-0.01288040957738825,-0.011701577271337152
09,2022,2024,eloundou_beta,167,387,0.005193146427082872,0.04382269319943294,0.0024699055542747616,0.020484193390827844,0.043466949000555366,0.0016017930486572126,-0.015291046963744972,0.00035574419887757225
10,2022,2024,eloundou_beta,125,287,0.00795252611552936,0.04205948800753283,0.003023301616030246,0.032547373118831636,0.05715530943691574,0.00202216539049953,-0.024594847003302278,-0.015095821429382913
11,2022,2024,eloundou_beta,149,232,-0.009608882390531592,0.03465780489490896,0.0023703312721843834,0.039788318212442074,0.039861583838346364,0.0021484096195615882,-0.049397200602973666,-0.005203778943437404
12,2022,2024,eloundou_beta,186,492,0.020495961403312737,0.048402835347649956,0.0018889574280868799,0.035172423744921875,0.05555779315053446,0.001207411602106334,-0.014676462341609138,-0.007154957802884505
13,2022,2024,eloundou_beta,182,463,0.020475249616417553,0.04158660758066758,0.0023282168673269426,0.026362435896173753,0.04956159388694459,0.001394622448512288,-0.0058871862797562,-0.007974986306277007
15,2022,2024,eloundou_beta,144,299,0.0016957684889255247,0.03489867474528667,0.0029403762047848117,0.03017132901074561,0.05819045766701019,0.0035485695904578967,-0.028475560521820084,-0.02329178292172352
16,2022,2024,eloundou_beta,166,376,0.043019840199426326,0.05773219766808729,0.003565385423990546,0.03223325041769799,0.057230461548429784,0.0017116636045135742,0.010786589781728334,0.0005017361196575088
17,2022,2024,eloundou_beta,185,443,-0.009665070510853245,0.038186480025422825,0.002023960566900649,0.019417958086620037,0.04765860923643641,0.0011934356385080703,-0.029083028597473283,-0.009472129211013584
18,2022,2024,eloundou_beta,185,484,0.017543910130481143,0.046938008870375234,0.0019101549374712418,0.008896062883689089,0.05113068630529792,0.001204969256862685,0.008647847246792054,-0.004192677434922687
19,2022,2024,eloundou_beta,181,443,0.0009510678601075266,0.042938504830892586,0.002045271532474602,0.012082848909499035,0.04625717151155098,0.0013872129893408478,-0.011131781049391509,-0.0033186666806583956
20,2022,2024,eloundou_beta,172,419,-0.0022459261385492754,0.043141770190785036,0.0028975185311350027,0.02711893478970215,0.049875572629777674,0.001351781956016638,-0.029364860928251427,-0.006733802438992638
21,2022,2024,eloundou_beta,176,437,0.020563132357266468,0.043459068737667576,0.00229627782885326,0.02945730263599798,0.04585593992106594,0.0015279876011732166,-0.008894170278731513,-0.002396871183398361
22,2022,2024,eloundou_beta,169,411,0.00318348610084435,0.0353581508742703,0.002533060846266348,0.023179835983577632,0.042033372854450565,0.0014528093984129025,-0.019996349882733282,-0.006675221980180265
23,2022,2024,eloundou_beta,160,372,0.0005654257662948787,0.04931083265762881,0.0033932806151343265,0.02429237494695123,0.05984031619415793,0.0015696173328929256,-0.02372694918065635,-0.010529483536529119
24,2022,2024,eloundou_beta,194,424,0.005116999774695516,0.038287450714415194,0.002397730476058079,0.022850277900613208,0.048608019235326407,0.0012813570999090549,-0.01773327812591769,-0.010320568520911212
25,2022,2024,eloundou_beta,169,419,0.013222948008803059,0.03826597621109865,0.0022113679382840994,0.013647480764097041,0.039281556888050594,0.0013892704791961439,-0.0004245327552939819,-0.001015580676951941
26,2022,2024,eloundou_beta,193,480,0.01147945558295159,0.03854968210151312,0.0023781573291820368,0.01748937453398514,0.04416515183340705,0.001107180921179971,-0.00600991895103355,-0.005615469731893932
27,2022,2024,eloundou_beta,187,448,0.007344855050735952,0.0380834499111062,0.0022268690235592026,0.015682353701503025,0.044740733032627995,0.0011382860313228864,-0.008337498650767074,-0.006657283121521793
28,2022,2024,eloundou_beta,160,404,0.024219849900280453,0.04840698238816227,0.0028676811363202814,0.007641978942959384,0.05143934680244902,0.0015308153984626828,0.016577870957321068,-0.0030323644142867534
29,2022,2024,eloundou_beta,182,446,-0.007853659349974161,0.03701677859889369,0.002360340566898726,0.0233978150591719,0.04413365460827902,0.0016439875270484123,-0.03125147440914606,-0.007116876009385327
30,2022,2024,eloundou_beta,149,352,0.008827846608074464,0.052159733651194466,0.003226616440717601,0.02128246578689945,0.05616075897549328,0.0018204648365210535,-0.012454619178824984,-0.004001025324298815
31,2022,2024,eloundou_beta,172,414,0.007882004145601296,0.042913502470807406,0.0022278749484873715,0.030123853763886807,0.0526223006154787,0.0017494173242960296,-0.02224184961828551,-0.009708798144671293
32,2022,2024,eloundou_beta,155,387,0.01213941878237167,0.04531464052634233,0.003473940652117312,0.05442674266611033,0.05627919870264622,0.002166193065923709,-0.04228732388373865,-0.010964558176303894
33,2022,2024,eloundou_beta,155,363,-0.013313739599678362,0.03982008476735877,0.0022885329616970217,0.03129422301141243,0.05020638134195077,0.0015809488903507035,-0.04460796261109079,-0.010386296574591995
34,2022,2024,eloundou_beta,189,440,0.019757776961587745,0.032922524935719566,0.0024262180445264727,0.016724331406106872,0.04160558272985135,0.0015331244581369334,0.0030334455554808723,-0.008683057794131782
35,2022,2024,eloundou_beta,163,373,0.016348146620062783,0.0505246173184682,0.002474163588802593,0.029184749168087006,0.05625930620821349,0.0018786740210202481,-0.012836602548024222,-0.005734688889745293
36,2022,2024,eloundou_beta,193,493,0.0034678206936560813,0.03480349855230029,0.0022404150773834525,0.02120138089203229,0.03758026135022691,0.001182880057181092,-0.01773356019837621,-0.0027767627979266157
37,2022,2024,eloundou_beta,188,470,0.030980159331185024,0.04099224644633162,0.0017433293035443345,0.023842978385744024,0.051888912291665854,0.0011622244507295447,0.007137180945441,-0.010896665845334233
38,2022,2024,eloundou_beta,140,317,0.023870519972044122,0.042031851444834845,0.002383080166847951,0.016218228324197236,0.04013443082369321,0.001605686933504503,0.007652291647846886,0.001897420621141635
39,2022,2024,eloundou_beta,191,492,0.00015471493896166116,0.03943637937857735,0.0019653963635104955,0.019703788535370175,0.04555420256730769,0.0015645116559446874,-0.019549073596408513,-0.006117823188730338
40,2022,2024,eloundou_beta,176,439,0.01376037616829063,0.04205320812364175,0.002595227881587505,0.03175303215304666,0.043978935092350326,0.00150503728102998,-0.01799265598475603,-0.0019257269687085743
41,2022,2024,eloundou_beta,186,459,0.005982380697002728,0.05678194026756502,0.002329171640138398,0.02408411393204233,0.05547135777411167,0.0014690592639355128,-0.0181017332350396,0.0013105824934533522
42,2022,2024,eloundou_beta,196,486,-0.0014811390376156704,0.035275630378324124,0.0018720983594613838,0.020758611857272083,0.04193858736544702,0.001191765957047464,-0.022239750894887753,-0.006662956987122895
44,2022,2024,eloundou_beta,136,268,-0.006711510166070331,0.027361615009761326,0.00309115032618055,0.01257418430264056,0.04264462966577238,0.002162640523722535,-0.019285694468710892,-0.015283014656011052
45,2022,2024,eloundou_beta,183,445,0.028982520316334203,0.05703692574732924,0.0021602533454798444,0.024605525970054273,0.056273585295663286,0.0013266481804887712,0.0043769943462799304,0.0007633404516659559
46,2022,2024,eloundou_beta,142,355,-0.008602822963802817,0.050647314515976094,0.002024696411369292,0.030656861283629728,0.05078226829802381,0.0012244284254413127,-0.03925968424743254,-0.0001349537820477184
47,2022,2024,eloundou_beta,176,470,0.02067593569693895,0.05148986155403696,0.002241458641479985,0.023900823910082577,0.053248871760918824,0.00141306546588629,-0.0032248882131436264,-0.0017590102068818642
48,2022,2024,eloundou_beta,193,511,0.03078606302308943,0.039329047919757325,0.0017993537463272594,0.030071496338316926,0.043801217896622,0.0012913846370239974,0.0007145666847725024,-0.0044721699768646775
49,2022,2024,eloundou_beta,180,429,0.016141676425692458,0.04778675315048538,0.002548121957309366,0.02529889021219741,0.04968191785035458,0.0015408445743082854,-0.009157213786504952,-0.0018951646998691951
50,2022,2024,eloundou_beta,129,300,0.005107430476088123,0.0458317670685658,0.002957129898831179,0.01939207806302401,0.06510377893468047,0.002497788139745031,-0.014284647586935886,-0.01927201186611467
51,2022,2024,eloundou_beta,179,453,0.013754509547824605,0.043719609283141316,0.0018477277521828552,0.030658425750631102,0.05180333559612336,0.0015045609821671842,-0.0169039162028065,-0.008083726312982042
53,2022,2024,eloundou_beta,191,475,0.01482380599037956,0.0541031056182964,0.001829587718367,0.023263050876497972,0.05402319496826317,0.001113117926123631,-0.008439244886118412,7.991065003323111e-05
54,2022,2024,eloundou_beta,156,380,0.004863207744401921,0.04358917406893287,0.002564430891318311,0.01681531663776954,0.05419785769101846,0.0019472979505790247,-0.011952108893367619,-0.010608683622085592
55,2022,2024,eloundou_beta,184,477,0.018350131334640196,0.04537675435653441,0.0019594928509233524,0.019785563514918777,0.049635543728802085,0.0013133555819670314,-0.0014354321802785806,-0.004258789372267674
56,2022,2024,eloundou_beta,117,313,0.028547023751760204,0.045657347902373455,0.003083720258212183,0.016883749644991036,0.0445279217348539,0.0021957889435724985,0.011663274106769168,0.0011294261675195566
66,2022,2024,eloundou_beta,46,93,0.04089016378603865,0.04228227534003669,0.003889425603461039,0.020352112536719605,0.025343408329934966,0.005198800760126116,0.020538051249319046,0.01693886701010172
72,2022,2024,eloundou_beta,159,302,0.02204491595351602,0.04733499302635882,0.0029210887989020596,0.021827933935982084,0.0543274993700354,0.0026688527130818073,0.0002169820175339371,-0.006992506343676583
78,2022,2024,eloundou_beta,48,79,0.03806184773640034,0.04218571453512495,0.006287476458203731,0.036174289666961915,0.03495335980436828,0.004636288080518981,0.0018875580694384247,0.007232354730756674
01,2022,2024,felten_aioe,163,376,0.011999033019902213,0.03854821413196311,0.0020248619078727247,0.01549918374599739,0.0477520845315359,0.001281886945114234,-0.0035001507260951775,-0.009203870399572787
02,2022,2024,felten_aioe,120,256,0.0423693308583418,0.03833572398980897,0.002875948065751626,0.024662697549626453,0.0538991722579974,0.002515873519123792,0.017706633308715344,-0.01556344826818843
04,2022,2024,felten_aioe,163,363,0.01656911895955324,0.05368511639151379,0.002283655921799076,0.037447893158113865,0.05130861123475751,0.0014256361398813679,-0.020878774198560626,0.0023765051567562825
05,2022,2024,felten_aioe,149,354,0.030292445470417186,0.03830705953825094,0.0026993803545209065,0.021502377485152775,0.04618813946896971,0.001578242339640105,0.00879006798526441,-0.007881079930718772
06,2022,2024,felten_aioe,182,433,0.006321623571957485,0.04749973484915593,0.0021213127478328002,0.008249249366149758,0.0491402885544266,0.0010317603865066512,-0.0019276257941922732,-0.0016405537052706712
08,2022,2024,felten_aioe,163,386,0.016943645090235174,0.05636490596504502,0.0036439554648513782,0.02074236630264028,0.05338388722543032,0.0011989025450174998,-0.0037987212124051054,0.0029810187396147048
09,2022,2024,felten_aioe,159,331,0.0023895796286775295,0.04241912572754796,0.0027019331905611716,0.01741035465445179,0.04431694070863019,0.00151787194319647,-0.015020775025774261,-0.001897814981082227
10,2022,2024,felten_aioe,110,251,0.012069838619956537,0.04507961671950236,0.003063432901247832,0.0215642943806253,0.05563858011833387,0.0021182902520881096,-0.009494455760668763,-0.010558963398831507
11,2022,2024,felten_aioe,144,190,-0.0032587763535443545,0.03422642827397954,0.002575869325987382,0.03581014936920757,0.04179018050852351,0.0019379029201459384,-0.03906892572275192,-0.0075637522345439745
12,2022,2024,felten_aioe,173,421,0.023119343477928128,0.047919215580392936,0.0024501341712174812,0.03495408219282272,0.05615776826464185,0.0011610485865034814,-0.011834738714894592,-0.00823855268424891
13,2022,2024,felten_aioe,166,401,0.01587601788869097,0.04378957332691558,0.002604567703324609,0.019761464891883705,0.04753313848079886,0.001430815931180807,-0.0038854470031927345,-0.0037435651538832784
15,2022,2024,felten_aioe,127,264,0.0013092088449548015,0.028037016398565883,0.003093541998049592,0.02479421288776345,0.06230200987320173,0.003925686242715604,-0.02348500404280865,-0.03426499347463585
16,2022,2024,felten_aioe,150,329,0.03079691067446791,0.05612574678388518,0.0036923935097983585,0.040816184152400695,0.05826599747398707,0.0016654637448477326,-0.010019273477932786,-0.0021402506901018886
17,2022,2024,felten_aioe,173,375,-0.0043396360054171945,0.039680840188561474,0.00190966449819619,0.010404034812821428,0.047357770432082,0.0012177580203560038,-0.014743670818238623,-0.007676930243520529
18,2022,2024,felten_aioe,175,411,0.020552838020391744,0.0482270948905624,0.00197950165047772,0.0030080860087984967,0.05041208168695053,0.0013035394665790625,0.017544752011593247,-0.002184986796388129
19,2022,2024,felten_aioe,169,378,0.004416774418849855,0.035977656688378705,0.002431054928535671,0.008670521907798674,0.051334103530667904,0.0012867014135051142,-0.0042537474889488185,-0.0153564468422892
20,2022,2024,felten_aioe,162,362,0.01018792873189115,0.04502860787991466,0.0030251551165583605,0.01723931910656695,0.05201366488551089,0.001288180826995389,-0.0070513903746757985,-0.006985057005596228
21,2022,2024,felten_aioe,166,373,0.02237169295890015,0.04277545452317926,0.002696599700421325,0.01765976213050009,0.046089772127393694,0.001551251310128589,0.00471193082840006,-0.0033143176042144326
22,2022,2024,felten_aioe,154,363,0.006492257027422015,0.0374258484011141,0.0024415273745038973,0.013762316228963158,0.039941174066990826,0.001548402071719886,-0.007270059201541143,-0.0025153256658767276
23,2022,2024,felten_aioe,144,322,0.017850713638447795,0.04680177273857249,0.003628276068719596,0.012083535081447782,0.060201529280961216,0.0015597402945645052,0.005767178557000013,-0.013399756542388723
24,2022,2024,felten_aioe,180,357,0.017290460929964575,0.03894103505398786,0.002319723972643882,0.024818942822601848,0.049025448447527833,0.0013806102996114793,-0.007528481892637273,-0.010084413393539972
25,2022,2024,felten_aioe,164,352,0.02224120049472031,0.04032853166789898,0.0023700014118238676,0.007841294318044104,0.038040181687300556,0.0014261628818582153,0.014399906176676205,0.002288349980598424
26,2022,2024,felten_aioe,185,402,0.013710644683855962,0.0360059718917455,0.0023308236822494437,0.016306546961868687,0.04633687941673443,0.0012031461740966498,-0.0025959022780127246,-0.010330907524988928
27,2022,2024,felten_aioe,177,379,0.004973866423309264,0.042520998680765525,0.002125401230584097,0.01566311919600341,0.043087288446298076,0.0013785828840663552,-0.010689252772694148,-0.0005662897655325516
28,2022,2024,felten_aioe,153,351,0.025330065024938914,0.0460161543757161,0.002996354216737717,0.0012417103994740802,0.05245418609348316,0.0016216468483756772,0.024088354625464835,-0.006438031717767058
29,2022,2024,felten_aioe,164,387,0.007619247447462414,0.03407688346007194,0.0022958003285062493,0.021081557053153448,0.04471454082314984,0.0017789744612198833,-0.013462309605691034,-0.010637657363077896
30,2022,2024,felten_aioe,142,301,0.009227961653282499,0.0486739586441271,0.003268428453008133,0.014357815036430634,0.05663578707491568,0.0018735666213485658,-0.005129853383148135,-0.007961828430788576
31,2022,2024,felten_aioe,161,352,0.004642299890177692,0.04141341807111504,0.002510394388991099,0.02476903389058924,0.052141489020313965,0.0018723847998659679,-0.02012673400041155,-0.010728070949198927
32,2022,2024,felten_aioe,137,337,0.023964883876019943,0.04155268040645072,0.0034947418145907998,0.04213620090768864,0.056147480909116414,0.002173797965557434,-0.018171317031668695,-0.014594800502665692
33,2022,2024,felten_aioe,139,315,-0.019929582615823133,0.03951730127881594,0.0026063889863492972,0.037672763227331374,0.05154174334751318,0.0015500978443909069,-0.057602345843154504,-0.012024442068697239
34,2022,2024,felten_aioe,175,377,0.01151441865960227,0.028292234181142406,0.0022550260031631423,0.014761026515824147,0.04542004803395986,0.0015861253404438021,-0.0032466078562218767,-0.017127813852817454
35,2022,2024,felten_aioe,151,319,0.018313149810218764,0.05406332858385859,0.002874469861413806,0.02185576376881652,0.054527564095205004,0.0019481192038037717,-0.0035426139585977567,-0.00046423551134641694
36,2022,2024,felten_aioe,181,415,0.011659691588215006,0.03391515293436971,0.001627986474584743,0.015768779252928543,0.03854965450117949,0.0012917255820923776,-0.004109087664713537,-0.004634501566809779
37,2022,2024,felten_aioe,175,407,0.035012877728965816,0.039797773114217845,0.001681330670628982,0.01424906386455523,0.05124132115652077,0.0012212355110058485,0.020763813864410584,-0.011443548042302923
38,2022,2024,felten_aioe,122,279,0.023515395838042488,0.038208086844301735,0.0024001725941681686,0.018854659298151617,0.04065165312184132,0.001627998791659696,0.00466073653989087,-0.0024435662775395828
39,2022,2024,felten_aioe,182,419,0.0075014512178658375,0.03468466911429425,0.002171513256994662,0.008498788184285538,0.04715381292341328,0.0016247378444751491,-0.000997336966419701,-0.01246914380911903
40,2022,2024,felten_aioe,157,384,0.011752426428839254,0.04136148611792209,0.0023279165561826067,0.02701816383648562,0.04637966516326696,0.001664286044548885,-0.015265737407646368,-0.005018179045344871
41,2022,2024,felten_aioe,177,391,0.012536222220213519,0.04991011395133119,0.0026587314874939334,0.01969764893311902,0.05696036036079171,0.001452322370046108,-0.007161426712905502,-0.007050246409460517
42,2022,2024,felten_aioe,184,418,0.0067589545375804,0.03383016946065106,0.00193475589642154,0.020299340796720182,0.04151252543339451,0.0012645821683724392,-0.013540386259139782,-0.00768235597274345
44,2022,2024,felten_aioe,117,234,-0.0027161861907741103,0.03028640550239379,0.0033085658537157932,0.005398472519146474,0.04318765449345032,0.0023152281674142304,-0.008114658709920584,-0.012901248991056533
45,2022,2024,felten_aioe,172,380,0.02321635829343158,0.05797095156684721,0.002361033758628624,0.015459210663667516,0.05582735270359229,0.0012770682018767565,0.0077571476297640645,0.0021435988632549155
46,2022,2024,felten_aioe,131,305,-0.005336229945385936,0.04971381482875033,0.0021858284971773448,0.023149440940620734,0.051081611822492504,0.0011892079110308248,-0.02848567088600667,-0.0013677969937421763
47,2022,2024,felten_aioe,169,401,0.023299460353493052,0.05089503250374491,0.002384552784039397,0.021116800725440053,0.05295305546927222,0.0014895525406919252,0.0021826596280529985,-0.0020580229655273105
48,2022,2024,felten_aioe,183,440,0.02580492990143798,0.03520323147847156,0.0018534910543081804,0.026619417576435208,0.046594146770798865,0.0012705135137832068,-0.0008144876749972274,-0.011390915292327303
49,2022,2024,felten_aioe,169,375,0.023691168164115966,0.047446276233464174,0.0025271061559722073,0.021079482147237493,0.048736358902226815,0.0016497938869879472,0.002611686016878473,-0.0012900826687626404
50,2022,2024,felten_aioe,119,261,0.007039453749299044,0.04851538041220976,0.005011746956543931,0.011781556864070451,0.06369320952973341,0.0021322503929380714,-0.004742103114771407,-0.015177829117523647
51,2022,2024,felten_aioe,171,389,0.015104837399063122,0.0394062960377791,0.0024105557048896367,0.030206210112063266,0.05392183881129801,0.0014146072512872014,-0.015101372713000143,-0.014515542773518908
53,2022,2024,felten_aioe,179,405,0.01428456434669572,0.0503201747037392,0.0017289587978935052,0.01966752798065563,0.054957712846142676,0.0012282055580846798,-0.00538296363395991,-0.0046375381424034745
54,2022,2024,felten_aioe,147,320,0.0013335034574306645,0.03982776509146049,0.0026692406913890335,0.015026882244764565,0.0547409061193651,0.0020643189503003353,-0.0136933787873339,-0.014913141027904607
55,2022,2024,felten_aioe,175,405,0.01987332613014798,0.04754840671095328,0.0019030456260743737,0.01995171854373177,0.04925014544585835,0.0014020930452928603,-7.839241358379226e-05,-0.0017017387349050755
56,2022,2024,felten_aioe,110,273,0.022970805128600537,0.045861362602993457,0.004089838984732232,0.01672437316653733,0.043097814337028625,0.002074973627246213,0.006246431962063207,0.002763548265964831
66,2022,2024,felten_aioe,45,84,-0.023445250178317983,0.01319225882962875,0.010295553342551974,0.0465282800294022,0.035861549382940935,0.003413417996513371,-0.06997353020772018,-0.022669290553312186
72,2022,2024,felten_aioe,138,268,0.005677337543738101,0.061154737260496826,0.004105169915140402,0.01816981326548344,0.051194548477231566,0.0027208070946283967,-0.01249247572174534,0.00996018878326526
78,2022,2024,felten_aioe,43,69,0.043692779236006174,0.040974424901020726,0.006726801818291934,0.023039733793001806,0.034449499770655596,0.004421038036686925,0.020653045443004368,0.006524925130365129
