vintage,state_fips,measure,cut,wage_bill_usd,share_of_bill_scored,share_of_bill_exposed,occupations
2019,01,eloundou_beta,0.4782608695652174,86288055800.0,0.8996803135759144,0.3522620372083195,665
2019,02,eloundou_beta,0.4782608695652174,17907221900.0,0.8785104070218731,0.3151904658528286,476
2019,04,eloundou_beta,0.4782608695652174,143315055400.0,0.8785024235492847,0.3877634146360739,663
2019,05,eloundou_beta,0.4782608695652174,50658935100.0,0.8941747454932191,0.31277221160368696,611
2019,06,eloundou_beta,0.4782608695652174,1051138444700.0,0.8460662581453006,0.38318538889753295,753
2019,08,eloundou_beta,0.4782608695652174,152325200100.0,0.8570335736588341,0.41286958205027147,674
2019,09,eloundou_beta,0.4782608695652174,100690044800.0,0.8706813416771864,0.39326157362273123,610
2019,10,eloundou_beta,0.4782608695652174,21878550900.0,0.865968847141517,0.3944774249176356,442
2019,11,eloundou_beta,0.4782608695652174,60445311900.0,0.7917523956063829,0.4577084192716617,440
2019,12,eloundou_beta,0.4782608695652174,412431613400.0,0.8888414534422787,0.3803848671058969,726
2019,13,eloundou_beta,0.4782608695652174,210322270500.0,0.8725347128657971,0.38874501023785546,676
2019,15,eloundou_beta,0.4782608695652174,33281108500.0,0.894427663068975,0.2965789173047702,509
2019,16,eloundou_beta,0.4782608695652174,31545973400.0,0.9043432940953409,0.3357834062101543,576
2019,17,eloundou_beta,0.4782608695652174,329713047800.0,0.883913380269933,0.366461353702637,710
2019,18,eloundou_beta,0.4782608695652174,140606401800.0,0.8818083601652908,0.3257800027626244,692
2019,19,eloundou_beta,0.4782608695652174,72594127100.0,0.8895424351758615,0.34448399318946016,659
2019,20,eloundou_beta,0.4782608695652174,63801295400.0,0.8869181392827958,0.36872515598951894,628
2019,21,eloundou_beta,0.4782608695652174,81941549500.0,0.8799112359963366,0.32006430908508804,658
2019,22,eloundou_beta,0.4782608695652174,82760175800.0,0.8756248267901818,0.29525739271462836,670
2019,23,eloundou_beta,0.4782608695652174,29071787900.0,0.8689361241521716,0.327980422497584,577
2019,24,eloundou_beta,0.4782608695652174,158676587000.0,0.8525323096343129,0.413945205575693,680
2019,25,eloundou_beta,0.4782608695652174,234695965800.0,0.86442182083728,0.3988081494822465,687
2019,26,eloundou_beta,0.4782608695652174,217451752800.0,0.8778827282002943,0.35959530152830266,692
2019,27,eloundou_beta,0.4782608695652174,158437975100.0,0.8604217720780503,0.3825917122820467,678
2019,28,eloundou_beta,0.4782608695652174,44430761800.0,0.9028020064242968,0.2979330899457526,618
2019,29,eloundou_beta,0.4782608695652174,132133834700.0,0.8881856752773103,0.3636937498387858,674
2019,30,eloundou_beta,0.4782608695652174,20494600700.0,0.8952148211406724,0.313312894429799,555
2019,31,eloundou_beta,0.4782608695652174,46451961700.0,0.9029529941251114,0.3597631971508331,612
2019,32,eloundou_beta,0.4782608695652174,63853742600.0,0.889980101182041,0.29622343784767674,590
2019,33,eloundou_beta,0.4782608695652174,34986243900.0,0.8852398270738632,0.38585093678835636,590
2019,34,eloundou_beta,0.4782608695652174,239672613600.0,0.8568138591867887,0.39093290614166604,674
2019,35,eloundou_beta,0.4782608695652174,37303165700.0,0.8635634803509451,0.3326306198704899,581
2019,36,eloundou_beta,0.4782608695652174,601059853400.0,0.8723699731964164,0.4024643018537067,725
2019,37,eloundou_beta,0.4782608695652174,215833349800.0,0.87629587677372,0.3894331335130556,703
2019,38,eloundou_beta,0.4782608695652174,20601530100.0,0.8959472335503856,0.30205759935460424,515
2019,39,eloundou_beta,0.4782608695652174,267764542200.0,0.8796243997238257,0.36616776158697745,725
2019,40,eloundou_beta,0.4782608695652174,72058674300.0,0.9118163224382273,0.3496195895952305,665
2019,41,eloundou_beta,0.4782608695652174,100984543600.0,0.8628030993051892,0.35716250632166197,678
2019,42,eloundou_beta,0.4782608695652174,301395693400.0,0.8839844408340839,0.3733219674328859,730
2019,44,eloundou_beta,0.4782608695652174,25918976800.0,0.8760191914674657,0.38907027330898825,463
2019,45,eloundou_beta,0.4782608695652174,92523030300.0,0.9077366297631952,0.3371503547180737,647
2019,46,eloundou_beta,0.4782608695652174,17849673500.0,0.9184901897505297,0.32275802924716757,522
2019,47,eloundou_beta,0.4782608695652174,135713494400.0,0.883114267522685,0.35390826812844484,705
2019,48,eloundou_beta,0.4782608695652174,623837321900.0,0.8854309465129165,0.38367748775646976,746
2019,49,eloundou_beta,0.4782608695652174,72908521800.0,0.8836502854457817,0.3937887731619929,657
2019,50,eloundou_beta,0.4782608695652174,14311520100.0,0.8830551829361578,0.3352673339841818,473
2019,51,eloundou_beta,0.4782608695652174,212901713900.0,0.8562592567273832,0.41827868843470906,635
2019,53,eloundou_beta,0.4782608695652174,202303672200.0,0.8363913055059216,0.3773475295423025,701
2019,54,eloundou_beta,0.4782608695652174,29642622400.0,0.8952451959850893,0.28192854561838204,591
2019,55,eloundou_beta,0.4782608695652174,138606513800.0,0.8716467732124722,0.3505678119631593,674
2019,56,eloundou_beta,0.4782608695652174,13338848900.0,0.9074617450685718,0.25115116945274324,491
2019,66,eloundou_beta,0.4782608695652174,1980474300.0,0.8890775305693187,0.33398926803071705,231
2019,72,eloundou_beta,0.4782608695652174,25007627400.0,0.8810288776135556,0.37979581373592547,518
2019,78,eloundou_beta,0.4782608695652174,1205957700.0,0.9119232789010758,0.29772603710564916,146
2020,01,eloundou_beta,0.4782608695652174,88099014400.0,0.8998715166102925,0.3499765836697345,675
2020,02,eloundou_beta,0.4782608695652174,17493410600.0,0.8796112977534524,0.3210668330122741,461
2020,04,eloundou_beta,0.4782608695652174,149355644700.0,0.8699964327494881,0.39007035647170174,653
2020,05,eloundou_beta,0.4782608695652174,51668069700.0,0.8849083460147148,0.3158443592915676,606
2020,06,eloundou_beta,0.4782608695652174,1069148979400.0,0.838263711389369,0.38721324319338163,745
2020,08,eloundou_beta,0.4782608695652174,154840284300.0,0.8485710988842456,0.4187101969158169,679
2020,09,eloundou_beta,0.4782608695652174,97999843100.0,0.8701487819014682,0.4014477744335128,613
2020,10,eloundou_beta,0.4782608695652174,21334926200.0,0.860290325260183,0.4054844608958983,430
2020,11,eloundou_beta,0.4782608695652174,62780116400.0,0.7825072907956571,0.48581751342939294,418
2020,12,eloundou_beta,0.4782608695652174,413973437500.0,0.8829173905632532,0.382769798148108,726
2020,13,eloundou_beta,0.4782608695652174,213269750900.0,0.8548000221816736,0.3951012129270215,681
2020,15,eloundou_beta,0.4782608695652174,31815021300.0,0.883625075555112,0.3108618824504668,496
2020,16,eloundou_beta,0.4782608695652174,32628892800.0,0.8865759122540622,0.3364556011467703,571
2020,17,eloundou_beta,0.4782608695652174,324057100400.0,0.8785682302550158,0.3748126260113611,707
2020,18,eloundou_beta,0.4782608695652174,138136085000.0,0.8830209137605137,0.32223079715027053,680
2020,19,eloundou_beta,0.4782608695652174,71025028500.0,0.884683849158892,0.3401838521837289,651
2020,20,eloundou_beta,0.4782608695652174,63483492000.0,0.8802598540105513,0.37182991800571724,622
2020,21,eloundou_beta,0.4782608695652174,79906413800.0,0.8796616573975192,0.3236865808661858,645
2020,22,eloundou_beta,0.4782608695652174,80010858400.0,0.8730720966743184,0.3005028874859952,656
2020,23,eloundou_beta,0.4782608695652174,28892979300.0,0.8665624939550627,0.3373273747364371,569
2020,24,eloundou_beta,0.4782608695652174,155024277900.0,0.8435005385695139,0.4233795836192484,660
2020,25,eloundou_beta,0.4782608695652174,231881480600.0,0.8600162241675802,0.4067269461105361,678
2020,26,eloundou_beta,0.4782608695652174,206722114100.0,0.8729736423491811,0.3681321814803978,688
2020,27,eloundou_beta,0.4782608695652174,156573080100.0,0.8527045339769106,0.39033476099477193,682
2020,28,eloundou_beta,0.4782608695652174,44143616600.0,0.901440630942776,0.2995495175595567,622
2020,29,eloundou_beta,0.4782608695652174,132018200100.0,0.8827937860970732,0.36076611013295024,658
2020,30,eloundou_beta,0.4782608695652174,20936183200.0,0.8897695832161041,0.3191308808995136,559
2020,31,eloundou_beta,0.4782608695652174,46461168000.0,0.8966422712403614,0.3624467244176434,600
2020,32,eloundou_beta,0.4782608695652174,61027272900.0,0.8770296878201156,0.29587074258754975,600
2020,33,eloundou_beta,0.4782608695652174,34326099400.0,0.876471805007941,0.3923953201627623,575
2020,34,eloundou_beta,0.4782608695652174,235781270100.0,0.8527118524500645,0.3952708865174819,656
2020,35,eloundou_beta,0.4782608695652174,37918563400.0,0.8563772619086091,0.3462747257144875,579
2020,36,eloundou_beta,0.4782608695652174,581654689300.0,0.86220606078762,0.410062743902469,722
2020,37,eloundou_beta,0.4782608695652174,217297659900.0,0.8711597860147964,0.3958636904679273,691
2020,38,eloundou_beta,0.4782608695652174,20362307500.0,0.8931937895545483,0.30054456782390154,512
2020,39,eloundou_beta,0.4782608695652174,261472593200.0,0.8743526864596836,0.36145842544380896,720
2020,40,eloundou_beta,0.4782608695652174,72944748500.0,0.9009402589139094,0.34493964126943494,644
2020,41,eloundou_beta,0.4782608695652174,101313508400.0,0.8571432760688011,0.36195830519376154,678
2020,42,eloundou_beta,0.4782608695652174,294978299700.0,0.8769362375574097,0.3778854089268429,714
2020,44,eloundou_beta,0.4782608695652174,25333905900.0,0.8771774943712884,0.3918702528975345,475
2020,45,eloundou_beta,0.4782608695652174,92197928000.0,0.9067977471250764,0.3420289253138203,637
2020,46,eloundou_beta,0.4782608695652174,18003343300.0,0.9140775480296485,0.3314321478981748,506
2020,47,eloundou_beta,0.4782608695652174,136663961900.0,0.8751696733884897,0.35832364549402457,688
2020,48,eloundou_beta,0.4782608695652174,632151069900.0,0.8806447237178044,0.38324660217125656,749
2020,49,eloundou_beta,0.4782608695652174,74702025300.0,0.8749591358134168,0.39858446031595235,639
2020,50,eloundou_beta,0.4782608695652174,13928989600.0,0.8635994386843393,0.34077196473648547,476
2020,51,eloundou_beta,0.4782608695652174,212520812600.0,0.8434226403856692,0.42414937266077296,638
2020,53,eloundou_beta,0.4782608695652174,205264927400.0,0.8116377376800709,0.3761591904562323,690
2020,54,eloundou_beta,0.4782608695652174,28933186700.0,0.8828133542580016,0.2993433840863427,578
2020,55,eloundou_beta,0.4782608695652174,137077186300.0,0.8674788526790763,0.35333246569131094,663
2020,56,eloundou_beta,0.4782608695652174,13029471400.0,0.9025876828740726,0.25339956485923537,469
2020,66,eloundou_beta,0.4782608695652174,2040705500.0,0.8792118215979718,0.33305025648022496,226
2020,72,eloundou_beta,0.4782608695652174,24006162600.0,0.8795228646830877,0.37917562244775305,491
2020,78,eloundou_beta,0.4782608695652174,1232643000.0,0.8866202947649887,0.287656181617429,145
2021,01,eloundou_beta,0.4782608695652174,90502996200.0,0.9552844870344745,0.3590826733985666,665
2021,02,eloundou_beta,0.4782608695652174,18022563800.0,0.943283973837285,0.3273976400878577,508
2021,04,eloundou_beta,0.4782608695652174,156895347100.0,0.9541508551211841,0.4081264862510404,708
2021,05,eloundou_beta,0.4782608695652174,54334671700.0,0.9486539568067364,0.3300619668893747,646
2021,06,eloundou_beta,0.4782608695652174,1108510959000.0,0.9414704408889836,0.4251796757407929,776
2021,08,eloundou_beta,0.4782608695652174,162713555200.0,0.952655575065451,0.45866089695627366,727
2021,09,eloundou_beta,0.4782608695652174,102086579500.0,0.9511669229744346,0.40151820008625894,653
2021,10,eloundou_beta,0.4782608695652174,23930521100.0,0.9612216342418052,0.4204537399109053,487
2021,11,eloundou_beta,0.4782608695652174,63304049000.0,0.9700583212299738,0.5631229423745635,440
2021,12,eloundou_beta,0.4782608695652174,442262349400.0,0.9663333955056316,0.40080537862339755,767
2021,13,eloundou_beta,0.4782608695652174,226162568200.0,0.945555834911146,0.4340969877970535,723
2021,15,eloundou_beta,0.4782608695652174,31242227100.0,0.9571956795615253,0.32539774519011666,551
2021,16,eloundou_beta,0.4782608695652174,35344534400.0,0.9498004675936543,0.3453310794452016,600
2021,17,eloundou_beta,0.4782608695652174,331392526700.0,0.9576120018762029,0.3881957707875317,727
2021,18,eloundou_beta,0.4782608695652174,149323792100.0,0.9419763128289855,0.3287347586582882,732
2021,19,eloundou_beta,0.4782608695652174,75281568900.0,0.9496783561321342,0.3655156980173993,693
2021,20,eloundou_beta,0.4782608695652174,65852278300.0,0.9466854831657359,0.37493481758883745,647
2021,21,eloundou_beta,0.4782608695652174,86457313000.0,0.9321393194350142,0.338127366702693,694
2021,22,eloundou_beta,0.4782608695652174,84491641100.0,0.9296990196584074,0.32086789501397,687
2021,23,eloundou_beta,0.4782608695652174,30667718100.0,0.94390932529147,0.357599708860977,608
2021,24,eloundou_beta,0.4782608695652174,163956094900.0,0.9564376816588842,0.4579414382908664,708
2021,25,eloundou_beta,0.4782608695652174,244052860300.0,0.9485595461386199,0.4192719225224544,705
2021,26,eloundou_beta,0.4782608695652174,222720159900.0,0.941735743159369,0.38236704118336656,739
2021,27,eloundou_beta,0.4782608695652174,162774648600.0,0.9372969839727241,0.40809473614824465,716
2021,28,eloundou_beta,0.4782608695652174,46245226400.0,0.9486977838646715,0.29211662845668657,655
2021,29,eloundou_beta,0.4782608695652174,137415844300.0,0.9491477228437769,0.3812739926696547,700
2021,30,eloundou_beta,0.4782608695652174,22441420200.0,0.9510470910392739,0.3392779728163169,602
2021,31,eloundou_beta,0.4782608695652174,49281858900.0,0.9573841481048516,0.3730264489045592,657
2021,32,eloundou_beta,0.4782608695652174,63241437700.0,0.9549954443872486,0.3342807693254213,628
2021,33,eloundou_beta,0.4782608695652174,36771631000.0,0.9545049551922241,0.41873149504323576,599
2021,34,eloundou_beta,0.4782608695652174,250932146700.0,0.9512052662003548,0.43085918301590015,706
2021,35,eloundou_beta,0.4782608695652174,38108913300.0,0.9493464196996664,0.3660833724052768,611
2021,36,eloundou_beta,0.4782608695652174,605297378300.0,0.9435991784800367,0.41920919771432485,756
2021,37,eloundou_beta,0.4782608695652174,232485185300.0,0.9559238246222995,0.4207869673487957,726
2021,38,eloundou_beta,0.4782608695652174,20597533900.0,0.9455518992980029,0.3006344981686803,542
2021,39,eloundou_beta,0.4782608695652174,275588711400.0,0.947183012591277,0.37821259481100616,757
2021,40,eloundou_beta,0.4782608695652174,74420435700.0,0.9599756710373573,0.35949600838557727,690
2021,41,eloundou_beta,0.4782608695652174,106611502400.0,0.9369875646738846,0.3918605108160426,715
2021,42,eloundou_beta,0.4782608695652174,307937285400.0,0.9470553516154364,0.3829341944249911,758
2021,44,eloundou_beta,0.4782608695652174,26734250600.0,0.9544519605872177,0.40602265950612404,484
2021,45,eloundou_beta,0.4782608695652174,96536728900.0,0.956178428167147,0.34147951251672287,666
2021,46,eloundou_beta,0.4782608695652174,18976706700.0,0.9592198366010474,0.3379145175392611,539
2021,47,eloundou_beta,0.4782608695652174,146100206200.0,0.9429232085505435,0.36961702790625733,733
2021,48,eloundou_beta,0.4782608695652174,652982967800.0,0.9562692915311289,0.4068590590396106,769
2021,49,eloundou_beta,0.4782608695652174,81440716300.0,0.9526730525576186,0.42670301787701237,681
2021,50,eloundou_beta,0.4782608695652174,15240769200.0,0.9338071598118551,0.3576901121431138,525
2021,51,eloundou_beta,0.4782608695652174,227060708900.0,0.9538157849907074,0.45512053899755467,717
2021,53,eloundou_beta,0.4782608695652174,214766859300.0,0.9506039617351707,0.4512606311212813,726
2021,54,eloundou_beta,0.4782608695652174,30041595700.0,0.94002351546193,0.3143682174818309,611
2021,55,eloundou_beta,0.4782608695652174,144633638000.0,0.9457670220533345,0.37639410461831535,704
2021,56,eloundou_beta,0.4782608695652174,13184063200.0,0.9562449382069103,0.2680502323050688,493
2021,66,eloundou_beta,0.4782608695652174,1823538400.0,0.9499333274254055,0.32616839041751666,204
2021,72,eloundou_beta,0.4782608695652174,25296721500.0,0.9452092754391117,0.3850762134659419,536
2021,78,eloundou_beta,0.4782608695652174,1220152400.0,0.96172133907207,0.31622708694200485,162
2022,01,eloundou_beta,0.4782608695652174,99728616000.0,0.9509492731755146,0.35234679740523533,685
2022,02,eloundou_beta,0.4782608695652174,19014277900.0,0.9426699080694513,0.3284538932185691,514
2022,04,eloundou_beta,0.4782608695652174,175251270900.0,0.9549647802297335,0.4002791549796051,699
2022,05,eloundou_beta,0.4782608695652174,58490382000.0,0.9494376306176288,0.33455603941886797,643
2022,06,eloundou_beta,0.4782608695652174,1257630062100.0,0.9406587561405908,0.4382440359473188,772
2022,08,eloundou_beta,0.4782608695652174,185493770600.0,0.9531388128459339,0.46823388821645073,722
2022,09,eloundou_beta,0.4782608695652174,109625558200.0,0.948204216304734,0.3956925855872522,644
2022,10,eloundou_beta,0.4782608695652174,26102246800.0,0.959125353913978,0.428310132657466,500
2022,11,eloundou_beta,0.4782608695652174,68847390500.0,0.971731592354252,0.5371523078745374,462
2022,12,eloundou_beta,0.4782608695652174,508045636100.0,0.9668569571244467,0.40384084290668115,756
2022,13,eloundou_beta,0.4782608695652174,260150300400.0,0.9521179722612383,0.4336245941165179,730
2022,15,eloundou_beta,0.4782608695652174,34726441800.0,0.952712935305684,0.32301474151344695,528
2022,16,eloundou_beta,0.4782608695652174,39789313600.0,0.9433531168026985,0.3531526062096146,636
2022,17,eloundou_beta,0.4782608695652174,367921305200.0,0.9557144036789528,0.3812375410338417,727
2022,18,eloundou_beta,0.4782608695652174,162774645600.0,0.9407996339695303,0.32019775558864505,742
2022,19,eloundou_beta,0.4782608695652174,80516238700.0,0.9529935679918938,0.362983942585759,698
2022,20,eloundou_beta,0.4782608695652174,72176031700.0,0.9481526579965742,0.38100727723725997,653
2022,21,eloundou_beta,0.4782608695652174,95095442700.0,0.9304948658701602,0.33065674368177755,701
2022,22,eloundou_beta,0.4782608695652174,92133904700.0,0.9345129263798585,0.3184296648339361,687
2022,23,eloundou_beta,0.4782608695652174,33408352300.0,0.9448372645423762,0.35457895900772696,617
2022,24,eloundou_beta,0.4782608695652174,179707226100.0,0.9535436905839593,0.46158085278004074,703
2022,25,eloundou_beta,0.4782608695652174,260249262800.0,0.9492923716362589,0.40828900529388756,687
2022,26,eloundou_beta,0.4782608695652174,243809314300.0,0.9412364513589873,0.3842351694273223,757
2022,27,eloundou_beta,0.4782608695652174,178188906100.0,0.9345619480179299,0.4051751619184012,721
2022,28,eloundou_beta,0.4782608695652174,49627604800.0,0.9498080531986505,0.29663800787134886,659
2022,29,eloundou_beta,0.4782608695652174,151835735700.0,0.9491483453193423,0.38106322389502345,715
2022,30,eloundou_beta,0.4782608695652174,24464076400.0,0.951319306703931,0.3298684232157298,593
2022,31,eloundou_beta,0.4782608695652174,52861811500.0,0.9597500910463501,0.3740364365853578,663
2022,32,eloundou_beta,0.4782608695652174,75161740200.0,0.9535968500633518,0.3234145201947551,629
2022,33,eloundou_beta,0.4782608695652174,39941136900.0,0.954924913516921,0.42031953944987716,601
2022,34,eloundou_beta,0.4782608695652174,282741347200.0,0.9509275104706016,0.4331335766947803,702
2022,35,eloundou_beta,0.4782608695652174,42272734800.0,0.947965469695611,0.36987186731473876,620
2022,36,eloundou_beta,0.4782608695652174,673148758800.0,0.9442878298299849,0.4188726719771625,766
2022,37,eloundou_beta,0.4782608695652174,258360500700.0,0.9562012909506643,0.4240187395958861,730
2022,38,eloundou_beta,0.4782608695652174,21838133800.0,0.9427562120715645,0.29978957245184185,529
2022,39,eloundou_beta,0.4782608695652174,302556114500.0,0.9473868299561337,0.36780962385007204,762
2022,40,eloundou_beta,0.4782608695652174,79892092600.0,0.9615195722135835,0.35636745763180155,691
2022,41,eloundou_beta,0.4782608695652174,117465106000.0,0.9381324569698171,0.3836466850161208,717
2022,42,eloundou_beta,0.4782608695652174,329059738800.0,0.9480215386957573,0.38831969017536194,753
2022,44,eloundou_beta,0.4782608695652174,28138023400.0,0.9621599184539735,0.39872524045231716,491
2022,45,eloundou_beta,0.4782608695652174,108311154600.0,0.9509568666346763,0.35319842012576014,701
2022,46,eloundou_beta,0.4782608695652174,20998484200.0,0.9586022118682261,0.3460331947528508,554
2022,47,eloundou_beta,0.4782608695652174,162562416700.0,0.9432147412213022,0.3773115316274715,730
2022,48,eloundou_beta,0.4782608695652174,732071332200.0,0.9574440468712565,0.40448685196593304,780
2022,49,eloundou_beta,0.4782608695652174,91115814100.0,0.9558857577062465,0.41994506908438567,697
2022,50,eloundou_beta,0.4782608695652174,16153141200.0,0.9365035142514572,0.36728931635543766,511
2022,51,eloundou_beta,0.4782608695652174,247881692700.0,0.9555522024237008,0.4543075647289421,724
2022,53,eloundou_beta,0.4782608695652174,242748556600.0,0.9483846970070923,0.45676196124029744,743
2022,54,eloundou_beta,0.4782608695652174,32685615700.0,0.9444195478318617,0.3215720138366681,609
2022,55,eloundou_beta,0.4782608695652174,154431841600.0,0.9419521647406166,0.38101213428169467,733
2022,56,eloundou_beta,0.4782608695652174,13957948500.0,0.9551210480537308,0.2697583617256725,495
2022,66,eloundou_beta,0.4782608695652174,1755815400.0,0.9679026622046942,0.3120723049178491,185
2022,72,eloundou_beta,0.4782608695652174,28541588000.0,0.9431658462731646,0.39145396390141834,539
2022,78,eloundou_beta,0.4782608695652174,1172846900.0,0.9583509151961778,0.3379334268031757,160
2023,01,eloundou_beta,0.4782608695652174,107127317400.0,0.9491941025679039,0.3550541777666453,689
2023,02,eloundou_beta,0.4782608695652174,20429052800.0,0.9445991495014394,0.32673355555514216,528
2023,04,eloundou_beta,0.4782608695652174,193076918600.0,0.9551454360117388,0.3965086756948201,693
2023,05,eloundou_beta,0.4782608695652174,63318142100.0,0.9496307930993446,0.33147215378239975,648
2023,06,eloundou_beta,0.4782608695652174,1365106231400.0,0.9403996038340844,0.430057102947617,787
2023,08,eloundou_beta,0.4782608695652174,199975399500.0,0.952748059893237,0.46465457783488295,705
2023,09,eloundou_beta,0.4782608695652174,119067326700.0,0.9492758990447713,0.39083611592154266,645
2023,10,eloundou_beta,0.4782608695652174,29480156600.0,0.9618933503222978,0.41135537646242076,494
2023,11,eloundou_beta,0.4782608695652174,71561998800.0,0.9738261489141078,0.5295936296536625,449
2023,12,eloundou_beta,0.4782608695652174,563707428600.0,0.9668979356075847,0.40270245468070165,746
2023,13,eloundou_beta,0.4782608695652174,284390400900.0,0.948266245437822,0.41782669023726676,734
2023,15,eloundou_beta,0.4782608695652174,37609900800.0,0.9536618453404695,0.3118954990524276,535
2023,16,eloundou_beta,0.4782608695652174,43403697400.0,0.9463825263881782,0.3416277488758244,619
2023,17,eloundou_beta,0.4782608695652174,395275549300.0,0.9534212532684981,0.36890956118788765,727
2023,18,eloundou_beta,0.4782608695652174,176732869200.0,0.939760214677712,0.3231153966667726,743
2023,19,eloundou_beta,0.4782608695652174,86422411100.0,0.9473727006443123,0.36186628337635846,708
2023,20,eloundou_beta,0.4782608695652174,78179745500.0,0.9470334704530344,0.380459403955754,644
2023,21,eloundou_beta,0.4782608695652174,103558452300.0,0.9358384762187103,0.3242935883756598,708
2023,22,eloundou_beta,0.4782608695652174,96773164300.0,0.937262995956411,0.31615926496203867,671
2023,23,eloundou_beta,0.4782608695652174,36104802100.0,0.946204820770919,0.3435923486925494,618
2023,24,eloundou_beta,0.4782608695652174,193368128500.0,0.9542656849988596,0.45627729295080277,711
2023,25,eloundou_beta,0.4782608695652174,281603147800.0,0.9522381081139321,0.429362589333418,670
2023,26,eloundou_beta,0.4782608695652174,262622929600.0,0.9406653515603765,0.38037367001087363,772
2023,27,eloundou_beta,0.4782608695652174,190783210800.0,0.9338877711140817,0.4047827377552657,718
2023,28,eloundou_beta,0.4782608695652174,52990929500.0,0.94783362877226,0.2896474546298539,651
2023,29,eloundou_beta,0.4782608695652174,162425804100.0,0.9454740541438391,0.36875606002546724,711
2023,30,eloundou_beta,0.4782608695652174,26828816100.0,0.9503819961701553,0.33773260471432637,597
2023,31,eloundou_beta,0.4782608695652174,57511090400.0,0.9605931137066391,0.3780804185412171,650
2023,32,eloundou_beta,0.4782608695652174,83678630400.0,0.9619863866701145,0.3071191957845585,639
2023,33,eloundou_beta,0.4782608695652174,43338541600.0,0.9517683423846455,0.40702320769137856,610
2023,34,eloundou_beta,0.4782608695652174,307662546000.0,0.9515166295217488,0.4322549379019962,718
2023,35,eloundou_beta,0.4782608695652174,46397417200.0,0.9457627115502455,0.36434213836738266,609
2023,36,eloundou_beta,0.4782608695652174,726467742000.0,0.9400765600683754,0.4244079971266279,759
2023,37,eloundou_beta,0.4782608695652174,283492937100.0,0.9579889579548894,0.4307913071001456,750
2023,38,eloundou_beta,0.4782608695652174,23887815000.0,0.9400540903385262,0.30253893617740796,529
2023,39,eloundou_beta,0.4782608695652174,326276368300.0,0.9465153535607745,0.3616520037751107,767
2023,40,eloundou_beta,0.4782608695652174,86901932700.0,0.9593665584839174,0.3555330106006253,684
2023,41,eloundou_beta,0.4782608695652174,128083902200.0,0.9378639894373861,0.3829245167333825,714
2023,42,eloundou_beta,0.4782608695652174,356278194000.0,0.945764667820226,0.37158748762778876,753
2023,44,eloundou_beta,0.4782608695652174,30701796000.0,0.9587162523000283,0.39251781631659605,486
2023,45,eloundou_beta,0.4782608695652174,119939572000.0,0.9513475560843255,0.3608582116342031,716
2023,46,eloundou_beta,0.4782608695652174,22831529500.0,0.9595334031388479,0.34022836497511605,568
2023,47,eloundou_beta,0.4782608695652174,178017210400.0,0.9433716213317317,0.3757621650927957,726
2023,48,eloundou_beta,0.4782608695652174,825853817200.0,0.9583237885650352,0.4004950943063052,778
2023,49,eloundou_beta,0.4782608695652174,100639248800.0,0.9560780058207271,0.42414091862005887,703
2023,50,eloundou_beta,0.4782608695652174,17695846000.0,0.9321362878044938,0.3495689726719955,521
2023,51,eloundou_beta,0.4782608695652174,263384029700.0,0.9542151867987765,0.47541795866038755,732
2023,53,eloundou_beta,0.4782608695652174,266788469600.0,0.9518930701193992,0.4567737421886838,750
2023,54,eloundou_beta,0.4782608695652174,35302543000.0,0.9449774737191029,0.31745491446686835,631
2023,55,eloundou_beta,0.4782608695652174,171115813700.0,0.9402542647640754,0.3719387691350462,735
2023,56,eloundou_beta,0.4782608695652174,15099553600.0,0.9522891524422284,0.27820502435990424,493
2023,66,eloundou_beta,0.4782608695652174,2069600900.0,0.960371779892442,0.3281192368854625,209
2023,72,eloundou_beta,0.4782608695652174,30773259900.0,0.940224005972146,0.3881314109435568,537
2023,78,eloundou_beta,0.4782608695652174,1376417200.0,0.9578252872748175,0.33248255872870625,171
2024,01,eloundou_beta,0.4782608695652174,113004917200.0,0.9507228133255072,0.36598275886372045,679
2024,02,eloundou_beta,0.4782608695652174,22493593900.0,0.9455312785743856,0.31209200321193936,510
2024,04,eloundou_beta,0.4782608695652174,207063167600.0,0.9536205486890272,0.3871135598325393,667
2024,05,eloundou_beta,0.4782608695652174,67040975100.0,0.9514927147889888,0.33592309177999113,646
2024,06,eloundou_beta,0.4782608695652174,1428291578900.0,0.9352627443401921,0.4272116343961816,771
2024,08,eloundou_beta,0.4782608695652174,210618337100.0,0.952097972859743,0.457459465280972,695
2024,09,eloundou_beta,0.4782608695652174,124665230300.0,0.950476577269035,0.3974831936595179,640
2024,10,eloundou_beta,0.4782608695652174,30073334600.0,0.961354002957823,0.39958801527741544,480
2024,11,eloundou_beta,0.4782608695652174,75028206300.0,0.9741444132058372,0.5260935305822102,440
2024,12,eloundou_beta,0.4782608695652174,606717113100.0,0.9637180789453489,0.39188774534421217,750
2024,13,eloundou_beta,0.4782608695652174,299006945200.0,0.9495405466588474,0.4254189824336449,732
2024,15,eloundou_beta,0.4782608695652174,39623242400.0,0.9572100540666505,0.3043805374669312,510
2024,16,eloundou_beta,0.4782608695652174,46999924600.0,0.9508087806591928,0.3543294934980334,609
2024,17,eloundou_beta,0.4782608695652174,408224914100.0,0.9511137708388093,0.36460989285911316,715
2024,18,eloundou_beta,0.4782608695652174,185984047000.0,0.9370534807213868,0.33031454157714646,738
2024,19,eloundou_beta,0.4782608695652174,90169742800.0,0.9456628515524611,0.3607101053002282,691
2024,20,eloundou_beta,0.4782608695652174,82579300400.0,0.948552386864251,0.37041670553760836,654
2024,21,eloundou_beta,0.4782608695652174,109762713200.0,0.9363581375100338,0.32344804647873215,697
2024,22,eloundou_beta,0.4782608695652174,103591472600.0,0.9372987144889762,0.30944548502977215,659
2024,23,eloundou_beta,0.4782608695652174,39005129600.0,0.9456239468564668,0.3361988840062361,605
2024,24,eloundou_beta,0.4782608695652174,205286049100.0,0.9530463222305738,0.451197372913358,708
2024,25,eloundou_beta,0.4782608695652174,295656016400.0,0.9549622177078079,0.4280847964497863,669
2024,26,eloundou_beta,0.4782608695652174,275955232000.0,0.9383485916295292,0.3809674828699505,755
2024,27,eloundou_beta,0.4782608695652174,199411376800.0,0.9283713134666046,0.4027103750766839,699
2024,28,eloundou_beta,0.4782608695652174,56320216400.0,0.9499276160451685,0.30518835628450236,638
2024,29,eloundou_beta,0.4782608695652174,170845518700.0,0.9437225560660842,0.36134203567059076,710
2024,30,eloundou_beta,0.4782608695652174,28509856500.0,0.9505808140423295,0.3415768472767787,583
2024,31,eloundou_beta,0.4782608695652174,60359658200.0,0.9622067608063427,0.3655717077483954,644
2024,32,eloundou_beta,0.4782608695652174,87746031800.0,0.9589110718053007,0.30994830400710494,631
2024,33,eloundou_beta,0.4782608695652174,43743168400.0,0.9478509654549852,0.3821523640569581,598
2024,34,eloundou_beta,0.4782608695652174,318774786500.0,0.9523379707447471,0.4281578985344024,711
2024,35,eloundou_beta,0.4782608695652174,49828471700.0,0.9458751410993005,0.36706716820485163,610
2024,36,eloundou_beta,0.4782608695652174,761612876700.0,0.9391761977545356,0.41758552731431803,751
2024,37,eloundou_beta,0.4782608695652174,299615851900.0,0.9564387647808563,0.4236645394572405,740
2024,38,eloundou_beta,0.4782608695652174,25440813900.0,0.9374270922991186,0.30312501265781217,539
2024,39,eloundou_beta,0.4782608695652174,340125146900.0,0.9459083444206224,0.3564926042784321,758
2024,40,eloundou_beta,0.4782608695652174,91811404600.0,0.9610172721396313,0.34604930870159256,673
2024,41,eloundou_beta,0.4782608695652174,134637520500.0,0.9377757227785549,0.3806999506044672,717
2024,42,eloundou_beta,0.4782608695652174,380182591800.0,0.9452657429645099,0.38260784351965776,760
2024,44,eloundou_beta,0.4782608695652174,32359118000.0,0.9559250038891666,0.39693039673952224,484
2024,45,eloundou_beta,0.4782608695652174,127891581600.0,0.9500885115334284,0.36641286967517217,700
2024,46,eloundou_beta,0.4782608695652174,24248800800.0,0.9595423209546923,0.33263150070037284,555
2024,47,eloundou_beta,0.4782608695652174,190168149200.0,0.9409434090448623,0.3782379704262562,716
2024,48,eloundou_beta,0.4782608695652174,868306838700.0,0.9585245656317551,0.3986532891978641,775
2024,49,eloundou_beta,0.4782608695652174,105885273500.0,0.954540065479455,0.4234479898746846,686
2024,50,eloundou_beta,0.4782608695652174,19045809200.0,0.9333622117772764,0.34944203680891617,524
2024,51,eloundou_beta,0.4782608695652174,285859960700.0,0.9558177627637238,0.4554291977544177,712
2024,53,eloundou_beta,0.4782608695652174,284866604900.0,0.9479355851304282,0.4569773338705996,743
2024,54,eloundou_beta,0.4782608695652174,37930381300.0,0.9472681810346051,0.3152854492360201,628
2024,55,eloundou_beta,0.4782608695652174,179080281600.0,0.9394508049511577,0.3764080536742586,727
2024,56,eloundou_beta,0.4782608695652174,16189787000.0,0.9531338058987434,0.27516524768305695,498
2024,66,eloundou_beta,0.4782608695652174,2040905800.0,0.9623527945287823,0.33280027396152706,195
2024,72,eloundou_beta,0.4782608695652174,32714500400.0,0.9399684122946288,0.39184579408328235,529
2024,78,eloundou_beta,0.4782608695652174,1410007300.0,0.9640486258475399,0.3278420405092092,166
2019,01,felten_aioe,0.8410071,86288055800.0,0.8262046889228903,0.34947155615871656,665
2019,02,felten_aioe,0.8410071,17907221900.0,0.8139911696743982,0.3609930983611399,476
2019,04,felten_aioe,0.8410071,143315055400.0,0.7948251262372258,0.41143586555704253,663
2019,05,felten_aioe,0.8410071,50658935100.0,0.8157557678309744,0.3464185666227836,611
2019,06,felten_aioe,0.8410071,1051138444700.0,0.7672807127991443,0.421814870213717,753
2019,08,felten_aioe,0.8410071,152325200100.0,0.7606114288636342,0.4203728991072654,674
2019,09,felten_aioe,0.8410071,100690044800.0,0.7997325352267596,0.4542733299243095,610
2019,10,felten_aioe,0.8410071,21878550900.0,0.7790282216542961,0.4189696137562381,442
2019,11,felten_aioe,0.8410071,60445311900.0,0.7460940688768288,0.6415603353954794,440
2019,12,felten_aioe,0.8410071,412431613400.0,0.8090291652216008,0.39692671949339586,726
2019,13,felten_aioe,0.8410071,210322270500.0,0.7872683525447202,0.3997593752640301,676
2019,15,felten_aioe,0.8410071,33281108500.0,0.8261780222855257,0.31912351169367154,509
2019,16,felten_aioe,0.8410071,31545973400.0,0.8321613147622828,0.35845634798045556,576
2019,17,felten_aioe,0.8410071,329713047800.0,0.8045482681683549,0.41344941731637913,710
2019,18,felten_aioe,0.8410071,140606401800.0,0.8045386828183523,0.33479895372879687,692
2019,19,felten_aioe,0.8410071,72594127100.0,0.8098214297558515,0.37522492876207614,659
2019,20,felten_aioe,0.8410071,63801295400.0,0.8004923282482443,0.3847192833278648,628
2019,21,felten_aioe,0.8410071,81941549500.0,0.8094435143675187,0.34283891581993,658
2019,22,felten_aioe,0.8410071,82760175800.0,0.8285568250327472,0.3082539754831265,670
2019,23,felten_aioe,0.8410071,29071787900.0,0.7948796262372291,0.35666153389599986,577
2019,24,felten_aioe,0.8410071,158676587000.0,0.7452520402395597,0.4449053153868213,680
2019,25,felten_aioe,0.8410071,234695965800.0,0.7922990161597401,0.47352821275403556,687
2019,26,felten_aioe,0.8410071,217451752800.0,0.7989569036023885,0.37555820572969634,692
2019,27,felten_aioe,0.8410071,158437975100.0,0.7765521007343397,0.41001899548499166,678
2019,28,felten_aioe,0.8410071,44430761800.0,0.838423569410867,0.3103663299966523,618
2019,29,felten_aioe,0.8410071,132133834700.0,0.7974707858834282,0.3873162535864425,674
2019,30,felten_aioe,0.8410071,20494600700.0,0.8158457559019435,0.3324104525283526,555
2019,31,felten_aioe,0.8410071,46451961700.0,0.8161971876421313,0.38189009560211995,612
2019,32,felten_aioe,0.8410071,63853742600.0,0.8106078562104518,0.30853869070201373,590
2019,33,felten_aioe,0.8410071,34986243900.0,0.7952990117924605,0.40909504899655935,590
2019,34,felten_aioe,0.8410071,239672613600.0,0.775349822863533,0.4276153959402442,674
2019,35,felten_aioe,0.8410071,37303165700.0,0.79093225591843,0.3572962489472289,581
2019,36,felten_aioe,0.8410071,601059853400.0,0.8044771983435219,0.4765076465446552,725
2019,37,felten_aioe,0.8410071,215833349800.0,0.791740201217041,0.3989625425291137,703
2019,38,felten_aioe,0.8410071,20601530100.0,0.8277071808370194,0.3159873991340294,515
2019,39,felten_aioe,0.8410071,267764542200.0,0.7972627867230735,0.3953903091198767,725
2019,40,felten_aioe,0.8410071,72058674300.0,0.8352350814758189,0.3726272568008238,665
2019,41,felten_aioe,0.8410071,100984543600.0,0.7901435155864783,0.3809534258678549,678
2019,42,felten_aioe,0.8410071,301395693400.0,0.8046428044946975,0.4083522865942187,730
2019,44,felten_aioe,0.8410071,25918976800.0,0.7972868898127182,0.4230632402433263,463
2019,45,felten_aioe,0.8410071,92523030300.0,0.828333372258777,0.36063548437946635,647
2019,46,felten_aioe,0.8410071,17849673500.0,0.8405473691157432,0.3332297663609217,522
2019,47,felten_aioe,0.8410071,135713494400.0,0.8152960152501976,0.3735781623767458,705
2019,48,felten_aioe,0.8410071,623837321900.0,0.7981056040116346,0.409436856018327,746
2019,49,felten_aioe,0.8410071,72908521800.0,0.8004738699831931,0.40896268697039045,657
2019,50,felten_aioe,0.8410071,14311520100.0,0.8055874022774142,0.37434439289669186,473
2019,51,felten_aioe,0.8410071,212901713900.0,0.750628736014135,0.44962383251560345,635
2019,53,felten_aioe,0.8410071,202303672200.0,0.7525094183633905,0.38762864058782925,701
2019,54,felten_aioe,0.8410071,29642622400.0,0.811418874330093,0.3171333783510896,591
2019,55,felten_aioe,0.8410071,138606513800.0,0.7931462345170102,0.3693222194382093,674
2019,56,felten_aioe,0.8410071,13338848900.0,0.8394706907580308,0.2725562835595611,491
2019,66,felten_aioe,0.8410071,1980474300.0,0.8511422743531688,0.38405486640468506,231
2019,72,felten_aioe,0.8410071,25007627400.0,0.8268983326263091,0.3917222060075211,518
2019,78,felten_aioe,0.8410071,1205957700.0,0.8719628391609424,0.34979249209476715,146
2020,01,felten_aioe,0.8410071,88099014400.0,0.8293977894944532,0.36175500373223285,675
2020,02,felten_aioe,0.8410071,17493410600.0,0.8116957764656825,0.36801642894707515,461
2020,04,felten_aioe,0.8410071,149355644700.0,0.7864941076445302,0.4091209850343544,653
2020,05,felten_aioe,0.8410071,51668069700.0,0.8092973928151219,0.3415247030718221,606
2020,06,felten_aioe,0.8410071,1069148979400.0,0.7606872375788193,0.43005834650203995,745
2020,08,felten_aioe,0.8410071,154840284300.0,0.7524791324604924,0.43026621928658393,679
2020,09,felten_aioe,0.8410071,97999843100.0,0.7998800204201552,0.46544735514853197,613
2020,10,felten_aioe,0.8410071,21334926200.0,0.780758838528347,0.43519235215617447,430
2020,11,felten_aioe,0.8410071,62780116400.0,0.7062436539222473,0.6545996393509226,418
2020,12,felten_aioe,0.8410071,413973437500.0,0.8038944324779292,0.40441129633199124,726
2020,13,felten_aioe,0.8410071,213269750900.0,0.7742774556783149,0.406052177687167,681
2020,15,felten_aioe,0.8410071,31815021300.0,0.8145868222316733,0.3362813453882298,496
2020,16,felten_aioe,0.8410071,32628892800.0,0.816860295057269,0.3630492825133088,571
2020,17,felten_aioe,0.8410071,324057100400.0,0.8017259303354551,0.42140503378179467,707
2020,18,felten_aioe,0.8410071,138136085000.0,0.79785304107902,0.33419118922171437,680
2020,19,felten_aioe,0.8410071,71025028500.0,0.8042270591978714,0.3678320293340174,651
2020,20,felten_aioe,0.8410071,63483492000.0,0.7940270866007182,0.3924652376213924,622
2020,21,felten_aioe,0.8410071,79906413800.0,0.8081725074239284,0.34228250189350373,645
2020,22,felten_aioe,0.8410071,80010858400.0,0.8248856945146835,0.3174062047524756,656
2020,23,felten_aioe,0.8410071,28892979300.0,0.7902985207205683,0.36582688415702586,569
2020,24,felten_aioe,0.8410071,155024277900.0,0.7345569722534409,0.45315032485656653,660
2020,25,felten_aioe,0.8410071,231881480600.0,0.7849197548206444,0.48351994636923123,678
2020,26,felten_aioe,0.8410071,206722114100.0,0.7960605696030854,0.38736253126933834,688
2020,27,felten_aioe,0.8410071,156573080100.0,0.7676469660252918,0.4207384552581443,682
2020,28,felten_aioe,0.8410071,44143616600.0,0.8367788175289652,0.3099491769865678,622
2020,29,felten_aioe,0.8410071,132018200100.0,0.7934387290589944,0.3850284800039085,658
2020,30,felten_aioe,0.8410071,20936183200.0,0.8066876248962132,0.3391900231819486,559
2020,31,felten_aioe,0.8410071,46461168000.0,0.8118105898672199,0.3857843842000816,600
2020,32,felten_aioe,0.8410071,61027272900.0,0.8042753471948113,0.3132865338864569,600
2020,33,felten_aioe,0.8410071,34326099400.0,0.7870933334184775,0.41722201075703896,575
2020,34,felten_aioe,0.8410071,235781270100.0,0.774809292623282,0.44114467636532007,656
2020,35,felten_aioe,0.8410071,37918563400.0,0.7826446900675568,0.3739516962064288,579
2020,36,felten_aioe,0.8410071,581654689300.0,0.7922620067837558,0.49327196408142826,722
2020,37,felten_aioe,0.8410071,217297659900.0,0.7881586257248047,0.40756994021400456,691
2020,38,felten_aioe,0.8410071,20362307500.0,0.8228625365764661,0.3124091664886144,512
2020,39,felten_aioe,0.8410071,261472593200.0,0.7926145679883057,0.39108744145720065,720
2020,40,felten_aioe,0.8410071,72944748500.0,0.8284388162637918,0.3739834246719811,644
2020,41,felten_aioe,0.8410071,101313508400.0,0.781000787057928,0.3897423332395394,678
2020,42,felten_aioe,0.8410071,294978299700.0,0.7972963378634594,0.41418753272722486,714
2020,44,felten_aioe,0.8410071,25333905900.0,0.8000531611669087,0.43020113776216423,475
2020,45,felten_aioe,0.8410071,92197928000.0,0.8234034717135943,0.36851822091900566,637
2020,46,felten_aioe,0.8410071,18003343300.0,0.8340058815631206,0.33863172342566356,506
2020,47,felten_aioe,0.8410071,136663961900.0,0.8090161814634177,0.3793835669421057,688
2020,48,felten_aioe,0.8410071,632151069900.0,0.7936105343922949,0.4126054249734392,749
2020,49,felten_aioe,0.8410071,74702025300.0,0.7947388489345282,0.41128706659649533,639
2020,50,felten_aioe,0.8410071,13928989600.0,0.7935138166805724,0.38326570504824836,476
2020,51,felten_aioe,0.8410071,212520812600.0,0.7333491538701185,0.4528770235579093,638
2020,53,felten_aioe,0.8410071,205264927400.0,0.7238546598389803,0.3917117511284219,690
2020,54,felten_aioe,0.8410071,28933186700.0,0.7985962500286911,0.3304318305344102,578
2020,55,felten_aioe,0.8410071,137077186300.0,0.788387666956365,0.36818365028200883,663
2020,56,felten_aioe,0.8410071,13029471400.0,0.8342509965523237,0.2758526785490452,469
2020,66,felten_aioe,0.8410071,2040705500.0,0.835610625835036,0.3676884572872997,226
2020,72,felten_aioe,0.8410071,24006162600.0,0.8259787176481093,0.3931908102302074,491
2020,78,felten_aioe,0.8410071,1232643000.0,0.8446505598133441,0.368815387869175,145
2021,01,felten_aioe,0.8410071,90502996200.0,0.8433434715391224,0.3717554921079643,665
2021,02,felten_aioe,0.8410071,18022563800.0,0.8251944653956503,0.37512745577044465,508
2021,04,felten_aioe,0.8410071,156895347100.0,0.8052212760616659,0.40576352983669867,708
2021,05,felten_aioe,0.8410071,54334671700.0,0.8299567603718493,0.35717033363743583,646
2021,06,felten_aioe,0.8410071,1108510959000.0,0.7946571073096625,0.45562421621472626,776
2021,08,felten_aioe,0.8410071,162713555200.0,0.787823138290079,0.45049740917282294,727
2021,09,felten_aioe,0.8410071,102086579500.0,0.8225223091150782,0.46452891100073396,653
2021,10,felten_aioe,0.8410071,23930521100.0,0.7967338997895871,0.44684618597460035,487
2021,11,felten_aioe,0.8410071,63304049000.0,0.8305454553151884,0.6995643800933665,440
2021,12,felten_aioe,0.8410071,442262349400.0,0.8252707061660628,0.42855262511878894,767
2021,13,felten_aioe,0.8410071,226162568200.0,0.8025018629055345,0.4290007046622677,723
2021,15,felten_aioe,0.8410071,31242227100.0,0.8274449070885859,0.36175406750699135,551
2021,16,felten_aioe,0.8410071,35344534400.0,0.8264927377286373,0.3608945994490415,600
2021,17,felten_aioe,0.8410071,331392526700.0,0.825583591230695,0.43560560363175194,727
2021,18,felten_aioe,0.8410071,149323792100.0,0.8095800628947462,0.3375880027362163,732
2021,19,felten_aioe,0.8410071,75281568900.0,0.8226213202631594,0.38233560602245337,693
2021,20,felten_aioe,0.8410071,65852278300.0,0.8115084485998717,0.39200340124789895,647
2021,21,felten_aioe,0.8410071,86457313000.0,0.8255596597132275,0.3489824324577022,694
2021,22,felten_aioe,0.8410071,84491641100.0,0.856906008184992,0.339635236779119,687
2021,23,felten_aioe,0.8410071,30667718100.0,0.8218521220853403,0.37936390308693474,608
2021,24,felten_aioe,0.8410071,163956094900.0,0.7638970669336185,0.47240077374387185,708
2021,25,felten_aioe,0.8410071,244052860300.0,0.7950973672731013,0.4793765511838346,705
2021,26,felten_aioe,0.8410071,222720159900.0,0.8047167422135099,0.39163645656999047,739
2021,27,felten_aioe,0.8410071,162774648600.0,0.791034581290443,0.42950039304016946,716
2021,28,felten_aioe,0.8410071,46245226400.0,0.8504118924585912,0.31021829882585567,655
2021,29,felten_aioe,0.8410071,137415844300.0,0.8185052151224166,0.38767139750787444,700
2021,30,felten_aioe,0.8410071,22441420200.0,0.835946804293607,0.36341463798172835,602
2021,31,felten_aioe,0.8410071,49281858900.0,0.8177451784392816,0.3892690453307044,657
2021,32,felten_aioe,0.8410071,63241437700.0,0.8568037139990573,0.3455221442854414,628
2021,33,felten_aioe,0.8410071,36771631000.0,0.7969234489490009,0.42529026665995545,599
2021,34,felten_aioe,0.8410071,250932146700.0,0.8052389136158457,0.4726678432037317,706
2021,35,felten_aioe,0.8410071,38108913300.0,0.8184278663228112,0.37933497245022046,611
2021,36,felten_aioe,0.8410071,605297378300.0,0.8047073176956464,0.49966582833612727,756
2021,37,felten_aioe,0.8410071,232485185300.0,0.8067670512336943,0.41384637731678453,726
2021,38,felten_aioe,0.8410071,20597533900.0,0.8390605246194061,0.3077954066296222,542
2021,39,felten_aioe,0.8410071,275588711400.0,0.8054264848962895,0.39742064511334874,757
2021,40,felten_aioe,0.8410071,74420435700.0,0.8340806166497625,0.38144640043995937,690
2021,41,felten_aioe,0.8410071,106611502400.0,0.7933582774460554,0.4069445870967851,715
2021,42,felten_aioe,0.8410071,307937285400.0,0.8111495727954482,0.4162082343429045,758
2021,44,felten_aioe,0.8410071,26734250600.0,0.8095587276345797,0.4574729496505372,484
2021,45,felten_aioe,0.8410071,96536728900.0,0.8424628566423282,0.36381984251435934,666
2021,46,felten_aioe,0.8410071,18976706700.0,0.8511962246852874,0.3474679789873783,539
2021,47,felten_aioe,0.8410071,146100206200.0,0.8273304326109843,0.392892232536797,733
2021,48,felten_aioe,0.8410071,652982967800.0,0.8090118098789406,0.41507892933043805,769
2021,49,felten_aioe,0.8410071,81440716300.0,0.80860980344791,0.4218405741001741,681
2021,50,felten_aioe,0.8410071,15240769200.0,0.8150163641346921,0.39777882923626395,525
2021,51,felten_aioe,0.8410071,227060708900.0,0.7604198028644488,0.46863947480995316,717
2021,53,felten_aioe,0.8410071,214766859300.0,0.764232158234108,0.42906159666847715,726
2021,54,felten_aioe,0.8410071,30041595700.0,0.8320829309343245,0.3427473444018444,611
2021,55,felten_aioe,0.8410071,144633638000.0,0.80832604860565,0.3813506514940911,704
2021,56,felten_aioe,0.8410071,13184063200.0,0.8485026603938003,0.29148982256422834,493
2021,66,felten_aioe,0.8410071,1823538400.0,0.8760866785146942,0.4080336123870532,204
2021,72,felten_aioe,0.8410071,25296721500.0,0.8729354157612875,0.4061311829720569,536
2021,78,felten_aioe,0.8410071,1220152400.0,0.9003155671373511,0.35755226430562803,162
2022,01,felten_aioe,0.8410071,99728616000.0,0.8367868085124134,0.3629029284059072,685
2022,02,felten_aioe,0.8410071,19014277900.0,0.8295432560181526,0.3683236580404974,514
2022,04,felten_aioe,0.8410071,175251270900.0,0.7972025109005928,0.3986867404562815,699
2022,05,felten_aioe,0.8410071,58490382000.0,0.8314253119427396,0.3567701534975127,643
2022,06,felten_aioe,0.8410071,1257630062100.0,0.7833227037011363,0.45628990817422227,772
2022,08,felten_aioe,0.8410071,185493770600.0,0.7730699032973348,0.4524112821186477,722
2022,09,felten_aioe,0.8410071,109625558200.0,0.817158012883897,0.4599537111738905,644
2022,10,felten_aioe,0.8410071,26102246800.0,0.8026355263792847,0.4426009832868387,500
2022,11,felten_aioe,0.8410071,68847390500.0,0.831438251824519,0.6839836827814594,462
2022,12,felten_aioe,0.8410071,508045636100.0,0.8181157924918943,0.4262121479483163,756
2022,13,felten_aioe,0.8410071,260150300400.0,0.8099959660857651,0.4439245124372666,730
2022,15,felten_aioe,0.8410071,34726441800.0,0.828094864012241,0.36277546239595515,528
2022,16,felten_aioe,0.8410071,39789313600.0,0.8107966733057692,0.36183913408553114,636
2022,17,felten_aioe,0.8410071,367921305200.0,0.8181476610504261,0.42504153693634417,727
2022,18,felten_aioe,0.8410071,162774645600.0,0.8078834121571572,0.33247970423072554,742
2022,19,felten_aioe,0.8410071,80516238700.0,0.822789352429102,0.3753645102120733,698
2022,20,felten_aioe,0.8410071,72176031700.0,0.8051351193917191,0.3909607781497425,653
2022,21,felten_aioe,0.8410071,95095442700.0,0.8168920254682194,0.3438310199605192,701
2022,22,felten_aioe,0.8410071,92133904700.0,0.8574434216940335,0.33480983808141684,687
2022,23,felten_aioe,0.8410071,33408352300.0,0.818422876844483,0.372115848726771,617
2022,24,felten_aioe,0.8410071,179707226100.0,0.7626854833524137,0.4797068603468899,703
2022,25,felten_aioe,0.8410071,260249262800.0,0.8001629778295763,0.4720847464374245,687
2022,26,felten_aioe,0.8410071,243809314300.0,0.8022652008254305,0.39526743105883194,757
2022,27,felten_aioe,0.8410071,178188906100.0,0.7864945358683023,0.4287829925035785,721
2022,28,felten_aioe,0.8410071,49627604800.0,0.8554477648294644,0.31227611027243257,659
2022,29,felten_aioe,0.8410071,151835735700.0,0.8135263482640075,0.3920869966521919,715
2022,30,felten_aioe,0.8410071,24464076400.0,0.8387794848449704,0.3575379225541969,593
2022,31,felten_aioe,0.8410071,52861811500.0,0.8152848431991401,0.39175485059102255,663
2022,32,felten_aioe,0.8410071,75161740200.0,0.8462923534066871,0.3360134129856171,629
2022,33,felten_aioe,0.8410071,39941136900.0,0.8000269516614585,0.41923092787234745,601
2022,34,felten_aioe,0.8410071,282741347200.0,0.808854878371323,0.47547482294870536,702
2022,35,felten_aioe,0.8410071,42272734800.0,0.8178052085714597,0.38742534764687836,620
2022,36,felten_aioe,0.8410071,673148758800.0,0.7995145381526327,0.496938888668697,766
2022,37,felten_aioe,0.8410071,258360500700.0,0.8058723219528116,0.41642384952334655,730
2022,38,felten_aioe,0.8410071,21838133800.0,0.8378441293367294,0.30400917263149435,529
2022,39,felten_aioe,0.8410071,302556114500.0,0.8061128320049206,0.38770415706810035,762
2022,40,felten_aioe,0.8410071,79892092600.0,0.8320540373478714,0.3706916537857197,691
2022,41,felten_aioe,0.8410071,117465106000.0,0.786169468063137,0.40378684767985745,717
2022,42,felten_aioe,0.8410071,329059738800.0,0.8170189345570587,0.4100287119373472,753
2022,44,felten_aioe,0.8410071,28138023400.0,0.8235572972051761,0.4210233128684511,491
2022,45,felten_aioe,0.8410071,108311154600.0,0.8188291079301263,0.375030092038235,701
2022,46,felten_aioe,0.8410071,20998484200.0,0.8375449547924988,0.3517113451054915,554
2022,47,felten_aioe,0.8410071,162562416700.0,0.8230010288718844,0.3912386357410653,730
2022,48,felten_aioe,0.8410071,732071332200.0,0.8098420837192838,0.4165498068610038,780
2022,49,felten_aioe,0.8410071,91115814100.0,0.8053555074365516,0.4158953614330667,697
2022,50,felten_aioe,0.8410071,16153141200.0,0.8133322019125295,0.3952245028701342,511
2022,51,felten_aioe,0.8410071,247881692700.0,0.7578340229722015,0.46634774622106956,724
2022,53,felten_aioe,0.8410071,242748556600.0,0.7579062799667333,0.43337684868722515,743
2022,54,felten_aioe,0.8410071,32685615700.0,0.8272643369541911,0.3504767751344894,609
2022,55,felten_aioe,0.8410071,154431841600.0,0.8051166696700196,0.3773274728527176,733
2022,56,felten_aioe,0.8410071,13957948500.0,0.8558736550718754,0.2868401174983889,495
2022,66,felten_aioe,0.8410071,1755815400.0,0.8665808489890224,0.40849005886079776,185
2022,72,felten_aioe,0.8410071,28541588000.0,0.8672295458823104,0.4078434789013771,539
2022,78,felten_aioe,0.8410071,1172846900.0,0.9022756508117129,0.36726993118328016,160
2023,01,felten_aioe,0.8410071,107127317400.0,0.8322639226285713,0.3671203892186188,689
2023,02,felten_aioe,0.8410071,20429052800.0,0.8324593052106655,0.3730978368198368,528
2023,04,felten_aioe,0.8410071,193076918600.0,0.8014095979051946,0.4049354913714505,693
2023,05,felten_aioe,0.8410071,63318142100.0,0.8332356675386405,0.3490648666323329,648
2023,06,felten_aioe,0.8410071,1365106231400.0,0.7772523454177238,0.4571625982166719,787
2023,08,felten_aioe,0.8410071,199975399500.0,0.7679151634848965,0.4528764174721894,705
2023,09,felten_aioe,0.8410071,119067326700.0,0.8110992182039138,0.45405617907586826,645
2023,10,felten_aioe,0.8410071,29480156600.0,0.804054171815356,0.4613325237025065,494
2023,11,felten_aioe,0.8410071,71561998800.0,0.8292735277818987,0.6807441010612628,449
2023,12,felten_aioe,0.8410071,563707428600.0,0.821810060496336,0.4218016120418278,746
2023,13,felten_aioe,0.8410071,284390400900.0,0.8024420535215048,0.4412080484328283,734
2023,15,felten_aioe,0.8410071,37609900800.0,0.8224811510271253,0.35877425443980365,535
2023,16,felten_aioe,0.8410071,43403697400.0,0.8108000218433004,0.3404157628129263,619
2023,17,felten_aioe,0.8410071,395275549300.0,0.8144127279567099,0.4211519471385058,727
2023,18,felten_aioe,0.8410071,176732869200.0,0.8062367602868069,0.3399398772262913,743
2023,19,felten_aioe,0.8410071,86422411100.0,0.8149062460026645,0.3742479005948281,708
2023,20,felten_aioe,0.8410071,78179745500.0,0.8023527948169132,0.3916129109283207,644
2023,21,felten_aioe,0.8410071,103558452300.0,0.8133566766331443,0.34433226825781676,708
2023,22,felten_aioe,0.8410071,96773164300.0,0.8528941943463969,0.33822808653593706,671
2023,23,felten_aioe,0.8410071,36104802100.0,0.8227185297326418,0.3670251372826955,618
2023,24,felten_aioe,0.8410071,193368128500.0,0.7690757662786192,0.4768036822517668,711
2023,25,felten_aioe,0.8410071,281603147800.0,0.796594593322227,0.4878389934502863,670
2023,26,felten_aioe,0.8410071,262622929600.0,0.7996412332306874,0.39606319291731734,772
2023,27,felten_aioe,0.8410071,190783210800.0,0.7893564888048314,0.42985120370296453,718
2023,28,felten_aioe,0.8410071,52990929500.0,0.8334194345468124,0.31262630672873987,651
2023,29,felten_aioe,0.8410071,162425804100.0,0.8138913156841192,0.38478904438638967,711
2023,30,felten_aioe,0.8410071,26828816100.0,0.8349268009630884,0.3624679072826897,597
2023,31,felten_aioe,0.8410071,57511090400.0,0.8142269338715233,0.3931510735194526,650
2023,32,felten_aioe,0.8410071,83678630400.0,0.8471686505997116,0.3238024342656685,639
2023,33,felten_aioe,0.8410071,43338541600.0,0.7916076922163897,0.3997337328453153,610
2023,34,felten_aioe,0.8410071,307662546000.0,0.7997478997654788,0.47183668890142233,718
2023,35,felten_aioe,0.8410071,46397417200.0,0.8125700755601543,0.3876064447557158,609
2023,36,felten_aioe,0.8410071,726467742000.0,0.7998592388979056,0.5006332381202911,759
2023,37,felten_aioe,0.8410071,283492937100.0,0.8025256672258732,0.42970217243976605,750
2023,38,felten_aioe,0.8410071,23887815000.0,0.8367489240853548,0.30679972714770065,529
2023,39,felten_aioe,0.8410071,326276368300.0,0.7984736392568214,0.38698223784850766,767
2023,40,felten_aioe,0.8410071,86901932700.0,0.8287778356855808,0.3629072394213624,684
2023,41,felten_aioe,0.8410071,128083902200.0,0.7815158640599256,0.40830556453314154,714
2023,42,felten_aioe,0.8410071,356278194000.0,0.8036311602051065,0.40100937278803167,753
2023,44,felten_aioe,0.8410071,30701796000.0,0.8036056815698991,0.4249052890135256,486
2023,45,felten_aioe,0.8410071,119939572000.0,0.8074913165439677,0.38075152272149665,716
2023,46,felten_aioe,0.8410071,22831529500.0,0.825629531302316,0.34217091587254056,568
2023,47,felten_aioe,0.8410071,178017210400.0,0.8203768190269316,0.3907478534371434,726
2023,48,felten_aioe,0.8410071,825853817200.0,0.8056270120004477,0.42342048037594765,778
2023,49,felten_aioe,0.8410071,100639248800.0,0.806577667936647,0.4249206685030768,703
2023,50,felten_aioe,0.8410071,17695846000.0,0.8145889888508298,0.38731124289242086,521
2023,51,felten_aioe,0.8410071,263384029700.0,0.750369817885735,0.4489339619731253,732
2023,53,felten_aioe,0.8410071,266788469600.0,0.7581199303824786,0.4286157691850241,750
2023,54,felten_aioe,0.8410071,35302543000.0,0.8184878324487842,0.34217124420307654,631
2023,55,felten_aioe,0.8410071,171115813700.0,0.7895381711292999,0.3791002650724365,735
2023,56,felten_aioe,0.8410071,15099553600.0,0.839437299656329,0.28264578935038015,493
2023,66,felten_aioe,0.8410071,2069600900.0,0.8786512897245068,0.39154761659263415,209
2023,72,felten_aioe,0.8410071,30773259900.0,0.8617900113988248,0.4016195270543597,537
2023,78,felten_aioe,0.8410071,1376417200.0,0.8851678836910786,0.3816861071392428,171
2024,01,felten_aioe,0.8410071,113004917200.0,0.8294360831583354,0.3679644984683132,679
2024,02,felten_aioe,0.8410071,22493593900.0,0.8322899836828653,0.3610664147368515,510
2024,04,felten_aioe,0.8410071,207063167600.0,0.8089292438700237,0.40195246346705055,667
2024,05,felten_aioe,0.8410071,67040975100.0,0.8332856856075174,0.3551275172592427,646
2024,06,felten_aioe,0.8410071,1428291578900.0,0.7767261286763301,0.4572667960713548,771
2024,08,felten_aioe,0.8410071,210618337100.0,0.7765865619874368,0.449261457288521,695
2024,09,felten_aioe,0.8410071,124665230300.0,0.8159406608820904,0.4574001576398918,640
2024,10,felten_aioe,0.8410071,30073334600.0,0.8071819544747126,0.4488026172814911,480
2024,11,felten_aioe,0.8410071,75028206300.0,0.8239358255856372,0.6758858945474528,440
2024,12,felten_aioe,0.8410071,606717113100.0,0.8216931493043789,0.41385460869818286,750
2024,13,felten_aioe,0.8410071,299006945200.0,0.8001741572924508,0.4317673381086867,732
2024,15,felten_aioe,0.8410071,39623242400.0,0.8284265625874171,0.3454589910755833,510
2024,16,felten_aioe,0.8410071,46999924600.0,0.8211495790357076,0.3476591211274846,609
2024,17,felten_aioe,0.8410071,408224914100.0,0.8135126542488506,0.41844157014807326,715
2024,18,felten_aioe,0.8410071,185984047000.0,0.8038163714116835,0.34596285783667696,738
2024,19,felten_aioe,0.8410071,90169742800.0,0.8180474315381988,0.36960538677817567,691
2024,20,felten_aioe,0.8410071,82579300400.0,0.8088139918414712,0.3888249216361936,654
2024,21,felten_aioe,0.8410071,109762713200.0,0.8143839405383795,0.3407977536526816,697
2024,22,felten_aioe,0.8410071,103591472600.0,0.8463001355190698,0.33075723949822156,659
2024,23,felten_aioe,0.8410071,39005129600.0,0.8105541533696122,0.36681484187679025,605
2024,24,felten_aioe,0.8410071,205286049100.0,0.767695390363475,0.47626864245598916,708
2024,25,felten_aioe,0.8410071,295656016400.0,0.8023504195465444,0.4987487832420117,669
2024,26,felten_aioe,0.8410071,275955232000.0,0.7987148274108461,0.3936722469976804,755
2024,27,felten_aioe,0.8410071,199411376800.0,0.7831763297870175,0.42739137960767626,699
2024,28,felten_aioe,0.8410071,56320216400.0,0.8416667287521289,0.326263936653449,638
2024,29,felten_aioe,0.8410071,170845518700.0,0.815728741733745,0.3800424809634654,710
2024,30,felten_aioe,0.8410071,28509856500.0,0.8303736253460272,0.3599362737750844,583
2024,31,felten_aioe,0.8410071,60359658200.0,0.8164316709136037,0.3822714599146616,644
2024,32,felten_aioe,0.8410071,87746031800.0,0.8385009884857266,0.3186307655592947,631
2024,33,felten_aioe,0.8410071,43743168400.0,0.791546359499647,0.3754798667012304,598
2024,34,felten_aioe,0.8410071,318774786500.0,0.7976422134628267,0.46454009185024153,711
2024,35,felten_aioe,0.8410071,49828471700.0,0.8068850965782279,0.39585885698149326,610
2024,36,felten_aioe,0.8410071,761612876700.0,0.7955616377251307,0.497541175288846,751
2024,37,felten_aioe,0.8410071,299615851900.0,0.7967007659516963,0.4249572108558986,740
2024,38,felten_aioe,0.8410071,25440813900.0,0.8297267761547519,0.30545923834253136,539
2024,39,felten_aioe,0.8410071,340125146900.0,0.7983201118023537,0.3863827657881495,758
2024,40,felten_aioe,0.8410071,91811404600.0,0.8328747984321765,0.3565529726599811,673
2024,41,felten_aioe,0.8410071,134637520500.0,0.7825638463090978,0.39999935024293604,717
2024,42,felten_aioe,0.8410071,380182591800.0,0.8097227070353199,0.4141253016046576,760
2024,44,felten_aioe,0.8410071,32359118000.0,0.7949513271653449,0.4255717823266138,484
2024,45,felten_aioe,0.8410071,127891581600.0,0.8135781643973351,0.38641453511247653,700
2024,46,felten_aioe,0.8410071,24248800800.0,0.8301179165940445,0.3426445117689759,555
2024,47,felten_aioe,0.8410071,190168149200.0,0.8175164887180802,0.39378574581827613,716
2024,48,felten_aioe,0.8410071,868306838700.0,0.804555335238315,0.41823507703106383,775
2024,49,felten_aioe,0.8410071,105885273500.0,0.7955178677420142,0.4208267691001837,686
2024,50,felten_aioe,0.8410071,19045809200.0,0.8106214148149715,0.4028170313341703,524
2024,51,felten_aioe,0.8410071,285859960700.0,0.7651018745837251,0.4640515888713149,712
2024,53,felten_aioe,0.8410071,284866604900.0,0.7534227522925766,0.4324221316240393,743
2024,54,felten_aioe,0.8410071,37930381300.0,0.8188179589958406,0.33559262106803817,628
2024,55,felten_aioe,0.8410071,179080281600.0,0.8016179269845419,0.38180531721032424,727
2024,56,felten_aioe,0.8410071,16189787000.0,0.8410146964873596,0.2898331097801262,498
2024,66,felten_aioe,0.8410071,2040905800.0,0.8758758978488865,0.3654542604577965,195
2024,72,felten_aioe,0.8410071,32714500400.0,0.8520360744986343,0.3986637013874019,529
2024,78,felten_aioe,0.8410071,1410007300.0,0.8930289935378348,0.37375234021830445,166
