period,young_ratio_indexed,prime_ratio_indexed,young_relative_to_prime
2022-03,1.0096333838991522,1.032894980662412,0.9774792237364329
2022-04,1.0003110561026982,1.0146881413191082,0.9858310306083605
2022-05,0.9881138864129139,0.9938571426328371,0.994221245716755
2022-06,0.9697518485951568,0.9890228636293752,0.9805150965231478
2022-07,0.9732174329988109,0.9915462067782724,0.9815149574934936
2022-08,0.9976704325832406,0.9992909611512282,0.998378321599026
2022-09,1.0118152139554448,0.9921989498140356,1.0197704947632589
2022-10,1.0186612181731636,0.9855406551980878,1.033606490813328
2022-11,1.015625006739252,0.992321824123345,1.0234834930054006
2022-12,1.0152005205401664,1.0086382746912994,1.0065060448463305
2023-01,1.0154149356768316,1.0276122319128405,0.9881304485707568
2023-02,1.00657716974194,1.030798908398786,0.9765019748667841
2023-03,1.0080540128309052,1.030923462424484,0.9778165398042301
2023-04,1.0085382156577583,1.0247228247711773,0.9842058664819601
2023-05,0.9990524312770699,1.023530674125879,0.97608450487357
2023-06,0.9907819272634069,1.0149641521007235,0.9761743064646515
2023-07,0.994728282330599,1.0192219241512592,0.9759682938128936
2023-08,1.0099217686447652,1.015502520833832,0.9945044428009058
2023-09,1.0089041441701279,1.0275982417368759,0.9818079704621228
2023-10,0.9832278731978169,1.0305726889616644,0.9540597026576078
2023-11,0.960351835548562,1.0356329608021082,0.9273090678813078
2023-12,0.9401745618870595,1.028972151105506,0.9137026311907039
2024-01,0.9534788498091025,1.0220356513182292,0.93292132087496
2024-02,0.9590197393218948,1.007741178845656,0.9516528246076333
2024-03,0.9704234754064303,0.9997930801875519,0.9706243168080217
2024-04,0.977707468396191,0.9889258872054111,0.9886559559676186
2024-05,0.9964150395645897,0.9957000546196675,1.0007180726179585
2024-06,1.011454871969375,1.007461420592744,1.0039638752363158
2024-07,0.9992079732764695,1.0193146508527207,0.9802743171017598
2024-08,0.9762274679849755,1.0180918443345843,0.9588795681032383
2024-09,0.951481036100947,1.0100712576993902,0.9419939720570879
2024-10,0.9425883312057355,1.0111879042033598,0.9321594209024199
2024-11,0.9308289439031838,1.0171633106466036,0.915122413638241
2024-12,0.9405234677824295,1.029390137033542,0.9136705646828857
2025-01,0.9444533371193086,1.029213550865798,0.9176456492676498
2025-02,0.9648784318921352,1.0292051731229066,0.9374986223246571
2025-03,0.9526590265534185,1.023593819477144,0.930700252801488
2025-04,0.9348052924158562,1.0126195004638212,0.9231555307671608
2025-05,0.9105317513742756,1.00197427134031,0.9087376566628657
2025-06,0.9256038267553619,0.9982483585863585,0.9272279977160492
2025-07,0.9461073904934881,1.0060295420519305,0.940436986138376
2025-08,0.9691257691265844,1.0198516751212476,0.9502614868101947
2025-09,0.9507003690140552,1.0351547302254724,0.9184137803311571
2025-11,0.9406286553161605,1.0474268523090826,0.8980375605633153
2025-12,0.9145461928146636,1.0534364925244104,0.8681550328896278
2026-01,0.9165347692519968,1.0494985367773488,0.873307334059142
2026-02,0.9111263538966751,1.0444344642338121,0.8723633555745111
2026-03,0.9157569199347222,1.044890677555695,0.8764140972880967
2026-04,0.9221890531644137,1.0519586228996094,0.8766400437143621
2026-05,0.9160821550528168,1.0558476342435597,0.8676272270185319
2026-06,0.9217763547842313,1.0561349905981856,0.8727827057998951
2026-07,0.907309323602422,1.0505590345051241,0.8636443015597107
2026-08,0.8906550868445761,1.0597199861001545,0.8404626679942601
