term,major_field,cip2,enrolment,population
Fall 2019,"Agriculture, Agriculture Operations, and Related Sciences",01,96697.0,"CIP Group Enrollment, Fall 2024 (Undergraduate 4-year)"
Fall 2019,Natural Resources and Conservation,03,81891.0,"CIP Group Enrollment, Fall 2024 (Undergraduate 4-year)"
Fall 2019,Architecture and Related Services,04,46783.0,"CIP Group Enrollment, Fall 2024 (Undergraduate 4-year)"
Fall 2019,"Area, Ethnic, Cultural, and Gender Studies",05,25165.0,"CIP Group Enrollment, Fall 2024 (Undergraduate 4-year)"
Fall 2019,"Communication, Journalism, and Related Programs",09,316878.0,"CIP Group Enrollment, Fall 2024 (Undergraduate 4-year)"
Fall 2019,Communications Technologies/Technicians and Support Services,10,20605.0,"CIP Group Enrollment, Fall 2024 (Undergraduate 4-year)"
Fall 2019,Computer and Information Sciences and Support Services,11,466306.0,"CIP Group Enrollment, Fall 2024 (Undergraduate 4-year)"
Fall 2019,Personal and Culinary Services,12,8325.0,"CIP Group Enrollment, Fall 2024 (Undergraduate 4-year)"
Fall 2019,Education,13,442955.0,"CIP Group Enrollment, Fall 2024 (Undergraduate 4-year)"
Fall 2019,Engineering,14,627221.0,"CIP Group Enrollment, Fall 2024 (Undergraduate 4-year)"
Fall 2019,Engineering Technologies/Technicians,15,88037.0,"CIP Group Enrollment, Fall 2024 (Undergraduate 4-year)"
Fall 2019,"Foreign Languages, Literatures, and Linguistics",16,54385.0,"CIP Group Enrollment, Fall 2024 (Undergraduate 4-year)"
Fall 2019,Family and Consumer Sciences/Human Sciences,19,87376.0,"CIP Group Enrollment, Fall 2024 (Undergraduate 4-year)"
Fall 2019,Technology Education/Industrial Arts,21,0.0,"CIP Group Enrollment, Fall 2024 (Undergraduate 4-year)"
Fall 2019,Legal Professions and Studies,22,21000.0,"CIP Group Enrollment, Fall 2024 (Undergraduate 4-year)"
Fall 2019,English Language and Literature/Letters,23,130143.0,"CIP Group Enrollment, Fall 2024 (Undergraduate 4-year)"
Fall 2019,"Liberal Arts and Sciences, General Studies and Humanities",24,870907.0,"CIP Group Enrollment, Fall 2024 (Undergraduate 4-year)"
Fall 2019,Library Science,25,567.0,"CIP Group Enrollment, Fall 2024 (Undergraduate 4-year)"
Fall 2019,Biological and Biomedical Sciences,26,622256.0,"CIP Group Enrollment, Fall 2024 (Undergraduate 4-year)"
Fall 2019,Mathematics and Statistics,27,98873.0,"CIP Group Enrollment, Fall 2024 (Undergraduate 4-year)"
Fall 2019,Military Technologies,29,3241.0,"CIP Group Enrollment, Fall 2024 (Undergraduate 4-year)"
Fall 2019,Multi/Interdisciplinary Studies,30,255244.0,"CIP Group Enrollment, Fall 2024 (Undergraduate 4-year)"
Fall 2019,"Parks, Recreation, Leisure and Fitness Studies",31,231133.0,"CIP Group Enrollment, Fall 2024 (Undergraduate 4-year)"
Fall 2019,Basic Skills,32,4369.0,"CIP Group Enrollment, Fall 2024 (Undergraduate 4-year)"
Fall 2019,Health-Related Knowledge and Skills,34,623.0,"CIP Group Enrollment, Fall 2024 (Undergraduate 4-year)"
Fall 2019,Leisure and Recreational Activities,36,726.0,"CIP Group Enrollment, Fall 2024 (Undergraduate 4-year)"
Fall 2019,Personal Awareness and Self-Improvement,37,2780.0,"CIP Group Enrollment, Fall 2024 (Undergraduate 4-year)"
Fall 2019,Philosophy and Religious Studies,38,32029.0,"CIP Group Enrollment, Fall 2024 (Undergraduate 4-year)"
Fall 2019,Theology and Religious Vocations,39,26904.0,"CIP Group Enrollment, Fall 2024 (Undergraduate 4-year)"
Fall 2019,Physical Sciences,40,138947.0,"CIP Group Enrollment, Fall 2024 (Undergraduate 4-year)"
Fall 2019,Science Technologies/Technicians,41,2679.0,"CIP Group Enrollment, Fall 2024 (Undergraduate 4-year)"
Fall 2019,Psychology,42,463004.0,"CIP Group Enrollment, Fall 2024 (Undergraduate 4-year)"
Fall 2019,Security and Protective Services,43,268138.0,"CIP Group Enrollment, Fall 2024 (Undergraduate 4-year)"
Fall 2019,Public Administration and Social Service Professions,44,128983.0,"CIP Group Enrollment, Fall 2024 (Undergraduate 4-year)"
Fall 2019,Social Sciences,45,443468.0,"CIP Group Enrollment, Fall 2024 (Undergraduate 4-year)"
Fall 2019,Construction Trades,46,2014.0,"CIP Group Enrollment, Fall 2024 (Undergraduate 4-year)"
Fall 2019,Mechanic and Repair Technologies/Technicians,47,4638.0,"CIP Group Enrollment, Fall 2024 (Undergraduate 4-year)"
Fall 2019,Precision Production,48,1383.0,"CIP Group Enrollment, Fall 2024 (Undergraduate 4-year)"
Fall 2019,Transportation and Materials Moving,49,32201.0,"CIP Group Enrollment, Fall 2024 (Undergraduate 4-year)"
Fall 2019,Visual and Performing Arts,50,407352.0,"CIP Group Enrollment, Fall 2024 (Undergraduate 4-year)"
Fall 2019,Health Professions and Related Clinical Sciences,51,996167.0,"CIP Group Enrollment, Fall 2024 (Undergraduate 4-year)"
Fall 2019,"Business, Management, Marketing, and Related Support",52,1576082.0,"CIP Group Enrollment, Fall 2024 (Undergraduate 4-year)"
Fall 2019,High School/Secondary Diplomas and Certificates,53,2318.0,"CIP Group Enrollment, Fall 2024 (Undergraduate 4-year)"
Fall 2019,History,54,82168.0,"CIP Group Enrollment, Fall 2024 (Undergraduate 4-year)"
Fall 2020,"Agriculture, Agriculture Operations, and Related Sciences",01,96248.0,"CIP Group Enrollment, Fall 2024 (Undergraduate 4-year)"
Fall 2020,Natural Resources and Conservation,03,82200.0,"CIP Group Enrollment, Fall 2024 (Undergraduate 4-year)"
Fall 2020,Architecture and Related Services,04,48090.0,"CIP Group Enrollment, Fall 2024 (Undergraduate 4-year)"
Fall 2020,"Area, Ethnic, Cultural, and Gender Studies",05,23248.0,"CIP Group Enrollment, Fall 2024 (Undergraduate 4-year)"
Fall 2020,"Communication, Journalism, and Related Programs",09,307261.0,"CIP Group Enrollment, Fall 2024 (Undergraduate 4-year)"
Fall 2020,Communications Technologies/Technicians and Support Services,10,23639.0,"CIP Group Enrollment, Fall 2024 (Undergraduate 4-year)"
Fall 2020,Computer and Information Sciences and Support Services,11,494993.0,"CIP Group Enrollment, Fall 2024 (Undergraduate 4-year)"
Fall 2020,Personal and Culinary Services,12,10778.0,"CIP Group Enrollment, Fall 2024 (Undergraduate 4-year)"
Fall 2020,Education,13,453129.0,"CIP Group Enrollment, Fall 2024 (Undergraduate 4-year)"
Fall 2020,Engineering,14,611623.0,"CIP Group Enrollment, Fall 2024 (Undergraduate 4-year)"
Fall 2020,Engineering Technologies/Technicians,15,85863.0,"CIP Group Enrollment, Fall 2024 (Undergraduate 4-year)"
Fall 2020,"Foreign Languages, Literatures, and Linguistics",16,49652.0,"CIP Group Enrollment, Fall 2024 (Undergraduate 4-year)"
Fall 2020,Family and Consumer Sciences/Human Sciences,19,83238.0,"CIP Group Enrollment, Fall 2024 (Undergraduate 4-year)"
Fall 2020,Technology Education/Industrial Arts,21,0.0,"CIP Group Enrollment, Fall 2024 (Undergraduate 4-year)"
Fall 2020,Legal Professions and Studies,22,22402.0,"CIP Group Enrollment, Fall 2024 (Undergraduate 4-year)"
Fall 2020,English Language and Literature/Letters,23,121478.0,"CIP Group Enrollment, Fall 2024 (Undergraduate 4-year)"
Fall 2020,"Liberal Arts and Sciences, General Studies and Humanities",24,813944.0,"CIP Group Enrollment, Fall 2024 (Undergraduate 4-year)"
Fall 2020,Library Science,25,632.0,"CIP Group Enrollment, Fall 2024 (Undergraduate 4-year)"
Fall 2020,Biological and Biomedical Sciences,26,623411.0,"CIP Group Enrollment, Fall 2024 (Undergraduate 4-year)"
Fall 2020,Mathematics and Statistics,27,95890.0,"CIP Group Enrollment, Fall 2024 (Undergraduate 4-year)"
Fall 2020,Military Technologies,29,6095.0,"CIP Group Enrollment, Fall 2024 (Undergraduate 4-year)"
Fall 2020,Multi/Interdisciplinary Studies,30,256680.0,"CIP Group Enrollment, Fall 2024 (Undergraduate 4-year)"
Fall 2020,"Parks, Recreation, Leisure and Fitness Studies",31,234032.0,"CIP Group Enrollment, Fall 2024 (Undergraduate 4-year)"
Fall 2020,Basic Skills,32,2889.0,"CIP Group Enrollment, Fall 2024 (Undergraduate 4-year)"
Fall 2020,Health-Related Knowledge and Skills,34,613.0,"CIP Group Enrollment, Fall 2024 (Undergraduate 4-year)"
Fall 2020,Leisure and Recreational Activities,36,589.0,"CIP Group Enrollment, Fall 2024 (Undergraduate 4-year)"
Fall 2020,Personal Awareness and Self-Improvement,37,2781.0,"CIP Group Enrollment, Fall 2024 (Undergraduate 4-year)"
Fall 2020,Philosophy and Religious Studies,38,30395.0,"CIP Group Enrollment, Fall 2024 (Undergraduate 4-year)"
Fall 2020,Theology and Religious Vocations,39,26451.0,"CIP Group Enrollment, Fall 2024 (Undergraduate 4-year)"
Fall 2020,Physical Sciences,40,132218.0,"CIP Group Enrollment, Fall 2024 (Undergraduate 4-year)"
Fall 2020,Science Technologies/Technicians,41,2487.0,"CIP Group Enrollment, Fall 2024 (Undergraduate 4-year)"
Fall 2020,Psychology,42,494735.0,"CIP Group Enrollment, Fall 2024 (Undergraduate 4-year)"
Fall 2020,Security and Protective Services,43,270305.0,"CIP Group Enrollment, Fall 2024 (Undergraduate 4-year)"
Fall 2020,Public Administration and Social Service Professions,44,129095.0,"CIP Group Enrollment, Fall 2024 (Undergraduate 4-year)"
Fall 2020,Social Sciences,45,435200.0,"CIP Group Enrollment, Fall 2024 (Undergraduate 4-year)"
Fall 2020,Construction Trades,46,2558.0,"CIP Group Enrollment, Fall 2024 (Undergraduate 4-year)"
Fall 2020,Mechanic and Repair Technologies/Technicians,47,4938.0,"CIP Group Enrollment, Fall 2024 (Undergraduate 4-year)"
Fall 2020,Precision Production,48,1244.0,"CIP Group Enrollment, Fall 2024 (Undergraduate 4-year)"
Fall 2020,Transportation and Materials Moving,49,34181.0,"CIP Group Enrollment, Fall 2024 (Undergraduate 4-year)"
Fall 2020,Visual and Performing Arts,50,407825.0,"CIP Group Enrollment, Fall 2024 (Undergraduate 4-year)"
Fall 2020,Health Professions and Related Clinical Sciences,51,1012372.0,"CIP Group Enrollment, Fall 2024 (Undergraduate 4-year)"
Fall 2020,"Business, Management, Marketing, and Related Support",52,1561996.0,"CIP Group Enrollment, Fall 2024 (Undergraduate 4-year)"
Fall 2020,High School/Secondary Diplomas and Certificates,53,2714.0,"CIP Group Enrollment, Fall 2024 (Undergraduate 4-year)"
Fall 2020,History,54,80531.0,"CIP Group Enrollment, Fall 2024 (Undergraduate 4-year)"
Fall 2021,"Agriculture, Agriculture Operations, and Related Sciences",01,95753.0,"CIP Group Enrollment, Fall 2024 (Undergraduate 4-year)"
Fall 2021,Natural Resources and Conservation,03,83888.0,"CIP Group Enrollment, Fall 2024 (Undergraduate 4-year)"
Fall 2021,Architecture and Related Services,04,50833.0,"CIP Group Enrollment, Fall 2024 (Undergraduate 4-year)"
Fall 2021,"Area, Ethnic, Cultural, and Gender Studies",05,23606.0,"CIP Group Enrollment, Fall 2024 (Undergraduate 4-year)"
Fall 2021,"Communication, Journalism, and Related Programs",09,282612.0,"CIP Group Enrollment, Fall 2024 (Undergraduate 4-year)"
Fall 2021,Communications Technologies/Technicians and Support Services,10,24288.0,"CIP Group Enrollment, Fall 2024 (Undergraduate 4-year)"
Fall 2021,Computer and Information Sciences and Support Services,11,516521.0,"CIP Group Enrollment, Fall 2024 (Undergraduate 4-year)"
Fall 2021,Personal and Culinary Services,12,13215.0,"CIP Group Enrollment, Fall 2024 (Undergraduate 4-year)"
Fall 2021,Education,13,443930.0,"CIP Group Enrollment, Fall 2024 (Undergraduate 4-year)"
Fall 2021,Engineering,14,593257.0,"CIP Group Enrollment, Fall 2024 (Undergraduate 4-year)"
Fall 2021,Engineering Technologies/Technicians,15,86100.0,"CIP Group Enrollment, Fall 2024 (Undergraduate 4-year)"
Fall 2021,"Foreign Languages, Literatures, and Linguistics",16,52381.0,"CIP Group Enrollment, Fall 2024 (Undergraduate 4-year)"
Fall 2021,Family and Consumer Sciences/Human Sciences,19,76918.0,"CIP Group Enrollment, Fall 2024 (Undergraduate 4-year)"
Fall 2021,Technology Education/Industrial Arts,21,0.0,"CIP Group Enrollment, Fall 2024 (Undergraduate 4-year)"
Fall 2021,Legal Professions and Studies,22,21682.0,"CIP Group Enrollment, Fall 2024 (Undergraduate 4-year)"
Fall 2021,English Language and Literature/Letters,23,114269.0,"CIP Group Enrollment, Fall 2024 (Undergraduate 4-year)"
Fall 2021,"Liberal Arts and Sciences, General Studies and Humanities",24,792827.0,"CIP Group Enrollment, Fall 2024 (Undergraduate 4-year)"
Fall 2021,Library Science,25,663.0,"CIP Group Enrollment, Fall 2024 (Undergraduate 4-year)"
Fall 2021,Biological and Biomedical Sciences,26,606037.0,"CIP Group Enrollment, Fall 2024 (Undergraduate 4-year)"
Fall 2021,Mathematics and Statistics,27,92164.0,"CIP Group Enrollment, Fall 2024 (Undergraduate 4-year)"
Fall 2021,Military Technologies,29,6124.0,"CIP Group Enrollment, Fall 2024 (Undergraduate 4-year)"
Fall 2021,Multi/Interdisciplinary Studies,30,260182.0,"CIP Group Enrollment, Fall 2024 (Undergraduate 4-year)"
Fall 2021,"Parks, Recreation, Leisure and Fitness Studies",31,229867.0,"CIP Group Enrollment, Fall 2024 (Undergraduate 4-year)"
Fall 2021,Basic Skills,32,2603.0,"CIP Group Enrollment, Fall 2024 (Undergraduate 4-year)"
Fall 2021,Health-Related Knowledge and Skills,34,488.0,"CIP Group Enrollment, Fall 2024 (Undergraduate 4-year)"
Fall 2021,Interpersonal and Social Skills,35,0.0,"CIP Group Enrollment, Fall 2024 (Undergraduate 4-year)"
Fall 2021,Leisure and Recreational Activities,36,571.0,"CIP Group Enrollment, Fall 2024 (Undergraduate 4-year)"
Fall 2021,Personal Awareness and Self-Improvement,37,2851.0,"CIP Group Enrollment, Fall 2024 (Undergraduate 4-year)"
Fall 2021,Philosophy and Religious Studies,38,31451.0,"CIP Group Enrollment, Fall 2024 (Undergraduate 4-year)"
Fall 2021,Theology and Religious Vocations,39,25647.0,"CIP Group Enrollment, Fall 2024 (Undergraduate 4-year)"
Fall 2021,Physical Sciences,40,124843.0,"CIP Group Enrollment, Fall 2024 (Undergraduate 4-year)"
Fall 2021,Science Technologies/Technicians,41,2133.0,"CIP Group Enrollment, Fall 2024 (Undergraduate 4-year)"
Fall 2021,Psychology,42,513837.0,"CIP Group Enrollment, Fall 2024 (Undergraduate 4-year)"
Fall 2021,Security and Protective Services,43,251757.0,"CIP Group Enrollment, Fall 2024 (Undergraduate 4-year)"
Fall 2021,Public Administration and Social Service Professions,44,123382.0,"CIP Group Enrollment, Fall 2024 (Undergraduate 4-year)"
Fall 2021,Social Sciences,45,421236.0,"CIP Group Enrollment, Fall 2024 (Undergraduate 4-year)"
Fall 2021,Construction Trades,46,2943.0,"CIP Group Enrollment, Fall 2024 (Undergraduate 4-year)"
Fall 2021,Mechanic and Repair Technologies/Technicians,47,5843.0,"CIP Group Enrollment, Fall 2024 (Undergraduate 4-year)"
Fall 2021,Precision Production,48,1322.0,"CIP Group Enrollment, Fall 2024 (Undergraduate 4-year)"
Fall 2021,Transportation and Materials Moving,49,34747.0,"CIP Group Enrollment, Fall 2024 (Undergraduate 4-year)"
Fall 2021,Visual and Performing Arts,50,413282.0,"CIP Group Enrollment, Fall 2024 (Undergraduate 4-year)"
Fall 2021,Health Professions and Related Clinical Sciences,51,999870.0,"CIP Group Enrollment, Fall 2024 (Undergraduate 4-year)"
Fall 2021,"Business, Management, Marketing, and Related Support",52,1535040.0,"CIP Group Enrollment, Fall 2024 (Undergraduate 4-year)"
Fall 2021,High School/Secondary Diplomas and Certificates,53,4475.0,"CIP Group Enrollment, Fall 2024 (Undergraduate 4-year)"
Fall 2021,History,54,79184.0,"CIP Group Enrollment, Fall 2024 (Undergraduate 4-year)"
Fall 2022,"Agriculture, Agriculture Operations, and Related Sciences",01,97287.0,"CIP Group Enrollment, Fall 2024 (Undergraduate 4-year)"
Fall 2022,Natural Resources and Conservation,03,86591.0,"CIP Group Enrollment, Fall 2024 (Undergraduate 4-year)"
Fall 2022,Architecture and Related Services,04,52439.0,"CIP Group Enrollment, Fall 2024 (Undergraduate 4-year)"
Fall 2022,"Area, Ethnic, Cultural, and Gender Studies",05,22048.0,"CIP Group Enrollment, Fall 2024 (Undergraduate 4-year)"
Fall 2022,"Communication, Journalism, and Related Programs",09,274629.0,"CIP Group Enrollment, Fall 2024 (Undergraduate 4-year)"
Fall 2022,Communications Technologies/Technicians and Support Services,10,24509.0,"CIP Group Enrollment, Fall 2024 (Undergraduate 4-year)"
Fall 2022,Computer and Information Sciences and Support Services,11,570784.0,"CIP Group Enrollment, Fall 2024 (Undergraduate 4-year)"
Fall 2022,Personal and Culinary Services,12,13983.0,"CIP Group Enrollment, Fall 2024 (Undergraduate 4-year)"
Fall 2022,Education,13,432165.0,"CIP Group Enrollment, Fall 2024 (Undergraduate 4-year)"
Fall 2022,Engineering,14,586780.0,"CIP Group Enrollment, Fall 2024 (Undergraduate 4-year)"
Fall 2022,Engineering Technologies/Technicians,15,85736.0,"CIP Group Enrollment, Fall 2024 (Undergraduate 4-year)"
Fall 2022,"Foreign Languages, Literatures, and Linguistics",16,45770.0,"CIP Group Enrollment, Fall 2024 (Undergraduate 4-year)"
Fall 2022,Family and Consumer Sciences/Human Sciences,19,73967.0,"CIP Group Enrollment, Fall 2024 (Undergraduate 4-year)"
Fall 2022,Technology Education/Industrial Arts,21,0.0,"CIP Group Enrollment, Fall 2024 (Undergraduate 4-year)"
Fall 2022,Legal Professions and Studies,22,22207.0,"CIP Group Enrollment, Fall 2024 (Undergraduate 4-year)"
Fall 2022,English Language and Literature/Letters,23,112753.0,"CIP Group Enrollment, Fall 2024 (Undergraduate 4-year)"
Fall 2022,"Liberal Arts and Sciences, General Studies and Humanities",24,756156.0,"CIP Group Enrollment, Fall 2024 (Undergraduate 4-year)"
Fall 2022,Library Science,25,631.0,"CIP Group Enrollment, Fall 2024 (Undergraduate 4-year)"
Fall 2022,Biological and Biomedical Sciences,26,592881.0,"CIP Group Enrollment, Fall 2024 (Undergraduate 4-year)"
Fall 2022,Mathematics and Statistics,27,85657.0,"CIP Group Enrollment, Fall 2024 (Undergraduate 4-year)"
Fall 2022,"Reserve Officer Training Corps (JROTC, ROTC)",28,352.0,"CIP Group Enrollment, Fall 2024 (Undergraduate 4-year)"
Fall 2022,Military Technologies,29,6309.0,"CIP Group Enrollment, Fall 2024 (Undergraduate 4-year)"
Fall 2022,Multi/Interdisciplinary Studies,30,261351.0,"CIP Group Enrollment, Fall 2024 (Undergraduate 4-year)"
Fall 2022,"Parks, Recreation, Leisure and Fitness Studies",31,233380.0,"CIP Group Enrollment, Fall 2024 (Undergraduate 4-year)"
Fall 2022,Basic Skills,32,3321.0,"CIP Group Enrollment, Fall 2024 (Undergraduate 4-year)"
Fall 2022,Health-Related Knowledge and Skills,34,664.0,"CIP Group Enrollment, Fall 2024 (Undergraduate 4-year)"
Fall 2022,Leisure and Recreational Activities,36,601.0,"CIP Group Enrollment, Fall 2024 (Undergraduate 4-year)"
Fall 2022,Personal Awareness and Self-Improvement,37,3162.0,"CIP Group Enrollment, Fall 2024 (Undergraduate 4-year)"
Fall 2022,Philosophy and Religious Studies,38,29271.0,"CIP Group Enrollment, Fall 2024 (Undergraduate 4-year)"
Fall 2022,Theology and Religious Vocations,39,24012.0,"CIP Group Enrollment, Fall 2024 (Undergraduate 4-year)"
Fall 2022,Physical Sciences,40,119538.0,"CIP Group Enrollment, Fall 2024 (Undergraduate 4-year)"
Fall 2022,Science Technologies/Technicians,41,2186.0,"CIP Group Enrollment, Fall 2024 (Undergraduate 4-year)"
Fall 2022,Psychology,42,520598.0,"CIP Group Enrollment, Fall 2024 (Undergraduate 4-year)"
Fall 2022,Security and Protective Services,43,241149.0,"CIP Group Enrollment, Fall 2024 (Undergraduate 4-year)"
Fall 2022,Public Administration and Social Service Professions,44,115453.0,"CIP Group Enrollment, Fall 2024 (Undergraduate 4-year)"
Fall 2022,Social Sciences,45,402752.0,"CIP Group Enrollment, Fall 2024 (Undergraduate 4-year)"
Fall 2022,Construction Trades,46,3254.0,"CIP Group Enrollment, Fall 2024 (Undergraduate 4-year)"
Fall 2022,Mechanic and Repair Technologies/Technicians,47,5482.0,"CIP Group Enrollment, Fall 2024 (Undergraduate 4-year)"
Fall 2022,Precision Production,48,1290.0,"CIP Group Enrollment, Fall 2024 (Undergraduate 4-year)"
Fall 2022,Transportation and Materials Moving,49,36035.0,"CIP Group Enrollment, Fall 2024 (Undergraduate 4-year)"
Fall 2022,Visual and Performing Arts,50,420555.0,"CIP Group Enrollment, Fall 2024 (Undergraduate 4-year)"
Fall 2022,Health Professions and Related Clinical Sciences,51,955777.0,"CIP Group Enrollment, Fall 2024 (Undergraduate 4-year)"
Fall 2022,"Business, Management, Marketing, and Related Support",52,1555028.0,"CIP Group Enrollment, Fall 2024 (Undergraduate 4-year)"
Fall 2022,High School/Secondary Diplomas and Certificates,53,3025.0,"CIP Group Enrollment, Fall 2024 (Undergraduate 4-year)"
Fall 2022,History,54,76377.0,"CIP Group Enrollment, Fall 2024 (Undergraduate 4-year)"
Fall 2023,"Agriculture, Agriculture Operations, and Related Sciences",01,99822.0,"CIP Group Enrollment, Fall 2024 (Undergraduate 4-year)"
Fall 2023,Natural Resources and Conservation,03,86057.0,"CIP Group Enrollment, Fall 2024 (Undergraduate 4-year)"
Fall 2023,Architecture and Related Services,04,56247.0,"CIP Group Enrollment, Fall 2024 (Undergraduate 4-year)"
Fall 2023,"Area, Ethnic, Cultural, and Gender Studies",05,20852.0,"CIP Group Enrollment, Fall 2024 (Undergraduate 4-year)"
Fall 2023,"Communication, Journalism, and Related Programs",09,271766.0,"CIP Group Enrollment, Fall 2024 (Undergraduate 4-year)"
Fall 2023,Communications Technologies/Technicians and Support Services,10,25006.0,"CIP Group Enrollment, Fall 2024 (Undergraduate 4-year)"
Fall 2023,Computer and Information Sciences and Support Services,11,625566.0,"CIP Group Enrollment, Fall 2024 (Undergraduate 4-year)"
Fall 2023,Personal and Culinary Services,12,13101.0,"CIP Group Enrollment, Fall 2024 (Undergraduate 4-year)"
Fall 2023,Education,13,427499.0,"CIP Group Enrollment, Fall 2024 (Undergraduate 4-year)"
Fall 2023,Engineering,14,602639.0,"CIP Group Enrollment, Fall 2024 (Undergraduate 4-year)"
Fall 2023,Engineering Technologies/Technicians,15,86958.0,"CIP Group Enrollment, Fall 2024 (Undergraduate 4-year)"
Fall 2023,"Foreign Languages, Literatures, and Linguistics",16,43751.0,"CIP Group Enrollment, Fall 2024 (Undergraduate 4-year)"
Fall 2023,Family and Consumer Sciences/Human Sciences,19,71119.0,"CIP Group Enrollment, Fall 2024 (Undergraduate 4-year)"
Fall 2023,Technology Education/Industrial Arts,21,0.0,"CIP Group Enrollment, Fall 2024 (Undergraduate 4-year)"
Fall 2023,Legal Professions and Studies,22,23180.0,"CIP Group Enrollment, Fall 2024 (Undergraduate 4-year)"
Fall 2023,English Language and Literature/Letters,23,109081.0,"CIP Group Enrollment, Fall 2024 (Undergraduate 4-year)"
Fall 2023,"Liberal Arts and Sciences, General Studies and Humanities",24,757927.0,"CIP Group Enrollment, Fall 2024 (Undergraduate 4-year)"
Fall 2023,Library Science,25,551.0,"CIP Group Enrollment, Fall 2024 (Undergraduate 4-year)"
Fall 2023,Biological and Biomedical Sciences,26,598462.0,"CIP Group Enrollment, Fall 2024 (Undergraduate 4-year)"
Fall 2023,Mathematics and Statistics,27,83408.0,"CIP Group Enrollment, Fall 2024 (Undergraduate 4-year)"
Fall 2023,"Reserve Officer Training Corps (JROTC, ROTC)",28,349.0,"CIP Group Enrollment, Fall 2024 (Undergraduate 4-year)"
Fall 2023,Military Technologies,29,6834.0,"CIP Group Enrollment, Fall 2024 (Undergraduate 4-year)"
Fall 2023,Multi/Interdisciplinary Studies,30,270326.0,"CIP Group Enrollment, Fall 2024 (Undergraduate 4-year)"
Fall 2023,"Parks, Recreation, Leisure and Fitness Studies",31,233823.0,"CIP Group Enrollment, Fall 2024 (Undergraduate 4-year)"
Fall 2023,Basic Skills,32,2457.0,"CIP Group Enrollment, Fall 2024 (Undergraduate 4-year)"
Fall 2023,Health-Related Knowledge and Skills,34,613.0,"CIP Group Enrollment, Fall 2024 (Undergraduate 4-year)"
Fall 2023,Leisure and Recreational Activities,36,493.0,"CIP Group Enrollment, Fall 2024 (Undergraduate 4-year)"
Fall 2023,Personal Awareness and Self-Improvement,37,3771.0,"CIP Group Enrollment, Fall 2024 (Undergraduate 4-year)"
Fall 2023,Philosophy and Religious Studies,38,28513.0,"CIP Group Enrollment, Fall 2024 (Undergraduate 4-year)"
Fall 2023,Theology and Religious Vocations,39,24730.0,"CIP Group Enrollment, Fall 2024 (Undergraduate 4-year)"
Fall 2023,Physical Sciences,40,118684.0,"CIP Group Enrollment, Fall 2024 (Undergraduate 4-year)"
Fall 2023,Science Technologies/Technicians,41,2389.0,"CIP Group Enrollment, Fall 2024 (Undergraduate 4-year)"
Fall 2023,Psychology,42,521328.0,"CIP Group Enrollment, Fall 2024 (Undergraduate 4-year)"
Fall 2023,Security and Protective Services,43,232766.0,"CIP Group Enrollment, Fall 2024 (Undergraduate 4-year)"
Fall 2023,Public Administration and Social Service Professions,44,113118.0,"CIP Group Enrollment, Fall 2024 (Undergraduate 4-year)"
Fall 2023,Social Sciences,45,393677.0,"CIP Group Enrollment, Fall 2024 (Undergraduate 4-year)"
Fall 2023,Construction Trades,46,3235.0,"CIP Group Enrollment, Fall 2024 (Undergraduate 4-year)"
Fall 2023,Mechanic and Repair Technologies/Technicians,47,6162.0,"CIP Group Enrollment, Fall 2024 (Undergraduate 4-year)"
Fall 2023,Precision Production,48,1370.0,"CIP Group Enrollment, Fall 2024 (Undergraduate 4-year)"
Fall 2023,Transportation and Materials Moving,49,38607.0,"CIP Group Enrollment, Fall 2024 (Undergraduate 4-year)"
Fall 2023,Visual and Performing Arts,50,426364.0,"CIP Group Enrollment, Fall 2024 (Undergraduate 4-year)"
Fall 2023,Health Professions and Related Clinical Sciences,51,946910.0,"CIP Group Enrollment, Fall 2024 (Undergraduate 4-year)"
Fall 2023,"Business, Management, Marketing, and Related Support",52,1585271.0,"CIP Group Enrollment, Fall 2024 (Undergraduate 4-year)"
Fall 2023,High School/Secondary Diplomas and Certificates,53,3148.0,"CIP Group Enrollment, Fall 2024 (Undergraduate 4-year)"
Fall 2023,History,54,73369.0,"CIP Group Enrollment, Fall 2024 (Undergraduate 4-year)"
Fall 2024,"Agriculture, Agriculture Operations, and Related Sciences",01,104806.0,"CIP Group Enrollment, Fall 2024 (Undergraduate 4-year)"
Fall 2024,Natural Resources and Conservation,03,87215.0,"CIP Group Enrollment, Fall 2024 (Undergraduate 4-year)"
Fall 2024,Architecture and Related Services,04,59267.0,"CIP Group Enrollment, Fall 2024 (Undergraduate 4-year)"
Fall 2024,"Area, Ethnic, Cultural, and Gender Studies",05,20635.0,"CIP Group Enrollment, Fall 2024 (Undergraduate 4-year)"
Fall 2024,"Communication, Journalism, and Related Programs",09,273248.0,"CIP Group Enrollment, Fall 2024 (Undergraduate 4-year)"
Fall 2024,Communications Technologies/Technicians and Support Services,10,26637.0,"CIP Group Enrollment, Fall 2024 (Undergraduate 4-year)"
Fall 2024,Computer and Information Sciences and Support Services,11,659952.0,"CIP Group Enrollment, Fall 2024 (Undergraduate 4-year)"
Fall 2024,Personal and Culinary Services,12,13770.0,"CIP Group Enrollment, Fall 2024 (Undergraduate 4-year)"
Fall 2024,Education,13,439130.0,"CIP Group Enrollment, Fall 2024 (Undergraduate 4-year)"
Fall 2024,Engineering,14,635594.0,"CIP Group Enrollment, Fall 2024 (Undergraduate 4-year)"
Fall 2024,Engineering Technologies/Technicians,15,91725.0,"CIP Group Enrollment, Fall 2024 (Undergraduate 4-year)"
Fall 2024,"Foreign Languages, Literatures, and Linguistics",16,43266.0,"CIP Group Enrollment, Fall 2024 (Undergraduate 4-year)"
Fall 2024,Family and Consumer Sciences/Human Sciences,19,68843.0,"CIP Group Enrollment, Fall 2024 (Undergraduate 4-year)"
Fall 2024,Technology Education/Industrial Arts,21,0.0,"CIP Group Enrollment, Fall 2024 (Undergraduate 4-year)"
Fall 2024,Legal Professions and Studies,22,25475.0,"CIP Group Enrollment, Fall 2024 (Undergraduate 4-year)"
Fall 2024,English Language and Literature/Letters,23,107419.0,"CIP Group Enrollment, Fall 2024 (Undergraduate 4-year)"
Fall 2024,"Liberal Arts and Sciences, General Studies and Humanities",24,734083.0,"CIP Group Enrollment, Fall 2024 (Undergraduate 4-year)"
Fall 2024,Library Science,25,577.0,"CIP Group Enrollment, Fall 2024 (Undergraduate 4-year)"
Fall 2024,Biological and Biomedical Sciences,26,619974.0,"CIP Group Enrollment, Fall 2024 (Undergraduate 4-year)"
Fall 2024,Mathematics and Statistics,27,86014.0,"CIP Group Enrollment, Fall 2024 (Undergraduate 4-year)"
Fall 2024,Military Technologies,29,7845.0,"CIP Group Enrollment, Fall 2024 (Undergraduate 4-year)"
Fall 2024,Multi/Interdisciplinary Studies,30,272223.0,"CIP Group Enrollment, Fall 2024 (Undergraduate 4-year)"
Fall 2024,"Parks, Recreation, Leisure and Fitness Studies",31,237172.0,"CIP Group Enrollment, Fall 2024 (Undergraduate 4-year)"
Fall 2024,Basic Skills,32,3889.0,"CIP Group Enrollment, Fall 2024 (Undergraduate 4-year)"
Fall 2024,Health-Related Knowledge and Skills,34,546.0,"CIP Group Enrollment, Fall 2024 (Undergraduate 4-year)"
Fall 2024,Leisure and Recreational Activities,36,480.0,"CIP Group Enrollment, Fall 2024 (Undergraduate 4-year)"
Fall 2024,Personal Awareness and Self-Improvement,37,1210.0,"CIP Group Enrollment, Fall 2024 (Undergraduate 4-year)"
Fall 2024,Philosophy and Religious Studies,38,29435.0,"CIP Group Enrollment, Fall 2024 (Undergraduate 4-year)"
Fall 2024,Theology and Religious Vocations,39,26361.0,"CIP Group Enrollment, Fall 2024 (Undergraduate 4-year)"
Fall 2024,Physical Sciences,40,123528.0,"CIP Group Enrollment, Fall 2024 (Undergraduate 4-year)"
Fall 2024,Science Technologies/Technicians,41,2445.0,"CIP Group Enrollment, Fall 2024 (Undergraduate 4-year)"
Fall 2024,Psychology,42,532948.0,"CIP Group Enrollment, Fall 2024 (Undergraduate 4-year)"
Fall 2024,Security and Protective Services,43,238058.0,"CIP Group Enrollment, Fall 2024 (Undergraduate 4-year)"
Fall 2024,Public Administration and Social Service Professions,44,120833.0,"CIP Group Enrollment, Fall 2024 (Undergraduate 4-year)"
Fall 2024,Social Sciences,45,397710.0,"CIP Group Enrollment, Fall 2024 (Undergraduate 4-year)"
Fall 2024,Construction Trades,46,3381.0,"CIP Group Enrollment, Fall 2024 (Undergraduate 4-year)"
Fall 2024,Mechanic and Repair Technologies/Technicians,47,6681.0,"CIP Group Enrollment, Fall 2024 (Undergraduate 4-year)"
Fall 2024,Precision Production,48,1500.0,"CIP Group Enrollment, Fall 2024 (Undergraduate 4-year)"
Fall 2024,Transportation and Materials Moving,49,42210.0,"CIP Group Enrollment, Fall 2024 (Undergraduate 4-year)"
Fall 2024,Visual and Performing Arts,50,431196.0,"CIP Group Enrollment, Fall 2024 (Undergraduate 4-year)"
Fall 2024,Health Professions and Related Clinical Sciences,51,1025420.0,"CIP Group Enrollment, Fall 2024 (Undergraduate 4-year)"
Fall 2024,"Business, Management, Marketing, and Related Support",52,1678447.0,"CIP Group Enrollment, Fall 2024 (Undergraduate 4-year)"
Fall 2024,High School/Secondary Diplomas and Certificates,53,2983.0,"CIP Group Enrollment, Fall 2024 (Undergraduate 4-year)"
Fall 2024,History,54,71521.0,"CIP Group Enrollment, Fall 2024 (Undergraduate 4-year)"
