year,1.A.1,1.A.2,1.A.3,1.A.4,2.A.1,2.A.2,2.B.1,2.B.2,2.B.3,2.B.4,2.B.5,2.C.1,2.C.10,2.C.2,2.C.3,2.C.4,2.C.5,2.C.6,2.C.7,2.C.8,2.C.9,4.A.1,4.A.2,4.A.3,4.A.4
2013,-0.004010931675259053,-0.0013103144412272714,-0.0006678734004369441,0.007564613146939705,0.0011690660409692311,-0.009536713589810458,-0.003953907788062613,-0.0013409344551411533,0.00352300907042664,0.005993435167029249,0.0029206980969882657,0.00021020972847258308,-0.0016904196218282817,-0.0014182063510557457,-0.0008404103751425419,-0.0002095638830712142,0.0021936924183975984,-0.0004986199416074044,-0.005380404364291836,0.0004963869082551929,0.001473829400802253,0.001961686089592301,0.011503339780954367,-0.008307054819109346,-0.002895831315004763
2014,0.008194530478603926,-0.0077156411249462015,0.005873639390995672,0.007784387500336017,-0.0024102159763009726,-0.010301604376163651,-0.0038355164402838825,0.0034116090364467,0.002083152625385648,-0.0014948246407817019,0.0009541397137624699,0.0011754704915222086,0.0005728520797167335,-0.0020253058889823667,0.0007582365529197111,-0.0018346379148855437,0.00116187323081518,0.002137312704534228,0.00036487166067808154,-0.004642562220386429,-7.761261879303449e-05,0.002212816979634225,0.0017925387629466566,-0.004058555424727988,0.0011515420928305043
2015,-0.012467188544426895,-0.0025778356408695077,0.00552816886486627,0.011255132781668294,0.0033312011920721015,-0.004999055632243041,0.0052834262034390945,-0.001023760769732752,0.0016005724115384801,-0.003109847881183864,0.0036939003115444877,-0.0031328625116035114,-0.006132990168298517,-0.0003538898150267387,-0.0013423543090222588,0.0075359784801062955,-0.004086861713477975,-0.0012934767626326096,-0.0047850046063716515,-0.0015659680953548217,0.00360797557728404,0.0015125642870324417,0.0034872789316755855,-0.009586678479244829,0.0007449394205221406
2016,-0.010589776386870916,0.0005601991740698336,0.008883090393498428,0.001685551535583222,0.005319989174493373,0.004857010716718999,0.0013438156408698116,-0.002251619628478294,-0.003353516436182419,-0.009628493246181502,0.00393888341299573,0.00018632576747762476,-0.0005216290428861241,0.0024791239736290747,0.001943110133850053,0.00025466940034514214,-0.0015376107958541556,-0.0016855253020191048,0.004472590183960607,-0.0009391276911930115,0.0016403439815652796,0.0032869787006055743,0.0029341608497329545,-0.011873158483442024,-0.0020572113289067427
2017,0.02413982712699234,-0.010210856015898722,0.004943999598846497,-0.003322825278968574,-0.010736670358526424,-0.005999873662524719,-0.010182593415755848,-0.006765287866305361,0.005116848953120266,-0.006441546535194116,0.004215051226512227,-0.013580378202390183,0.0019285576933889819,0.00455172531358994,8.296311109297629e-05,0.0021885111260298287,0.0038315652813542883,0.00045972176423975325,0.0012248035608967876,0.002951878428585092,-0.0034842407586572178,-0.003739849171668106,0.0029231548875998993,-0.0060669016982109894,0.011056551702354601
2018,0.016583652235598153,0.01205487771848114,-0.001302715509817372,-0.014635918244491706,-0.0034910360778291887,-0.006244634063791198,0.0014323662732408054,-0.010472683278582393,-0.009878635865258526,0.0032929802646646457,0.0006378559551770408,-0.004227309018690892,0.0020049091984176083,0.0006717405218451498,0.00175551865189505,-0.003644935441899778,0.0027592626619892366,-0.0018970220808286079,0.008734424568612113,0.0013471374036883197,0.0024561467706367504,-0.002306430883659637,-0.002595293570735844,0.0024499931860710302,0.000928077412421027
2019,0.0074205968903814324,0.0057110693988391414,0.0019470461173266528,-0.005720322353071958,0.0054756432107547215,-0.015145510910299755,0.00888525880961805,-0.009835099201391074,-0.00446536592610044,-0.003092174629324663,-0.00015000039493325167,-0.00759249788021885,-0.002105591378234831,-0.0014205687301471425,0.0006261079072604632,-0.0018414774138263094,0.0008000755292288163,0.0007718014618848651,0.006510046945068507,-0.0008340254839389172,0.004965087942976875,0.004011158570510122,-0.0056073446952697266,0.003181690185573568,0.0014067635470965216
2020,0.001664455254758326,-0.001833793314905254,-0.0035215173921355983,-0.004220438902726788,-0.011747027110760271,-0.005873769129618273,0.012060261083108174,-0.010699716667344693,0.009686059648565988,0.0031164831308668046,-0.0011926770574279876,0.0001740122714865369,0.0006286821436055956,-0.0004469725693845983,-0.0033375403486669343,0.007524828049873483,-2.0243160381284976e-05,-0.003862979242101165,0.005203667209020186,8.592594809096019e-05,-2.729063609884423e-05,0.0022666903423011974,-0.004358672749945952,0.0007306133771304507,-0.001315475591767434
2021,0.03335797454875068,-0.008517386225017189,0.003577459133585523,0.005004413777503131,-0.00456379918106539,-0.026145537641750843,0.0017507829186071307,-0.010673263010964466,0.005847591673661894,0.013051594943869472,-0.016723609214359208,-0.012064020950557485,-0.0043104657029177235,0.0039227048869774185,-0.009249443986108791,-0.0007103471011448104,0.0058507374904882715,0.0037412461954567915,0.014075880004735844,-0.0016772009480778948,-0.002578685742207494,0.008468359561839934,-0.017185250215206768,0.0007623582560154547,0.0006444851662317814
2022,-0.00436101034356229,0.007396794786872792,0.01932268744810033,-0.012072269447959017,-5.095077513341999e-05,-0.027611453312899412,0.03414141700478152,0.007926821817129287,0.010111518846008987,-0.01198024860893483,0.004174838862220344,-0.0033168796777013777,-0.00288019384909881,0.008877692965603617,-0.004080774034820281,-0.0005462240470266666,0.0009541974663048164,-0.005055272517396619,-0.01731165714551706,-0.002419389779731261,0.022056257295060274,0.006795457835598815,0.012630684045642706,-0.03189379885186802,-0.014142183093745342
2023,-0.006966566428858211,-0.00614478158217468,0.008363059164059921,-0.0009126931143678503,-0.015510787269009004,-0.0074798687579774184,0.006130956870728939,0.009098388144037515,-0.005817449447215263,0.009590561677838708,-0.009870894646071637,-7.841679399012816e-05,-0.003552803138194454,0.0031221352460870213,-0.0026611455028802216,0.010749843751633091,0.000672832972926709,-0.005497285548405341,0.004221748185314487,0.00835977807563945,-0.005208614633519395,0.005215378704239708,-0.012247767883873101,0.0005768998410866568,0.005724830769101077
2024,0.03930156993053706,-0.0028036007894080006,-0.007072087113701723,0.01180337953573597,-0.025449903668267007,-0.01173934987692251,-0.0033677518934090156,0.010758170373320304,-0.0017132720972381481,-0.007985893726259812,-0.003873211249843288,-0.0039159272201183684,-0.004411218572916406,0.008030850534320918,0.004595973928545784,-0.009915651172820112,0.01208272159483944,-0.00776901434210946,-0.014993007762692278,0.008257891061573971,-0.00024283519223268921,-0.0016561746173232668,-0.00031729281000357463,-0.0005854272583730671,0.004362498976960933
2025,0.012848741639043733,0.0005813563757209104,-0.003296822146107229,-0.014953238570211603,-0.003394092768550964,0.0024852423477324304,-0.006866986385149723,-0.002021163890702835,-0.004171686965645893,0.0033906366666392215,0.003215419878897986,-0.003711744564229521,-0.002047251345509339,-0.0014136018700877805,-0.0023313873543454595,0.006341255978088773,0.0006926807855983645,0.003276847493032837,-0.008631035521051583,-0.00030052304143669584,0.002749033475308806,-7.547879284604069e-05,-0.011160898367367868,0.010544842521898313,-0.002366705945355235
