fod_code,persons,link,eloundou_beta,eloundou_beta_persons_scored,felten_aioe,felten_aioe_persons_scored
1100,134874.0,acs_field_of_degree,0.38849074748532164,130420.69107142856,0.2980631258407579,119018.58115079365
1101,129163.0,acs_field_of_degree,0.4128901494785053,124939.53571428571,0.3805887864054494,115514.45873015875
1102,42633.0,acs_field_of_degree,0.44541283851660013,41808.718253968254,0.6765349345569999,37408.7373015873
1103,189263.0,acs_field_of_degree,0.3789689172195551,183815.25119047618,0.30132383857249045,166446.80436507936
1104,39861.0,acs_field_of_degree,0.43549796589381107,38836.825,0.634143667318763,34177.66388888889
1105,105622.0,acs_field_of_degree,0.393135650574345,102192.97341269843,0.2658425767777382,89820.29325396825
1106,6455.999999999998,acs_field_of_degree,0.4248215979142866,6253.588095238094,0.5160382212144171,5050.395238095236
1107,8143.0,acs_field_of_degree,0.32975457086507476,8053.875,0.25592454513588764,7317.625
1199,16242.0,acs_field_of_degree,0.43272855502701274,15477.63988095238,0.5814262783310996,14740.54345238095
1301,307158.0,acs_field_of_degree,0.4434594338687827,296430.63432539685,0.6228333392623432,254396.58234126985
1302,61846.0,acs_field_of_degree,0.4242227923042159,59828.78630952381,0.4466343676680426,53991.612896825405
1303,141209.0,acs_field_of_degree,0.41967156957306956,137338.41845238095,0.48607784189775316,118285.11924603174
1401,496650.99999999994,acs_field_of_degree,0.45402119570332505,481488.2226190476,0.7497582141644522,435343.07579365076
1501,215193.0,acs_field_of_degree,0.44571535352015557,200045.59226190473,0.7826242953287033,175792.8382936508
1901,1623728.0,acs_field_of_degree,0.461987298644006,1547016.8162698413,0.7510407236462137,1346001.2384920635
1902,534403.0,acs_field_of_degree,0.4937017284457444,512133.3843253968,0.8097263624204589,426469.2656746032
1903,411752.00000000006,acs_field_of_degree,0.46306670048633886,392835.03134920634,0.635860326274958,337253.5742063492
1904,288119.0,acs_field_of_degree,0.4725654572508225,277786.9192460318,0.834863211178845,248257.36964285717
2001,120775.0,acs_field_of_degree,0.4569690977630654,115453.31349206349,0.43379948839063937,95957.62103174604
2100,616112.0,acs_field_of_degree,0.5774357030271337,606192.1343253969,0.6568333066589522,317488.4819444444
2101,53352.0,acs_field_of_degree,0.5863211603504476,52299.30952380953,0.5429894443044068,29177.50714285714
2102,1836347.0,acs_field_of_degree,0.6361760197920179,1811704.2230158728,0.6965973611318569,815002.9123015873
2105,173032.0,acs_field_of_degree,0.5668885475844853,169758.73611111112,0.7358211636979066,98449.57222222222
2106,167901.0,acs_field_of_degree,0.5589744480950503,164177.6,0.6317547181556994,81712.87777777777
2107,93149.0,acs_field_of_degree,0.5249609906390765,91047.27738095238,0.6989008576023653,60730.71944444445
2201,72136.0,acs_field_of_degree,0.3435418934906024,70197.6003968254,0.05340666311986343,65671.23849206348
2300,1710488.0,acs_field_of_degree,0.3691848481543141,1635001.7180555556,0.6596381052182549,1495411.8291666666
2301,49669.0,acs_field_of_degree,0.39301138588743745,45327.07261904762,0.845007265650672,45228.79404761904
2303,18809.0,acs_field_of_degree,0.33876061699271737,16626.264285714286,0.9031337307646002,15037.552380952382
2304,1388909.0,acs_field_of_degree,0.36118889031342044,1332797.3077380953,0.7226819257348144,1216032.1172619048
2305,114833.0,acs_field_of_degree,0.38210634465158744,110103.70654761905,0.7459799177064399,101638.76567460316
2306,248812.00000000003,acs_field_of_degree,0.365587782586018,237337.80416666667,0.4716016237882815,220967.12202380947
2307,300023.0,acs_field_of_degree,0.3534691977783347,284830.8271825397,0.6234035896238617,259428.5117063492
2308,77177.0,acs_field_of_degree,0.37234909981239,74289.96984126983,0.6686967370150244,67799.19126984128
2309,190095.0,acs_field_of_degree,0.3863915799681477,181767.69047619044,0.6983069652761601,169506.85952380951
2310,262285.0,acs_field_of_degree,0.35321955313705017,250059.81190476188,0.603384949826762,185147.90238095238
2311,140042.0,acs_field_of_degree,0.38964579662219456,132286.01726190475,0.6730450278554513,120913.79940476191
2312,128093.0,acs_field_of_degree,0.36347390642714195,123318.89107142857,0.7190158484962302,114978.82638888889
2313,241468.0,acs_field_of_degree,0.3833369470850234,230886.28749999998,0.7270383345357818,209206.37361111114
2314,279607.0,acs_field_of_degree,0.38617419711042283,266931.1583333333,0.69846596522929,246296.69166666665
2399,148142.0,acs_field_of_degree,0.4079089786930063,139541.59722222222,0.6246420849308342,127365.17499999999
2400,697905.0,acs_field_of_degree,0.47913317615957607,684427.3142857143,0.6515932865952582,561772.1111111111
2401,143234.0,acs_field_of_degree,0.5158366608010752,139269.1875,0.858651228720611,117254.17916666667
2402,73313.0,acs_field_of_degree,0.45183102448897505,71059.34523809524,0.6034539662433812,59275.47222222222
2403,25719.999999999996,acs_field_of_degree,0.4794174258441927,25002.924999999996,0.9285651377876558,22494.919444444444
2404,127975.0,acs_field_of_degree,0.47525854805626244,123890.69285714286,0.7506898780437129,89529.02936507936
2405,380725.0,acs_field_of_degree,0.48470989315257007,374716.0117063492,0.9033125150972153,315241.70416666666
2406,629101.0,acs_field_of_degree,0.47186489334135495,618854.525,0.9153239309884783,554627.9896825397
2407,539520.0,acs_field_of_degree,0.6409994479624803,530952.1746031746,0.7283972825358864,250390.17539682536
2408,1195040.0,acs_field_of_degree,0.547004815713691,1178966.0214285715,0.7596087369361505,862805.4765873016
2409,38011.0,acs_field_of_degree,0.49605917895988877,37026.2,0.5872448932624228,28661.555555555555
2410,47185.0,acs_field_of_degree,0.48756983378489654,45874.997619047615,0.8742401623990754,39683.613492063494
2411,10030.000000000002,acs_field_of_degree,0.47937582824381036,9777.212500000001,0.9063501710825022,9011.181944444446
2412,266040.0,acs_field_of_degree,0.47258754924667995,260463.70912698412,0.7067720741657318,220313.38531746034
2413,45920.0,acs_field_of_degree,0.4697624444392546,45220.66666666666,0.7944822586283651,40486.07222222222
2414,1167173.0,acs_field_of_degree,0.49768988608233106,1147596.1577380951,0.8012776749788887,982936.9363095238
2415,15115.0,acs_field_of_degree,0.5069824615417495,14970.316666666668,0.8579380150881262,13123.233333333334
2416,14997.0,acs_field_of_degree,0.45540949286848026,14747.625,0.7433384798092212,12815.875000000002
2417,22343.0,acs_field_of_degree,0.43573906953357655,21154.137499999997,0.5093407026101083,18866.87361111111
2418,21216.0,acs_field_of_degree,0.49852276372123394,20383.362500000003,0.8003364831305119,17450.465277777774
2419,36729.0,acs_field_of_degree,0.4716806094488381,35838.259523809524,0.7700490168813443,32594.800000000003
2499,125327.0,acs_field_of_degree,0.467257766949851,122625.20416666666,0.5892820096817919,101512.54583333332
2500,70988.0,acs_field_of_degree,0.4890005447183937,68537.16388888888,0.6030642287117911,50608.186111111114
2501,44896.0,acs_field_of_degree,0.48780986196513865,44451.87857142858,0.8644958201884122,37259.47698412699
2502,135380.0,acs_field_of_degree,0.5487262482611897,133856.7626984127,0.6057834984039366,86974.2119047619
2503,76314.0,acs_field_of_degree,0.4346403476216924,74508.46805555555,0.4991977260991188,64004.337499999994
2504,56344.0,acs_field_of_degree,0.4328123390743177,55546.723809523806,0.508137590167195,50486.707142857136
2599,111878.0,acs_field_of_degree,0.46066319069411243,109304.23095238095,0.6031962499121586,88401.43690476191
2601,125513.99999999999,acs_field_of_degree,0.46020489614806803,119703.20714285712,0.7197789974634917,101265.24285714285
2602,324436.0,acs_field_of_degree,0.4365627240537842,309819.3359126984,0.7647000104968564,269814.3005952381
2603,88840.0,acs_field_of_degree,0.43838273934385436,85976.2238095238,0.6582779261824792,71819.29285714286
2901,471506.0,acs_field_of_degree,0.40292375137198716,435659.91448412696,0.6788886044128513,383501.76329365076
3202,111967.0,acs_field_of_degree,0.44938866216926143,107229.35416666667,0.8462395443790389,100278.1125
3301,1567382.0,acs_field_of_degree,0.45581901589014606,1498141.223809524,0.7793438498439119,1288271.799206349
3302,125136.0,acs_field_of_degree,0.47777490960535696,120164.62797619047,0.7234966331875126,101774.34980158729
3401,688884.0,acs_field_of_degree,0.4171928987623643,653444.485515873,0.6081608115914664,571506.6200396825
3402,60410.0,acs_field_of_degree,0.4243254832137625,57094.643055555556,0.6292760723320548,52627.15138888889
3501,21134.0,acs_field_of_degree,0.4557113471437469,20490.158333333336,0.4941567923421482,11927.191666666666
3600,2258710.0,acs_field_of_degree,0.40204872981920936,2161718.7976190476,0.5347740991948968,1624886.3527777777
3601,299849.0,acs_field_of_degree,0.4220913291127795,288756.614484127,0.6600013988415554,203791.46884920634
3602,23040.0,acs_field_of_degree,0.4147989992391891,22519.949999999997,0.6111636887423656,19067.061111111114
3603,117030.0,acs_field_of_degree,0.42305730507435996,112752.1783730159,0.7228069126975855,75188.55218253969
3604,92817.0,acs_field_of_degree,0.4185315548459288,88279.2994047619,0.5207893843596589,79111.13392857142
3605,26342.0,acs_field_of_degree,0.4377845176014422,25000.432142857142,0.7507155361096848,19426.917857142857
3606,149489.0,acs_field_of_degree,0.4251407495862315,144262.425,0.6766830336591868,109332.55833333332
3607,12046.0,acs_field_of_degree,0.43552553233074554,11862.7,0.746407000009998,10501.966666666667
3608,157561.0,acs_field_of_degree,0.3853415761027392,151604.25833333333,0.37323663919077577,113078.66388888888
3609,108112.0,acs_field_of_degree,0.39217591492968507,103118.82142857142,0.4687388721470977,75607.92857142858
3611,114575.0,acs_field_of_degree,0.4264655571081725,108065.80277777778,0.628336530608135,73396.21944444445
3699,110791.0,acs_field_of_degree,0.43595145041110045,105622.4876984127,0.5915286513532221,88266.06785714286
3700,649303.0,acs_field_of_degree,0.5030899078827125,630693.7605158731,0.8290509299389901,477777.07162698417
3701,65203.0,acs_field_of_degree,0.5583208711755282,63305.36904761904,0.9282814102673727,44302.264285714286
3702,79037.0,acs_field_of_degree,0.5288717045156244,77140.4134920635,0.8528447937965309,56699.05873015873
3801,4901.0,acs_field_of_degree,0.38971708585296544,3888.980952380952,0.49617274356127467,3491.1523809523806
4000,146324.0,acs_field_of_degree,0.4166102246680851,138896.0,0.6881452961302151,119773.52777777778
4001,151194.0,acs_field_of_degree,0.45933595421295637,143631.04384920635,0.8239260729410065,124030.32837301587
4002,140983.0,acs_field_of_degree,0.4221284401078791,135530.05515873016,0.6346827627284218,119315.57658730159
4005,17380.0,acs_field_of_degree,0.5906538131960434,17240.775,0.7415508953171973,8468.041666666668
4006,32150.0,acs_field_of_degree,0.49772956312317074,29417.704166666663,0.7632514201557506,19076.979166666664
4007,111306.0,acs_field_of_degree,0.41641922558512273,101232.675,0.71052686463389,87275.80833333333
4009,7850.999999999999,acs_field_of_degree,0.5308453181842414,7538.516666666666,0.9905678417753592,5157.266666666666
4101,935754.0,acs_field_of_degree,0.374745165532362,895748.8696428571,0.32960880036307355,791289.0728174604
4801,396950.0,acs_field_of_degree,0.4395728297271962,380449.33670634916,0.8099394575485572,322300.8136904762
4901,357645.0,acs_field_of_degree,0.3773242411702952,338902.77837301587,0.6828898273672879,306657.24384920637
5000,12598.0,acs_field_of_degree,0.4041318292608753,12059.7,0.3846236825192373,9996.544444444444
5001,16601.0,acs_field_of_degree,0.5002501354183883,16194.175000000003,0.7344732606770222,12691.50119047619
5002,33306.0,acs_field_of_degree,0.46147361848622237,31732.099999999995,0.731755037156394,27158.96388888889
5003,636374.0,acs_field_of_degree,0.437449858292997,615458.1755952381,0.7029817080389118,479415.0632936508
5004,173364.0,acs_field_of_degree,0.4494659013556082,168990.22837301588,0.6630134015934249,147741.89384920633
5005,24268.0,acs_field_of_degree,0.4739321199945476,23363.00357142857,0.6742858703809677,19133.70357142857
5006,19787.0,acs_field_of_degree,0.440031935244915,19009.57222222222,0.6437849546414698,16260.055555555555
5007,305287.0,acs_field_of_degree,0.5102649460105113,296110.4017857143,0.8218266678827773,218655.0787698413
5008,42870.0,acs_field_of_degree,0.507493060305596,42401.830357142855,0.8802350901037823,35957.84742063492
5098,501573.0,acs_field_of_degree,0.418446999856652,484690.1188492063,0.5173578505381671,396673.4438492063
5102,19866.0,acs_field_of_degree,0.38328081456456586,19626.399999999998,0.03438663292907623,17042.233333333334
5200,3117871.0,acs_field_of_degree,0.4121288944734797,2861254.7327380953,0.7022632707587846,2371929.8458333337
5201,24802.0,acs_field_of_degree,0.4018697580386428,23436.3,0.8217153228142257,16611.2
5202,29699.0,acs_field_of_degree,0.41975806711644015,27814.583333333332,0.7959580332283192,19478.86666666667
5203,64938.0,acs_field_of_degree,0.3698067074222454,53244.92261904762,0.8705234314731308,45290.716269841265
5205,36529.0,acs_field_of_degree,0.4613214990250508,34707.26666666666,0.7844469816105757,30145.95
5206,11796.0,acs_field_of_degree,0.4439644583366047,10802.65,0.7525915572092363,9487.366666666665
5299,81462.0,acs_field_of_degree,0.41457980556434154,74329.20595238096,0.7108567376244048,60997.221825396824
5301,1391113.0,acs_field_of_degree,0.3971668878333517,1310707.4587301586,0.33506144842247326,1183533.7805555556
5401,91608.0,acs_field_of_degree,0.4478080706186858,86850.2863095238,0.7135564446870953,77807.38591269842
5402,52992.0,acs_field_of_degree,0.4524062321435537,50951.71309523809,0.8588958062247443,44768.87023809523
5403,130901.0,acs_field_of_degree,0.3930433846622808,114815.05476190476,0.6899994855793085,101311.25357142858
5404,649639.0,acs_field_of_degree,0.39387197499784043,461139.38293650793,0.7284046169787153,393346.6281746032
5500,134953.0,acs_field_of_degree,0.4128212483011935,125585.47162698413,0.6787095226804505,109778.34503968254
5501,1279621.0,acs_field_of_degree,0.47940258105759675,1242932.697222222,0.9073693386100928,1080078.4242063493
5502,275752.0,acs_field_of_degree,0.4362812410647798,261688.2013888889,0.6637230749154853,223035.50416666668
5503,163719.0,acs_field_of_degree,0.4064135142214012,154606.0353174603,0.45235346657421216,136999.88373015873
5504,179171.0,acs_field_of_degree,0.4734190743230901,173859.0726190476,0.5895209282628228,133777.8126984127
5505,198245.0,acs_field_of_degree,0.46880193877126325,190761.7109126984,0.8724456248691411,163948.10575396827
5506,1434742.0,acs_field_of_degree,0.4584772376570364,1375357.1940476191,0.8949549026228802,1235735.1615079367
5507,870223.0,acs_field_of_degree,0.42629275030059854,796544.8587301588,0.696136466325578,691370.9912698412
5599,28923.0,acs_field_of_degree,0.44770438664029377,27148.27142857143,0.8458404528475804,23334.786904761902
5601,150980.0,acs_field_of_degree,0.4241812469090734,149430.4261904762,0.6844242883621382,137519.42936507936
5701,20308.0,acs_field_of_degree,0.29465782779060445,19876.332142857143,-0.245299880712736,17429.61388888889
5901,197989.0,acs_field_of_degree,0.376360329619134,192764.05337301583,0.24763214575991682,175517.62162698412
6000,628209.0,acs_field_of_degree,0.4173658434262591,592102.0077380952,0.4522560066824836,526176.6474206349
6001,306307.0,acs_field_of_degree,0.42337896241861817,288602.9902777778,0.5392825993623005,254832.8486111111
6002,473102.0,acs_field_of_degree,0.4383294689777584,449633.20178571425,0.5818088586254925,384116.1593253968
6003,95683.0,acs_field_of_degree,0.3965615632071831,90046.13134920635,0.3348486019211234,77739.52658730159
6004,730776.0,acs_field_of_degree,0.44720420867630256,699166.0494047619,0.5407830036651042,619067.8962301587
6005,232527.0,acs_field_of_degree,0.4412847364079898,222947.9898809524,0.45515220430135894,199675.1490079365
6006,136139.0,acs_field_of_degree,0.4455164949946958,129860.62321428572,0.6943178392042929,110758.84265873015
6007,119704.0,acs_field_of_degree,0.41709578881853415,111163.16924603174,0.41310329820540986,98449.3640873016
6099,32493.0,acs_field_of_degree,0.47121663821881943,31112.600595238095,0.4575321664930989,25024.038293650796
6100,336061.0,acs_field_of_degree,0.37439756952956055,321630.65277777775,0.3831208869085498,275509.01111111115
6102,300734.0,acs_field_of_degree,0.42717433083104284,292496.8720238095,0.846202570880085,259861.583531746
6103,309323.0,acs_field_of_degree,0.45075132702374754,294657.32996031747,0.7566143365485635,251642.44503968253
6104,94118.0,acs_field_of_degree,0.30005900414811426,91604.71269841271,0.40410922635164515,49549.96507936508
6105,212112.0,acs_field_of_degree,0.3776098264541871,207380.09523809527,0.35386404988301307,182947.81031746033
6106,103138.0,acs_field_of_degree,0.3808803847750953,98904.96726190476,0.3571392292101868,64441.649404761905
6107,3021793.0,acs_field_of_degree,0.38396960155115567,2978174.9996031746,0.31140967302834865,2789888.5456349207
6108,280579.0,acs_field_of_degree,0.4221117220212306,274376.82857142854,0.5718366002565153,244682.12142857144
6109,455114.0,acs_field_of_degree,0.32388749967191127,441311.1650793651,0.18284180059238067,385440.9682539683
6110,245852.0,acs_field_of_degree,0.42199884978535246,230167.96210317462,0.6768134705182559,194292.44345238095
6199,137553.0,acs_field_of_degree,0.39997417164622795,124407.20833333333,0.668112897221063,107926.45833333333
6200,2720048.0,acs_field_of_degree,0.46314778696510867,2626842.276587302,0.7364777660768592,2318004.7182539683
6201,2294442.0,acs_field_of_degree,0.49462935057186724,2247053.531547619,1.0599189980533288,2085592.7656746034
6202,33316.0,acs_field_of_degree,0.5272935915129274,32918.808333333334,1.2648106501197223,28736.59166666667
6203,3845020.0,acs_field_of_degree,0.46682671195282244,3718836.2849206347,0.7720731792244914,3285170.1408730154
6204,179478.0,acs_field_of_degree,0.4748449080667766,174380.88095238095,0.7994928857924234,149891.8134920635
6205,103432.0,acs_field_of_degree,0.47982908370409744,100790.37857142858,0.9042919599330062,90427.76031746031
6206,1528445.0,acs_field_of_degree,0.4722316128360756,1473623.9811507936,0.8066630955795664,1307706.3021825398
6207,1520203.0,acs_field_of_degree,0.4905513773308,1475082.0019841269,1.0054787974936525,1316447.117063492
6209,305968.0,acs_field_of_degree,0.46037391120631443,294337.10535714286,0.8147471520110523,272948.5668650794
6210,167146.0,acs_field_of_degree,0.4737905626703095,162685.94861111112,0.8282953422930369,142955.16805555555
6211,328198.0,acs_field_of_degree,0.42638064602708076,317451.3498015873,0.5142673292742893,286121.0029761905
6212,293135.0,acs_field_of_degree,0.5481187740688459,287202.8777777778,0.8463361485929403,191361.80555555556
6299,181870.00000000003,acs_field_of_degree,0.45811219997986374,174392.73055555558,0.6850512004111663,147734.1527777778
6402,1129252.0,acs_field_of_degree,0.43515345908837216,1079284.747420635,0.7453752220044537,952611.1716269843
6403,20931.0,acs_field_of_degree,0.4330538039551959,19917.91547619048,0.7697378650645248,17833.567857142858
