period,month_id,asked_exposure
2015-09,189,0.27552314246722603
2015-10,190,0.2826316241202372
2015-11,191,0.27369078164421917
2015-12,192,0.2938360786821614
2016-01,193,0.27427534768387213
2016-02,194,0.2656861987210379
2016-03,195,0.2633746674211872
2016-04,196,0.2795572500089438
2016-05,197,0.2798250408193575
2016-06,198,0.2912716813553556
2016-07,199,0.27077194554473677
2016-08,200,0.2761659044729125
2016-09,201,0.28123967959516094
2016-10,202,0.28787401827477727
2016-11,203,0.29791618017761795
2016-12,204,0.2580204927473498
2017-01,205,0.28597105903713865
2017-02,206,0.2728573169605871
2017-03,207,0.2679705378826612
2017-04,208,0.27930634963699175
2017-05,209,0.2937401067643076
2017-06,210,0.3137783512441422
2017-07,211,0.30973147666616746
2017-08,212,0.30913525813710213
2017-09,213,0.299855282800145
2017-10,214,0.29014084167717147
2017-11,215,0.30529798559018867
2017-12,216,0.27867661944538313
2018-01,217,0.29422491408999796
2018-02,218,0.27482585863876674
2018-03,219,0.2921767963146607
2018-04,220,0.29230207534116637
2018-05,221,0.33412304172610424
2018-06,222,0.34872761338265845
2018-07,223,0.33563936293149205
2018-08,224,0.32707475250093493
2018-09,225,0.351150375569305
2018-10,226,0.30266379783957015
2018-11,227,0.3764497480958316
2018-12,228,0.28309568010186204
2019-01,229,0.3325394056131987
2019-02,230,0.2938205850995238
2019-03,231,0.3230494251059143
2019-04,232,0.31826138999419695
2019-05,233,0.3202222681425613
2019-06,234,0.32732340047622305
2019-07,235,0.3210092922951211
2019-08,236,0.31367581650131154
2019-09,237,0.3435819508698691
2019-10,238,0.32252022083462
2019-11,239,0.3462110886944612
2019-12,240,0.3440679086379618
2020-01,241,0.2737281275699817
2020-02,242,0.2861721745673951
2020-03,243,0.2661369546581856
2020-04,244,0.26664566419493024
2020-05,245,0.27281793943769017
2020-06,246,0.2679799464422059
2020-07,247,0.2510314936739978
2020-08,248,0.25470719873101516
2020-09,249,0.2676551277058054
2020-10,250,0.2573724660057862
2020-11,251,0.272953614134598
2020-12,252,0.2764906684997162
2021-01,253,0.275449344449398
2021-02,254,0.2658967500182116
2021-03,255,0.28123355394880123
2021-04,256,0.2758581703736093
2021-05,257,0.2633088046601948
2021-06,258,0.2686407767253944
2021-07,259,0.28722138142041337
2021-08,260,0.289572147448508
2021-09,261,0.29719798302688644
2021-10,262,0.29835364194615394
2021-11,263,0.30531029700038176
2021-12,264,0.29970495275042525
2022-01,265,0.2997523701609824
2022-02,266,0.30777977358368996
2022-03,267,0.3096685317792238
2022-04,268,0.29633462106037384
2022-05,269,0.29415151949003615
2022-06,270,0.291402424843071
2022-07,271,0.2940476614948593
2022-08,272,0.29273747448335935
2022-09,273,0.29755364539676493
2022-10,274,0.3083119389363465
2022-11,275,0.3039620617404243
2022-12,276,0.2840722487305036
2023-01,277,0.27681918625276747
2023-02,278,0.2803430383307091
2023-03,279,0.27744188557587857
2023-04,280,0.2844307912387245
2023-05,281,0.27839901817796237
2023-06,282,0.2762427809807963
2023-07,283,0.27326470186101465
2023-08,284,0.27667583249118327
2023-09,285,0.2698896391328727
2023-10,286,0.2636523720567621
2023-11,287,0.258374645698774
2023-12,288,0.26334120538263567
2024-01,289,0.26189050479041326
2024-02,290,0.25306617267860476
2024-03,291,0.26934819992285264
2024-04,292,0.26159819972310155
2024-05,293,0.25494757475834573
2024-06,294,0.25336639987596654
2024-07,295,0.26131753022252513
2024-08,296,0.2527045231572676
2024-09,297,0.2489558949544771
2024-10,298,0.25253873347582534
2024-11,299,0.247278162877129
2024-12,300,0.24580592628130132
2025-01,301,0.24379872278555528
2025-02,302,0.24370882366161306
2025-03,303,0.25041541935337797
2025-04,304,0.23986258877470618
2025-05,305,0.24045064418339973
2025-06,306,0.21303727104458878
2025-07,307,0.1191435489914575
2025-08,308,0.1889485015867147
2025-09,309,0.25918848389802035
