quarter,all_coef,all_se,complete_lists_coef,complete_lists_se
2020Q1,-0.00011776769137992159,0.00028794709293557724,-0.0006817469531222435,0.0006924782046378019
2020Q2,-0.0010170022503342981,0.00036270235792426305,-0.001942973874656409,0.0008757983217249888
2020Q3,-0.0010604691186081585,0.00040409754726781886,-0.0018292695790237002,0.0009661896870952868
2020Q4,-0.0016683059815149983,0.0004763249029501435,-0.0037748114982563696,0.0011420520978584756
2021Q1,-0.0010948914589074747,0.0004740558244581551,-0.0030163850857409516,0.0011996763103125623
2021Q2,-0.001862033539903402,0.0005730798899520401,-0.004271514550572209,0.0014931088066467944
2021Q3,-0.004314472336868259,0.0006918575214156609,-0.009251866410666823,0.001788936917080587
2021Q4,-0.004647152372441546,0.0007239133070535607,-0.009725331361866475,0.0017814116095761904
2022Q1,-0.0037114701568691415,0.0007810301529393785,-0.007772937009098502,0.0019602798380336044
2022Q2,-0.005277430430916263,0.000699423481223814,-0.010881279706356634,0.0017950563537373352
2022Q3,-0.005825891692216328,0.0007966804438633652,-0.012236833051218752,0.00209925611203292
2022Q4,-0.004553201241431462,0.0007300635734319408,-0.009224628807555599,0.001912146237486555
2023Q1,-0.005728626915184548,0.0007588192104882507,-0.01052563353736453,0.002035462777221535
2023Q2,-0.00544758382298129,0.0007884058453832112,-0.010704909138657818,0.0020754097578526485
2023Q3,-0.00620232000158412,0.0007981928467683612,-0.012541039740834042,0.00203153517641876
2023Q4,-0.006470795416780828,0.0008737390025829135,-0.012716809047992356,0.0022304353495668384
2024Q1,-0.005431055897235427,0.0008733800685153871,-0.0109033592660016,0.0023145320920505866
2024Q2,-0.0054227577395779365,0.0008797239299888023,-0.011724038884066288,0.0022968592037512802
2024Q3,-0.005392371031804228,0.0008554702229567639,-0.010865335543244098,0.0022390309828077613
2024Q4,-0.005549346515051611,0.0007315338189685331,-0.009899496451487258,0.0018526876524911724
2025Q1,-0.003983575276388668,0.000782216362429304,-0.006121894776643268,0.0020948030846959765
2025Q2,-0.0029586947586208476,0.000558746704688583,-0.004633984611412141,0.0014395275724335603
2025Q3,-0.0020500018963729772,0.00045915911725301914,-0.002456583248420728,0.0010199311871656024
