state_abbr,series,cycle,ref_start,ref_end,share_using_ai,se,suppressed,state_fips
AK,ai_in_any_function,202525,2025-11-17,2025-11-30,10.9,4.82,False,02
AK,ai_in_any_function,202605,2026-02-09,2026-02-22,14.4,4.82,False,02
AK,ai_in_any_function,202609,2026-04-06,2026-04-19,15.8,4.85,False,02
AK,ai_in_any_function,202610,2026-04-20,2026-05-03,14.0,3.72,False,02
AK,ai_in_any_function,202611,2026-05-04,2026-05-17,19.6,4.67,False,02
AK,ai_in_any_function,202615,2026-06-29,2026-07-12,18.1,6.02,False,02
AK,ai_in_any_function,202616,2026-07-13,2026-07-26,17.0,4.08,False,02
AK,ai_in_any_function,202617,2026-07-27,2026-08-09,17.8,3.91,False,02
AK,ai_in_any_function,202618,2026-08-10,2026-08-23,12.7,3.28,False,02
AK,ai_in_any_function,202619,2026-08-24,2026-09-06,15.0,4.71,False,02
AL,ai_in_any_function,202524,2025-11-03,2025-11-16,14.5,1.8,False,01
AL,ai_in_any_function,202525,2025-11-17,2025-11-30,15.1,2.51,False,01
AL,ai_in_any_function,202526,2025-12-01,2025-12-14,19.2,2.41,False,01
AL,ai_in_any_function,202601,2025-12-15,2025-12-28,15.5,4.14,False,01
AL,ai_in_any_function,202602,2025-12-29,2026-01-11,13.5,1.77,False,01
AL,ai_in_any_function,202603,2026-01-12,2026-01-25,17.4,2.44,False,01
AL,ai_in_any_function,202604,2026-01-26,2026-02-08,11.0,1.55,False,01
AL,ai_in_any_function,202605,2026-02-09,2026-02-22,22.2,4.81,False,01
AL,ai_in_any_function,202606,2026-02-23,2026-03-08,14.6,1.53,False,01
AL,ai_in_any_function,202607,2026-03-09,2026-03-22,17.0,4.46,False,01
AL,ai_in_any_function,202608,2026-03-23,2026-04-05,14.3,2.35,False,01
AL,ai_in_any_function,202609,2026-04-06,2026-04-19,16.1,3.3,False,01
AL,ai_in_any_function,202610,2026-04-20,2026-05-03,16.7,1.9,False,01
AL,ai_in_any_function,202611,2026-05-04,2026-05-17,21.1,3.2,False,01
AL,ai_in_any_function,202612,2026-05-18,2026-05-31,21.4,4.5,False,01
AL,ai_in_any_function,202613,2026-06-01,2026-06-14,16.7,3.75,False,01
AL,ai_in_any_function,202614,2026-06-15,2026-06-28,14.3,1.78,False,01
AL,ai_in_any_function,202615,2026-06-29,2026-07-12,17.3,4.52,False,01
AL,ai_in_any_function,202616,2026-07-13,2026-07-26,19.7,3.27,False,01
AL,ai_in_any_function,202617,2026-07-27,2026-08-09,17.3,2.57,False,01
AL,ai_in_any_function,202618,2026-08-10,2026-08-23,13.4,2.53,False,01
AL,ai_in_any_function,202619,2026-08-24,2026-09-06,23.3,2.6,False,01
AR,ai_in_any_function,202524,2025-11-03,2025-11-16,14.4,2.44,False,05
AR,ai_in_any_function,202525,2025-11-17,2025-11-30,13.9,3.83,False,05
AR,ai_in_any_function,202526,2025-12-01,2025-12-14,10.2,3.03,False,05
AR,ai_in_any_function,202601,2025-12-15,2025-12-28,10.3,2.6,False,05
AR,ai_in_any_function,202602,2025-12-29,2026-01-11,12.2,4.03,False,05
AR,ai_in_any_function,202603,2026-01-12,2026-01-25,8.7,2.96,False,05
AR,ai_in_any_function,202604,2026-01-26,2026-02-08,16.7,4.43,False,05
AR,ai_in_any_function,202605,2026-02-09,2026-02-22,13.2,3.24,False,05
AR,ai_in_any_function,202606,2026-02-23,2026-03-08,9.7,2.88,False,05
AR,ai_in_any_function,202607,2026-03-09,2026-03-22,14.1,4.67,False,05
AR,ai_in_any_function,202608,2026-03-23,2026-04-05,16.1,3.74,False,05
AR,ai_in_any_function,202609,2026-04-06,2026-04-19,16.3,4.11,False,05
AR,ai_in_any_function,202610,2026-04-20,2026-05-03,17.6,2.88,False,05
AR,ai_in_any_function,202611,2026-05-04,2026-05-17,13.5,3.66,False,05
AR,ai_in_any_function,202612,2026-05-18,2026-05-31,16.5,3.11,False,05
AR,ai_in_any_function,202613,2026-06-01,2026-06-14,18.0,2.62,False,05
AR,ai_in_any_function,202614,2026-06-15,2026-06-28,11.1,3.03,False,05
AR,ai_in_any_function,202615,2026-06-29,2026-07-12,18.3,4.36,False,05
AR,ai_in_any_function,202616,2026-07-13,2026-07-26,19.5,4.64,False,05
AR,ai_in_any_function,202617,2026-07-27,2026-08-09,19.7,4.09,False,05
AR,ai_in_any_function,202618,2026-08-10,2026-08-23,21.3,1.69,False,05
AR,ai_in_any_function,202619,2026-08-24,2026-09-06,21.3,2.36,False,05
AZ,ai_in_any_function,202524,2025-11-03,2025-11-16,24.5,1.7,False,04
AZ,ai_in_any_function,202525,2025-11-17,2025-11-30,19.7,1.64,False,04
AZ,ai_in_any_function,202526,2025-12-01,2025-12-14,25.5,3.29,False,04
AZ,ai_in_any_function,202601,2025-12-15,2025-12-28,24.3,1.57,False,04
AZ,ai_in_any_function,202602,2025-12-29,2026-01-11,18.2,1.86,False,04
AZ,ai_in_any_function,202603,2026-01-12,2026-01-25,23.3,1.45,False,04
AZ,ai_in_any_function,202604,2026-01-26,2026-02-08,21.8,2.72,False,04
AZ,ai_in_any_function,202605,2026-02-09,2026-02-22,21.5,1.81,False,04
AZ,ai_in_any_function,202606,2026-02-23,2026-03-08,28.3,2.82,False,04
AZ,ai_in_any_function,202607,2026-03-09,2026-03-22,25.0,1.51,False,04
AZ,ai_in_any_function,202608,2026-03-23,2026-04-05,27.9,3.54,False,04
AZ,ai_in_any_function,202609,2026-04-06,2026-04-19,25.0,1.7,False,04
AZ,ai_in_any_function,202610,2026-04-20,2026-05-03,28.0,2.54,False,04
AZ,ai_in_any_function,202611,2026-05-04,2026-05-17,24.9,1.9,False,04
AZ,ai_in_any_function,202612,2026-05-18,2026-05-31,26.4,2.96,False,04
AZ,ai_in_any_function,202613,2026-06-01,2026-06-14,22.0,2.53,False,04
AZ,ai_in_any_function,202614,2026-06-15,2026-06-28,18.8,2.49,False,04
AZ,ai_in_any_function,202615,2026-06-29,2026-07-12,26.9,1.63,False,04
AZ,ai_in_any_function,202616,2026-07-13,2026-07-26,25.5,2.03,False,04
AZ,ai_in_any_function,202617,2026-07-27,2026-08-09,20.4,2.66,False,04
AZ,ai_in_any_function,202618,2026-08-10,2026-08-23,28.7,2.63,False,04
AZ,ai_in_any_function,202619,2026-08-24,2026-09-06,28.3,1.89,False,04
CA,ai_in_any_function,202524,2025-11-03,2025-11-16,19.4,0.59,False,06
CA,ai_in_any_function,202525,2025-11-17,2025-11-30,18.4,0.65,False,06
CA,ai_in_any_function,202526,2025-12-01,2025-12-14,18.4,1.16,False,06
CA,ai_in_any_function,202601,2025-12-15,2025-12-28,19.1,0.99,False,06
CA,ai_in_any_function,202602,2025-12-29,2026-01-11,19.4,0.45,False,06
CA,ai_in_any_function,202603,2026-01-12,2026-01-25,19.8,1.16,False,06
CA,ai_in_any_function,202604,2026-01-26,2026-02-08,20.2,0.75,False,06
CA,ai_in_any_function,202605,2026-02-09,2026-02-22,19.2,0.83,False,06
CA,ai_in_any_function,202606,2026-02-23,2026-03-08,19.3,0.8,False,06
CA,ai_in_any_function,202607,2026-03-09,2026-03-22,20.0,1.06,False,06
CA,ai_in_any_function,202608,2026-03-23,2026-04-05,21.4,1.0,False,06
CA,ai_in_any_function,202609,2026-04-06,2026-04-19,20.6,0.78,False,06
CA,ai_in_any_function,202610,2026-04-20,2026-05-03,20.6,0.64,False,06
CA,ai_in_any_function,202611,2026-05-04,2026-05-17,21.9,0.83,False,06
CA,ai_in_any_function,202612,2026-05-18,2026-05-31,22.2,1.01,False,06
CA,ai_in_any_function,202613,2026-06-01,2026-06-14,22.2,0.93,False,06
CA,ai_in_any_function,202614,2026-06-15,2026-06-28,22.7,0.85,False,06
CA,ai_in_any_function,202615,2026-06-29,2026-07-12,22.4,0.71,False,06
CA,ai_in_any_function,202616,2026-07-13,2026-07-26,22.4,0.8,False,06
CA,ai_in_any_function,202617,2026-07-27,2026-08-09,23.6,0.8,False,06
CA,ai_in_any_function,202618,2026-08-10,2026-08-23,25.1,0.65,False,06
CA,ai_in_any_function,202619,2026-08-24,2026-09-06,26.3,0.85,False,06
CO,ai_in_any_function,202524,2025-11-03,2025-11-16,25.2,1.48,False,08
CO,ai_in_any_function,202525,2025-11-17,2025-11-30,22.0,2.48,False,08
CO,ai_in_any_function,202526,2025-12-01,2025-12-14,21.1,2.57,False,08
CO,ai_in_any_function,202601,2025-12-15,2025-12-28,23.6,2.0,False,08
CO,ai_in_any_function,202602,2025-12-29,2026-01-11,25.9,2.3,False,08
CO,ai_in_any_function,202603,2026-01-12,2026-01-25,23.4,2.36,False,08
CO,ai_in_any_function,202604,2026-01-26,2026-02-08,20.9,1.87,False,08
CO,ai_in_any_function,202605,2026-02-09,2026-02-22,22.2,2.52,False,08
CO,ai_in_any_function,202606,2026-02-23,2026-03-08,23.0,2.26,False,08
CO,ai_in_any_function,202607,2026-03-09,2026-03-22,24.4,1.59,False,08
CO,ai_in_any_function,202608,2026-03-23,2026-04-05,25.5,2.38,False,08
CO,ai_in_any_function,202609,2026-04-06,2026-04-19,23.2,2.18,False,08
CO,ai_in_any_function,202610,2026-04-20,2026-05-03,28.1,2.59,False,08
CO,ai_in_any_function,202611,2026-05-04,2026-05-17,22.1,2.97,False,08
CO,ai_in_any_function,202612,2026-05-18,2026-05-31,27.1,2.0,False,08
CO,ai_in_any_function,202613,2026-06-01,2026-06-14,22.9,2.15,False,08
CO,ai_in_any_function,202614,2026-06-15,2026-06-28,24.6,1.64,False,08
CO,ai_in_any_function,202615,2026-06-29,2026-07-12,24.1,1.43,False,08
CO,ai_in_any_function,202616,2026-07-13,2026-07-26,30.7,2.11,False,08
CO,ai_in_any_function,202617,2026-07-27,2026-08-09,29.0,1.9,False,08
CO,ai_in_any_function,202618,2026-08-10,2026-08-23,25.0,2.12,False,08
CO,ai_in_any_function,202619,2026-08-24,2026-09-06,30.2,1.32,False,08
CT,ai_in_any_function,202524,2025-11-03,2025-11-16,15.7,3.03,False,09
CT,ai_in_any_function,202525,2025-11-17,2025-11-30,18.8,2.89,False,09
CT,ai_in_any_function,202526,2025-12-01,2025-12-14,14.0,2.0,False,09
CT,ai_in_any_function,202601,2025-12-15,2025-12-28,13.9,1.93,False,09
CT,ai_in_any_function,202602,2025-12-29,2026-01-11,13.8,2.85,False,09
CT,ai_in_any_function,202603,2026-01-12,2026-01-25,17.7,3.1,False,09
CT,ai_in_any_function,202604,2026-01-26,2026-02-08,18.9,1.83,False,09
CT,ai_in_any_function,202605,2026-02-09,2026-02-22,18.3,2.96,False,09
CT,ai_in_any_function,202606,2026-02-23,2026-03-08,13.6,2.88,False,09
CT,ai_in_any_function,202607,2026-03-09,2026-03-22,17.7,3.32,False,09
CT,ai_in_any_function,202608,2026-03-23,2026-04-05,12.9,2.91,False,09
CT,ai_in_any_function,202609,2026-04-06,2026-04-19,17.9,3.86,False,09
CT,ai_in_any_function,202610,2026-04-20,2026-05-03,21.3,3.01,False,09
CT,ai_in_any_function,202611,2026-05-04,2026-05-17,17.9,2.56,False,09
CT,ai_in_any_function,202612,2026-05-18,2026-05-31,18.6,3.44,False,09
CT,ai_in_any_function,202613,2026-06-01,2026-06-14,22.2,4.48,False,09
CT,ai_in_any_function,202614,2026-06-15,2026-06-28,18.3,3.05,False,09
CT,ai_in_any_function,202615,2026-06-29,2026-07-12,21.6,3.33,False,09
CT,ai_in_any_function,202616,2026-07-13,2026-07-26,18.7,2.37,False,09
CT,ai_in_any_function,202617,2026-07-27,2026-08-09,18.2,1.39,False,09
CT,ai_in_any_function,202618,2026-08-10,2026-08-23,17.3,2.24,False,09
CT,ai_in_any_function,202619,2026-08-24,2026-09-06,17.2,1.51,False,09
DC,ai_in_any_function,202524,2025-11-03,2025-11-16,23.2,5.61,False,11
DC,ai_in_any_function,202525,2025-11-17,2025-11-30,19.3,6.27,False,11
DC,ai_in_any_function,202526,2025-12-01,2025-12-14,28.5,6.47,False,11
DC,ai_in_any_function,202601,2025-12-15,2025-12-28,24.4,9.94,False,11
DC,ai_in_any_function,202602,2025-12-29,2026-01-11,22.5,5.02,False,11
DC,ai_in_any_function,202604,2026-01-26,2026-02-08,14.0,4.51,False,11
DC,ai_in_any_function,202605,2026-02-09,2026-02-22,20.0,5.85,False,11
DC,ai_in_any_function,202606,2026-02-23,2026-03-08,31.7,4.48,False,11
DC,ai_in_any_function,202607,2026-03-09,2026-03-22,32.9,6.87,False,11
DC,ai_in_any_function,202608,2026-03-23,2026-04-05,35.3,4.93,False,11
DC,ai_in_any_function,202610,2026-04-20,2026-05-03,22.3,6.89,False,11
DC,ai_in_any_function,202612,2026-05-18,2026-05-31,29.9,5.5,False,11
DC,ai_in_any_function,202613,2026-06-01,2026-06-14,35.5,10.85,False,11
DC,ai_in_any_function,202614,2026-06-15,2026-06-28,27.4,3.08,False,11
DC,ai_in_any_function,202615,2026-06-29,2026-07-12,28.8,7.44,False,11
DC,ai_in_any_function,202616,2026-07-13,2026-07-26,36.4,7.29,False,11
DC,ai_in_any_function,202617,2026-07-27,2026-08-09,33.7,6.91,False,11
DC,ai_in_any_function,202618,2026-08-10,2026-08-23,24.6,3.08,False,11
DC,ai_in_any_function,202619,2026-08-24,2026-09-06,33.9,5.67,False,11
DE,ai_in_any_function,202525,2025-11-17,2025-11-30,16.3,4.03,False,10
DE,ai_in_any_function,202526,2025-12-01,2025-12-14,17.7,6.54,False,10
DE,ai_in_any_function,202601,2025-12-15,2025-12-28,15.6,2.97,False,10
DE,ai_in_any_function,202602,2025-12-29,2026-01-11,22.5,3.95,False,10
DE,ai_in_any_function,202603,2026-01-12,2026-01-25,24.7,6.09,False,10
DE,ai_in_any_function,202604,2026-01-26,2026-02-08,18.4,7.11,False,10
DE,ai_in_any_function,202605,2026-02-09,2026-02-22,16.4,4.3,False,10
DE,ai_in_any_function,202606,2026-02-23,2026-03-08,22.4,8.51,False,10
DE,ai_in_any_function,202607,2026-03-09,2026-03-22,30.7,5.1,False,10
DE,ai_in_any_function,202608,2026-03-23,2026-04-05,21.3,4.05,False,10
DE,ai_in_any_function,202609,2026-04-06,2026-04-19,33.5,6.75,False,10
DE,ai_in_any_function,202610,2026-04-20,2026-05-03,16.3,4.34,False,10
DE,ai_in_any_function,202611,2026-05-04,2026-05-17,20.0,6.13,False,10
DE,ai_in_any_function,202612,2026-05-18,2026-05-31,23.5,6.4,False,10
DE,ai_in_any_function,202613,2026-06-01,2026-06-14,23.9,6.63,False,10
DE,ai_in_any_function,202614,2026-06-15,2026-06-28,21.4,4.96,False,10
DE,ai_in_any_function,202615,2026-06-29,2026-07-12,27.5,6.25,False,10
DE,ai_in_any_function,202616,2026-07-13,2026-07-26,24.8,2.65,False,10
DE,ai_in_any_function,202617,2026-07-27,2026-08-09,25.2,3.34,False,10
DE,ai_in_any_function,202618,2026-08-10,2026-08-23,35.8,5.09,False,10
DE,ai_in_any_function,202619,2026-08-24,2026-09-06,27.1,3.83,False,10
FL,ai_in_any_function,202524,2025-11-03,2025-11-16,16.5,1.32,False,12
FL,ai_in_any_function,202525,2025-11-17,2025-11-30,17.7,1.03,False,12
FL,ai_in_any_function,202526,2025-12-01,2025-12-14,21.1,1.39,False,12
FL,ai_in_any_function,202601,2025-12-15,2025-12-28,20.0,1.17,False,12
FL,ai_in_any_function,202602,2025-12-29,2026-01-11,20.5,1.48,False,12
FL,ai_in_any_function,202603,2026-01-12,2026-01-25,23.9,1.08,False,12
FL,ai_in_any_function,202604,2026-01-26,2026-02-08,18.4,1.55,False,12
FL,ai_in_any_function,202605,2026-02-09,2026-02-22,20.6,1.13,False,12
FL,ai_in_any_function,202606,2026-02-23,2026-03-08,21.8,1.19,False,12
FL,ai_in_any_function,202607,2026-03-09,2026-03-22,20.7,1.08,False,12
FL,ai_in_any_function,202608,2026-03-23,2026-04-05,21.9,1.33,False,12
FL,ai_in_any_function,202609,2026-04-06,2026-04-19,22.1,1.25,False,12
FL,ai_in_any_function,202610,2026-04-20,2026-05-03,18.8,1.34,False,12
FL,ai_in_any_function,202611,2026-05-04,2026-05-17,22.5,1.08,False,12
FL,ai_in_any_function,202612,2026-05-18,2026-05-31,24.8,1.16,False,12
FL,ai_in_any_function,202613,2026-06-01,2026-06-14,22.0,1.09,False,12
FL,ai_in_any_function,202614,2026-06-15,2026-06-28,25.4,2.02,False,12
FL,ai_in_any_function,202615,2026-06-29,2026-07-12,25.4,1.57,False,12
FL,ai_in_any_function,202616,2026-07-13,2026-07-26,23.7,1.61,False,12
FL,ai_in_any_function,202617,2026-07-27,2026-08-09,25.7,1.46,False,12
FL,ai_in_any_function,202618,2026-08-10,2026-08-23,28.2,1.31,False,12
FL,ai_in_any_function,202619,2026-08-24,2026-09-06,28.2,1.21,False,12
GA,ai_in_any_function,202524,2025-11-03,2025-11-16,16.6,1.74,False,13
GA,ai_in_any_function,202525,2025-11-17,2025-11-30,18.9,2.13,False,13
GA,ai_in_any_function,202526,2025-12-01,2025-12-14,16.1,1.78,False,13
GA,ai_in_any_function,202601,2025-12-15,2025-12-28,15.5,1.58,False,13
GA,ai_in_any_function,202602,2025-12-29,2026-01-11,20.6,1.66,False,13
GA,ai_in_any_function,202603,2026-01-12,2026-01-25,15.9,1.43,False,13
GA,ai_in_any_function,202604,2026-01-26,2026-02-08,17.6,1.79,False,13
GA,ai_in_any_function,202605,2026-02-09,2026-02-22,18.6,2.37,False,13
GA,ai_in_any_function,202606,2026-02-23,2026-03-08,21.0,2.1,False,13
GA,ai_in_any_function,202607,2026-03-09,2026-03-22,22.1,2.0,False,13
GA,ai_in_any_function,202608,2026-03-23,2026-04-05,21.4,2.93,False,13
GA,ai_in_any_function,202609,2026-04-06,2026-04-19,17.4,1.06,False,13
GA,ai_in_any_function,202610,2026-04-20,2026-05-03,20.7,2.17,False,13
GA,ai_in_any_function,202611,2026-05-04,2026-05-17,22.2,2.3,False,13
GA,ai_in_any_function,202612,2026-05-18,2026-05-31,21.9,1.75,False,13
GA,ai_in_any_function,202613,2026-06-01,2026-06-14,23.2,2.16,False,13
GA,ai_in_any_function,202614,2026-06-15,2026-06-28,23.5,2.45,False,13
GA,ai_in_any_function,202615,2026-06-29,2026-07-12,21.3,1.62,False,13
GA,ai_in_any_function,202616,2026-07-13,2026-07-26,26.9,2.15,False,13
GA,ai_in_any_function,202617,2026-07-27,2026-08-09,26.5,2.0,False,13
GA,ai_in_any_function,202618,2026-08-10,2026-08-23,25.6,2.48,False,13
GA,ai_in_any_function,202619,2026-08-24,2026-09-06,27.2,2.63,False,13
HI,ai_in_any_function,202524,2025-11-03,2025-11-16,15.4,4.6,False,15
HI,ai_in_any_function,202525,2025-11-17,2025-11-30,15.9,5.72,False,15
HI,ai_in_any_function,202526,2025-12-01,2025-12-14,11.5,3.87,False,15
HI,ai_in_any_function,202601,2025-12-15,2025-12-28,10.3,3.49,False,15
HI,ai_in_any_function,202602,2025-12-29,2026-01-11,20.2,5.02,False,15
HI,ai_in_any_function,202603,2026-01-12,2026-01-25,18.4,6.83,False,15
HI,ai_in_any_function,202604,2026-01-26,2026-02-08,13.9,6.09,False,15
HI,ai_in_any_function,202605,2026-02-09,2026-02-22,21.1,3.93,False,15
HI,ai_in_any_function,202606,2026-02-23,2026-03-08,14.2,4.66,False,15
HI,ai_in_any_function,202607,2026-03-09,2026-03-22,8.4,2.32,False,15
HI,ai_in_any_function,202608,2026-03-23,2026-04-05,21.1,5.4,False,15
HI,ai_in_any_function,202609,2026-04-06,2026-04-19,24.4,7.32,False,15
HI,ai_in_any_function,202610,2026-04-20,2026-05-03,16.4,5.63,False,15
HI,ai_in_any_function,202611,2026-05-04,2026-05-17,17.8,3.48,False,15
HI,ai_in_any_function,202612,2026-05-18,2026-05-31,11.6,4.2,False,15
HI,ai_in_any_function,202613,2026-06-01,2026-06-14,11.5,2.88,False,15
HI,ai_in_any_function,202614,2026-06-15,2026-06-28,14.5,3.22,False,15
HI,ai_in_any_function,202615,2026-06-29,2026-07-12,19.5,7.25,False,15
HI,ai_in_any_function,202616,2026-07-13,2026-07-26,15.1,4.11,False,15
HI,ai_in_any_function,202617,2026-07-27,2026-08-09,23.3,4.11,False,15
HI,ai_in_any_function,202618,2026-08-10,2026-08-23,20.1,2.72,False,15
HI,ai_in_any_function,202619,2026-08-24,2026-09-06,23.4,4.32,False,15
IA,ai_in_any_function,202524,2025-11-03,2025-11-16,14.2,2.25,False,19
IA,ai_in_any_function,202525,2025-11-17,2025-11-30,11.4,1.7,False,19
IA,ai_in_any_function,202526,2025-12-01,2025-12-14,11.7,4.21,False,19
IA,ai_in_any_function,202601,2025-12-15,2025-12-28,15.2,1.31,False,19
IA,ai_in_any_function,202602,2025-12-29,2026-01-11,16.7,1.61,False,19
IA,ai_in_any_function,202603,2026-01-12,2026-01-25,13.2,1.88,False,19
IA,ai_in_any_function,202604,2026-01-26,2026-02-08,13.7,2.01,False,19
IA,ai_in_any_function,202605,2026-02-09,2026-02-22,15.4,2.4,False,19
IA,ai_in_any_function,202606,2026-02-23,2026-03-08,8.7,2.24,False,19
IA,ai_in_any_function,202607,2026-03-09,2026-03-22,18.2,2.86,False,19
IA,ai_in_any_function,202608,2026-03-23,2026-04-05,14.6,2.95,False,19
IA,ai_in_any_function,202609,2026-04-06,2026-04-19,16.3,2.11,False,19
IA,ai_in_any_function,202610,2026-04-20,2026-05-03,16.0,2.01,False,19
IA,ai_in_any_function,202611,2026-05-04,2026-05-17,19.2,2.04,False,19
IA,ai_in_any_function,202612,2026-05-18,2026-05-31,9.1,2.17,False,19
IA,ai_in_any_function,202613,2026-06-01,2026-06-14,21.2,3.11,False,19
IA,ai_in_any_function,202614,2026-06-15,2026-06-28,18.6,4.06,False,19
IA,ai_in_any_function,202615,2026-06-29,2026-07-12,16.9,1.94,False,19
IA,ai_in_any_function,202616,2026-07-13,2026-07-26,17.7,3.44,False,19
IA,ai_in_any_function,202617,2026-07-27,2026-08-09,21.2,1.94,False,19
IA,ai_in_any_function,202618,2026-08-10,2026-08-23,21.5,3.08,False,19
IA,ai_in_any_function,202619,2026-08-24,2026-09-06,17.0,2.61,False,19
ID,ai_in_any_function,202524,2025-11-03,2025-11-16,12.8,3.24,False,16
ID,ai_in_any_function,202525,2025-11-17,2025-11-30,18.2,3.66,False,16
ID,ai_in_any_function,202526,2025-12-01,2025-12-14,16.6,5.47,False,16
ID,ai_in_any_function,202601,2025-12-15,2025-12-28,19.5,2.2,False,16
ID,ai_in_any_function,202602,2025-12-29,2026-01-11,19.2,5.03,False,16
ID,ai_in_any_function,202603,2026-01-12,2026-01-25,23.5,4.86,False,16
ID,ai_in_any_function,202604,2026-01-26,2026-02-08,9.0,2.01,False,16
ID,ai_in_any_function,202605,2026-02-09,2026-02-22,16.5,3.28,False,16
ID,ai_in_any_function,202606,2026-02-23,2026-03-08,14.2,2.35,False,16
ID,ai_in_any_function,202607,2026-03-09,2026-03-22,16.8,3.05,False,16
ID,ai_in_any_function,202608,2026-03-23,2026-04-05,25.1,4.42,False,16
ID,ai_in_any_function,202609,2026-04-06,2026-04-19,24.9,3.44,False,16
ID,ai_in_any_function,202610,2026-04-20,2026-05-03,14.7,1.9,False,16
ID,ai_in_any_function,202611,2026-05-04,2026-05-17,20.9,5.27,False,16
ID,ai_in_any_function,202612,2026-05-18,2026-05-31,18.1,3.12,False,16
ID,ai_in_any_function,202613,2026-06-01,2026-06-14,13.9,2.7,False,16
ID,ai_in_any_function,202614,2026-06-15,2026-06-28,28.1,4.49,False,16
ID,ai_in_any_function,202615,2026-06-29,2026-07-12,25.4,4.45,False,16
ID,ai_in_any_function,202616,2026-07-13,2026-07-26,18.2,2.16,False,16
ID,ai_in_any_function,202617,2026-07-27,2026-08-09,26.1,4.34,False,16
ID,ai_in_any_function,202618,2026-08-10,2026-08-23,24.4,2.93,False,16
ID,ai_in_any_function,202619,2026-08-24,2026-09-06,28.0,4.42,False,16
IL,ai_in_any_function,202524,2025-11-03,2025-11-16,14.4,1.36,False,17
IL,ai_in_any_function,202525,2025-11-17,2025-11-30,17.5,1.69,False,17
IL,ai_in_any_function,202526,2025-12-01,2025-12-14,15.8,1.22,False,17
IL,ai_in_any_function,202601,2025-12-15,2025-12-28,16.8,1.58,False,17
IL,ai_in_any_function,202602,2025-12-29,2026-01-11,17.7,1.27,False,17
IL,ai_in_any_function,202603,2026-01-12,2026-01-25,15.6,1.53,False,17
IL,ai_in_any_function,202604,2026-01-26,2026-02-08,14.5,0.89,False,17
IL,ai_in_any_function,202605,2026-02-09,2026-02-22,17.3,1.62,False,17
IL,ai_in_any_function,202606,2026-02-23,2026-03-08,18.8,1.33,False,17
IL,ai_in_any_function,202607,2026-03-09,2026-03-22,17.0,1.81,False,17
IL,ai_in_any_function,202608,2026-03-23,2026-04-05,20.7,1.47,False,17
IL,ai_in_any_function,202609,2026-04-06,2026-04-19,19.5,1.43,False,17
IL,ai_in_any_function,202610,2026-04-20,2026-05-03,15.8,1.42,False,17
IL,ai_in_any_function,202611,2026-05-04,2026-05-17,17.8,1.37,False,17
IL,ai_in_any_function,202612,2026-05-18,2026-05-31,15.9,1.31,False,17
IL,ai_in_any_function,202613,2026-06-01,2026-06-14,20.4,1.35,False,17
IL,ai_in_any_function,202614,2026-06-15,2026-06-28,22.2,1.46,False,17
IL,ai_in_any_function,202615,2026-06-29,2026-07-12,21.7,1.73,False,17
IL,ai_in_any_function,202616,2026-07-13,2026-07-26,21.1,1.53,False,17
IL,ai_in_any_function,202617,2026-07-27,2026-08-09,17.3,0.87,False,17
IL,ai_in_any_function,202618,2026-08-10,2026-08-23,23.3,0.79,False,17
IL,ai_in_any_function,202619,2026-08-24,2026-09-06,22.0,1.39,False,17
IN,ai_in_any_function,202524,2025-11-03,2025-11-16,18.9,2.36,False,18
IN,ai_in_any_function,202525,2025-11-17,2025-11-30,17.5,2.38,False,18
IN,ai_in_any_function,202526,2025-12-01,2025-12-14,14.3,1.58,False,18
IN,ai_in_any_function,202601,2025-12-15,2025-12-28,19.3,2.05,False,18
IN,ai_in_any_function,202602,2025-12-29,2026-01-11,18.8,1.97,False,18
IN,ai_in_any_function,202603,2026-01-12,2026-01-25,18.9,1.85,False,18
IN,ai_in_any_function,202604,2026-01-26,2026-02-08,18.3,2.35,False,18
IN,ai_in_any_function,202605,2026-02-09,2026-02-22,15.4,3.15,False,18
IN,ai_in_any_function,202606,2026-02-23,2026-03-08,13.9,1.91,False,18
IN,ai_in_any_function,202607,2026-03-09,2026-03-22,19.7,2.29,False,18
IN,ai_in_any_function,202608,2026-03-23,2026-04-05,20.0,1.88,False,18
IN,ai_in_any_function,202609,2026-04-06,2026-04-19,19.7,0.97,False,18
IN,ai_in_any_function,202610,2026-04-20,2026-05-03,18.5,2.03,False,18
IN,ai_in_any_function,202611,2026-05-04,2026-05-17,17.2,3.76,False,18
IN,ai_in_any_function,202612,2026-05-18,2026-05-31,17.3,2.05,False,18
IN,ai_in_any_function,202613,2026-06-01,2026-06-14,22.7,3.88,False,18
IN,ai_in_any_function,202614,2026-06-15,2026-06-28,20.9,2.09,False,18
IN,ai_in_any_function,202615,2026-06-29,2026-07-12,22.3,2.68,False,18
IN,ai_in_any_function,202616,2026-07-13,2026-07-26,22.2,2.5,False,18
IN,ai_in_any_function,202617,2026-07-27,2026-08-09,18.1,1.9,False,18
IN,ai_in_any_function,202618,2026-08-10,2026-08-23,18.4,1.36,False,18
IN,ai_in_any_function,202619,2026-08-24,2026-09-06,19.4,1.92,False,18
KS,ai_in_any_function,202524,2025-11-03,2025-11-16,19.1,4.24,False,20
KS,ai_in_any_function,202525,2025-11-17,2025-11-30,17.2,2.56,False,20
KS,ai_in_any_function,202526,2025-12-01,2025-12-14,22.3,4.22,False,20
KS,ai_in_any_function,202601,2025-12-15,2025-12-28,12.5,1.98,False,20
KS,ai_in_any_function,202602,2025-12-29,2026-01-11,17.8,3.24,False,20
KS,ai_in_any_function,202603,2026-01-12,2026-01-25,14.2,2.95,False,20
KS,ai_in_any_function,202604,2026-01-26,2026-02-08,14.5,2.81,False,20
KS,ai_in_any_function,202605,2026-02-09,2026-02-22,16.5,1.78,False,20
KS,ai_in_any_function,202606,2026-02-23,2026-03-08,14.5,2.6,False,20
KS,ai_in_any_function,202607,2026-03-09,2026-03-22,22.3,3.48,False,20
KS,ai_in_any_function,202608,2026-03-23,2026-04-05,16.9,3.08,False,20
KS,ai_in_any_function,202609,2026-04-06,2026-04-19,12.8,1.94,False,20
KS,ai_in_any_function,202610,2026-04-20,2026-05-03,17.5,2.94,False,20
KS,ai_in_any_function,202611,2026-05-04,2026-05-17,20.6,3.68,False,20
KS,ai_in_any_function,202612,2026-05-18,2026-05-31,20.5,3.39,False,20
KS,ai_in_any_function,202613,2026-06-01,2026-06-14,13.3,1.87,False,20
KS,ai_in_any_function,202614,2026-06-15,2026-06-28,18.4,3.41,False,20
KS,ai_in_any_function,202615,2026-06-29,2026-07-12,20.7,3.52,False,20
KS,ai_in_any_function,202616,2026-07-13,2026-07-26,18.6,1.94,False,20
KS,ai_in_any_function,202617,2026-07-27,2026-08-09,20.2,3.05,False,20
KS,ai_in_any_function,202618,2026-08-10,2026-08-23,19.0,2.99,False,20
KS,ai_in_any_function,202619,2026-08-24,2026-09-06,21.5,2.97,False,20
KY,ai_in_any_function,202524,2025-11-03,2025-11-16,13.5,1.87,False,21
KY,ai_in_any_function,202525,2025-11-17,2025-11-30,13.6,3.09,False,21
KY,ai_in_any_function,202526,2025-12-01,2025-12-14,14.3,2.71,False,21
KY,ai_in_any_function,202601,2025-12-15,2025-12-28,17.8,3.6,False,21
KY,ai_in_any_function,202602,2025-12-29,2026-01-11,20.3,2.8,False,21
KY,ai_in_any_function,202603,2026-01-12,2026-01-25,13.9,1.71,False,21
KY,ai_in_any_function,202604,2026-01-26,2026-02-08,14.1,1.03,False,21
KY,ai_in_any_function,202605,2026-02-09,2026-02-22,13.5,2.78,False,21
KY,ai_in_any_function,202606,2026-02-23,2026-03-08,16.3,3.56,False,21
KY,ai_in_any_function,202607,2026-03-09,2026-03-22,19.2,3.12,False,21
KY,ai_in_any_function,202608,2026-03-23,2026-04-05,20.2,3.79,False,21
KY,ai_in_any_function,202609,2026-04-06,2026-04-19,14.7,2.99,False,21
KY,ai_in_any_function,202610,2026-04-20,2026-05-03,15.8,2.42,False,21
KY,ai_in_any_function,202611,2026-05-04,2026-05-17,16.0,2.4,False,21
KY,ai_in_any_function,202612,2026-05-18,2026-05-31,19.0,3.74,False,21
KY,ai_in_any_function,202613,2026-06-01,2026-06-14,19.0,3.95,False,21
KY,ai_in_any_function,202614,2026-06-15,2026-06-28,20.2,2.45,False,21
KY,ai_in_any_function,202615,2026-06-29,2026-07-12,17.3,2.56,False,21
KY,ai_in_any_function,202616,2026-07-13,2026-07-26,20.4,2.03,False,21
KY,ai_in_any_function,202617,2026-07-27,2026-08-09,22.9,2.42,False,21
KY,ai_in_any_function,202618,2026-08-10,2026-08-23,21.7,2.81,False,21
KY,ai_in_any_function,202619,2026-08-24,2026-09-06,24.1,3.31,False,21
LA,ai_in_any_function,202524,2025-11-03,2025-11-16,13.3,3.36,False,22
LA,ai_in_any_function,202525,2025-11-17,2025-11-30,8.7,2.76,False,22
LA,ai_in_any_function,202526,2025-12-01,2025-12-14,11.0,3.55,False,22
LA,ai_in_any_function,202601,2025-12-15,2025-12-28,14.1,2.94,False,22
LA,ai_in_any_function,202602,2025-12-29,2026-01-11,12.5,1.56,False,22
LA,ai_in_any_function,202603,2026-01-12,2026-01-25,18.7,2.15,False,22
LA,ai_in_any_function,202604,2026-01-26,2026-02-08,16.0,3.54,False,22
LA,ai_in_any_function,202605,2026-02-09,2026-02-22,12.8,1.79,False,22
LA,ai_in_any_function,202606,2026-02-23,2026-03-08,12.7,3.93,False,22
LA,ai_in_any_function,202607,2026-03-09,2026-03-22,11.0,2.84,False,22
LA,ai_in_any_function,202608,2026-03-23,2026-04-05,9.8,2.18,False,22
LA,ai_in_any_function,202609,2026-04-06,2026-04-19,18.0,2.34,False,22
LA,ai_in_any_function,202610,2026-04-20,2026-05-03,16.2,2.58,False,22
LA,ai_in_any_function,202611,2026-05-04,2026-05-17,13.4,3.01,False,22
LA,ai_in_any_function,202612,2026-05-18,2026-05-31,16.9,4.72,False,22
LA,ai_in_any_function,202613,2026-06-01,2026-06-14,18.0,3.52,False,22
LA,ai_in_any_function,202614,2026-06-15,2026-06-28,20.0,1.69,False,22
LA,ai_in_any_function,202615,2026-06-29,2026-07-12,20.0,3.66,False,22
LA,ai_in_any_function,202616,2026-07-13,2026-07-26,18.5,3.22,False,22
LA,ai_in_any_function,202617,2026-07-27,2026-08-09,21.4,2.13,False,22
LA,ai_in_any_function,202618,2026-08-10,2026-08-23,19.2,2.0,False,22
LA,ai_in_any_function,202619,2026-08-24,2026-09-06,17.2,2.24,False,22
MA,ai_in_any_function,202524,2025-11-03,2025-11-16,17.7,1.32,False,25
MA,ai_in_any_function,202525,2025-11-17,2025-11-30,17.2,3.49,False,25
MA,ai_in_any_function,202526,2025-12-01,2025-12-14,20.0,2.92,False,25
MA,ai_in_any_function,202601,2025-12-15,2025-12-28,22.1,2.36,False,25
MA,ai_in_any_function,202602,2025-12-29,2026-01-11,18.2,2.14,False,25
MA,ai_in_any_function,202603,2026-01-12,2026-01-25,20.2,2.82,False,25
MA,ai_in_any_function,202604,2026-01-26,2026-02-08,18.0,2.77,False,25
MA,ai_in_any_function,202605,2026-02-09,2026-02-22,17.6,3.68,False,25
MA,ai_in_any_function,202606,2026-02-23,2026-03-08,20.2,1.93,False,25
MA,ai_in_any_function,202607,2026-03-09,2026-03-22,16.9,2.04,False,25
MA,ai_in_any_function,202608,2026-03-23,2026-04-05,22.8,2.86,False,25
MA,ai_in_any_function,202609,2026-04-06,2026-04-19,21.7,1.32,False,25
MA,ai_in_any_function,202610,2026-04-20,2026-05-03,20.8,1.51,False,25
MA,ai_in_any_function,202611,2026-05-04,2026-05-17,19.9,2.52,False,25
MA,ai_in_any_function,202612,2026-05-18,2026-05-31,25.4,3.21,False,25
MA,ai_in_any_function,202613,2026-06-01,2026-06-14,21.6,1.67,False,25
MA,ai_in_any_function,202614,2026-06-15,2026-06-28,28.8,2.92,False,25
MA,ai_in_any_function,202615,2026-06-29,2026-07-12,22.6,2.72,False,25
MA,ai_in_any_function,202616,2026-07-13,2026-07-26,22.9,1.52,False,25
MA,ai_in_any_function,202617,2026-07-27,2026-08-09,17.2,2.47,False,25
MA,ai_in_any_function,202618,2026-08-10,2026-08-23,27.7,1.88,False,25
MA,ai_in_any_function,202619,2026-08-24,2026-09-06,22.2,2.41,False,25
MD,ai_in_any_function,202524,2025-11-03,2025-11-16,21.2,2.26,False,24
MD,ai_in_any_function,202525,2025-11-17,2025-11-30,17.5,1.47,False,24
MD,ai_in_any_function,202526,2025-12-01,2025-12-14,20.6,2.5,False,24
MD,ai_in_any_function,202601,2025-12-15,2025-12-28,19.2,2.53,False,24
MD,ai_in_any_function,202602,2025-12-29,2026-01-11,19.5,2.09,False,24
MD,ai_in_any_function,202603,2026-01-12,2026-01-25,21.3,2.04,False,24
MD,ai_in_any_function,202604,2026-01-26,2026-02-08,21.3,2.56,False,24
MD,ai_in_any_function,202605,2026-02-09,2026-02-22,18.6,2.01,False,24
MD,ai_in_any_function,202606,2026-02-23,2026-03-08,24.4,2.16,False,24
MD,ai_in_any_function,202607,2026-03-09,2026-03-22,16.6,2.05,False,24
MD,ai_in_any_function,202608,2026-03-23,2026-04-05,20.0,2.75,False,24
MD,ai_in_any_function,202609,2026-04-06,2026-04-19,21.3,2.15,False,24
MD,ai_in_any_function,202610,2026-04-20,2026-05-03,22.0,2.65,False,24
MD,ai_in_any_function,202611,2026-05-04,2026-05-17,22.8,2.03,False,24
MD,ai_in_any_function,202612,2026-05-18,2026-05-31,23.4,3.51,False,24
MD,ai_in_any_function,202613,2026-06-01,2026-06-14,24.6,3.15,False,24
MD,ai_in_any_function,202614,2026-06-15,2026-06-28,20.6,2.81,False,24
MD,ai_in_any_function,202615,2026-06-29,2026-07-12,22.1,1.77,False,24
MD,ai_in_any_function,202616,2026-07-13,2026-07-26,20.8,1.9,False,24
MD,ai_in_any_function,202617,2026-07-27,2026-08-09,24.8,2.39,False,24
MD,ai_in_any_function,202618,2026-08-10,2026-08-23,21.9,2.68,False,24
MD,ai_in_any_function,202619,2026-08-24,2026-09-06,23.4,2.21,False,24
ME,ai_in_any_function,202524,2025-11-03,2025-11-16,11.4,4.47,False,23
ME,ai_in_any_function,202525,2025-11-17,2025-11-30,20.1,4.33,False,23
ME,ai_in_any_function,202526,2025-12-01,2025-12-14,17.8,3.28,False,23
ME,ai_in_any_function,202601,2025-12-15,2025-12-28,19.8,4.56,False,23
ME,ai_in_any_function,202602,2025-12-29,2026-01-11,13.4,4.41,False,23
ME,ai_in_any_function,202603,2026-01-12,2026-01-25,18.9,3.38,False,23
ME,ai_in_any_function,202604,2026-01-26,2026-02-08,13.2,3.1,False,23
ME,ai_in_any_function,202605,2026-02-09,2026-02-22,21.8,4.54,False,23
ME,ai_in_any_function,202606,2026-02-23,2026-03-08,17.9,4.15,False,23
ME,ai_in_any_function,202607,2026-03-09,2026-03-22,16.9,3.17,False,23
ME,ai_in_any_function,202608,2026-03-23,2026-04-05,17.7,3.83,False,23
ME,ai_in_any_function,202609,2026-04-06,2026-04-19,18.5,3.78,False,23
ME,ai_in_any_function,202610,2026-04-20,2026-05-03,13.9,3.02,False,23
ME,ai_in_any_function,202611,2026-05-04,2026-05-17,23.3,5.02,False,23
ME,ai_in_any_function,202612,2026-05-18,2026-05-31,19.2,2.99,False,23
ME,ai_in_any_function,202613,2026-06-01,2026-06-14,14.6,3.08,False,23
ME,ai_in_any_function,202614,2026-06-15,2026-06-28,19.1,4.77,False,23
ME,ai_in_any_function,202615,2026-06-29,2026-07-12,14.3,3.09,False,23
ME,ai_in_any_function,202616,2026-07-13,2026-07-26,20.1,3.7,False,23
ME,ai_in_any_function,202617,2026-07-27,2026-08-09,16.0,3.29,False,23
ME,ai_in_any_function,202618,2026-08-10,2026-08-23,26.2,4.21,False,23
ME,ai_in_any_function,202619,2026-08-24,2026-09-06,16.7,3.62,False,23
MI,ai_in_any_function,202524,2025-11-03,2025-11-16,16.4,1.37,False,26
MI,ai_in_any_function,202525,2025-11-17,2025-11-30,12.6,1.46,False,26
MI,ai_in_any_function,202526,2025-12-01,2025-12-14,12.1,2.24,False,26
MI,ai_in_any_function,202601,2025-12-15,2025-12-28,16.1,1.83,False,26
MI,ai_in_any_function,202602,2025-12-29,2026-01-11,14.0,1.35,False,26
MI,ai_in_any_function,202603,2026-01-12,2026-01-25,16.7,1.65,False,26
MI,ai_in_any_function,202604,2026-01-26,2026-02-08,14.1,0.98,False,26
MI,ai_in_any_function,202605,2026-02-09,2026-02-22,14.6,2.14,False,26
MI,ai_in_any_function,202606,2026-02-23,2026-03-08,15.9,1.11,False,26
MI,ai_in_any_function,202607,2026-03-09,2026-03-22,16.9,0.86,False,26
MI,ai_in_any_function,202608,2026-03-23,2026-04-05,17.1,1.86,False,26
MI,ai_in_any_function,202609,2026-04-06,2026-04-19,16.7,2.61,False,26
MI,ai_in_any_function,202610,2026-04-20,2026-05-03,21.1,2.43,False,26
MI,ai_in_any_function,202611,2026-05-04,2026-05-17,22.2,1.91,False,26
MI,ai_in_any_function,202612,2026-05-18,2026-05-31,18.1,1.26,False,26
MI,ai_in_any_function,202613,2026-06-01,2026-06-14,17.9,1.57,False,26
MI,ai_in_any_function,202614,2026-06-15,2026-06-28,22.4,1.78,False,26
MI,ai_in_any_function,202615,2026-06-29,2026-07-12,20.1,2.34,False,26
MI,ai_in_any_function,202616,2026-07-13,2026-07-26,19.6,1.87,False,26
MI,ai_in_any_function,202617,2026-07-27,2026-08-09,20.6,1.86,False,26
MI,ai_in_any_function,202618,2026-08-10,2026-08-23,24.8,1.13,False,26
MI,ai_in_any_function,202619,2026-08-24,2026-09-06,20.0,1.84,False,26
MN,ai_in_any_function,202524,2025-11-03,2025-11-16,19.1,2.36,False,27
MN,ai_in_any_function,202525,2025-11-17,2025-11-30,18.2,1.87,False,27
MN,ai_in_any_function,202526,2025-12-01,2025-12-14,18.5,1.36,False,27
MN,ai_in_any_function,202601,2025-12-15,2025-12-28,22.9,1.77,False,27
MN,ai_in_any_function,202602,2025-12-29,2026-01-11,16.8,2.31,False,27
MN,ai_in_any_function,202603,2026-01-12,2026-01-25,22.8,2.09,False,27
MN,ai_in_any_function,202604,2026-01-26,2026-02-08,15.2,2.02,False,27
MN,ai_in_any_function,202605,2026-02-09,2026-02-22,20.5,3.36,False,27
MN,ai_in_any_function,202606,2026-02-23,2026-03-08,20.5,2.1,False,27
MN,ai_in_any_function,202607,2026-03-09,2026-03-22,24.3,2.81,False,27
MN,ai_in_any_function,202608,2026-03-23,2026-04-05,17.4,1.89,False,27
MN,ai_in_any_function,202609,2026-04-06,2026-04-19,20.2,1.99,False,27
MN,ai_in_any_function,202610,2026-04-20,2026-05-03,20.0,2.37,False,27
MN,ai_in_any_function,202611,2026-05-04,2026-05-17,22.8,1.53,False,27
MN,ai_in_any_function,202612,2026-05-18,2026-05-31,24.1,2.18,False,27
MN,ai_in_any_function,202613,2026-06-01,2026-06-14,22.1,1.57,False,27
MN,ai_in_any_function,202614,2026-06-15,2026-06-28,20.6,3.12,False,27
MN,ai_in_any_function,202615,2026-06-29,2026-07-12,22.5,3.18,False,27
MN,ai_in_any_function,202616,2026-07-13,2026-07-26,26.4,2.3,False,27
MN,ai_in_any_function,202617,2026-07-27,2026-08-09,24.8,1.22,False,27
MN,ai_in_any_function,202618,2026-08-10,2026-08-23,21.1,2.68,False,27
MN,ai_in_any_function,202619,2026-08-24,2026-09-06,28.7,2.77,False,27
MO,ai_in_any_function,202524,2025-11-03,2025-11-16,18.6,2.37,False,29
MO,ai_in_any_function,202525,2025-11-17,2025-11-30,17.9,1.31,False,29
MO,ai_in_any_function,202526,2025-12-01,2025-12-14,18.5,2.9,False,29
MO,ai_in_any_function,202601,2025-12-15,2025-12-28,19.6,2.71,False,29
MO,ai_in_any_function,202602,2025-12-29,2026-01-11,16.1,3.02,False,29
MO,ai_in_any_function,202603,2026-01-12,2026-01-25,18.4,2.81,False,29
MO,ai_in_any_function,202604,2026-01-26,2026-02-08,15.0,2.26,False,29
MO,ai_in_any_function,202605,2026-02-09,2026-02-22,18.5,2.5,False,29
MO,ai_in_any_function,202606,2026-02-23,2026-03-08,17.2,2.43,False,29
MO,ai_in_any_function,202607,2026-03-09,2026-03-22,25.6,2.73,False,29
MO,ai_in_any_function,202608,2026-03-23,2026-04-05,17.6,3.56,False,29
MO,ai_in_any_function,202609,2026-04-06,2026-04-19,20.1,3.28,False,29
MO,ai_in_any_function,202610,2026-04-20,2026-05-03,18.6,1.51,False,29
MO,ai_in_any_function,202611,2026-05-04,2026-05-17,23.0,2.27,False,29
MO,ai_in_any_function,202612,2026-05-18,2026-05-31,15.6,2.27,False,29
MO,ai_in_any_function,202613,2026-06-01,2026-06-14,25.9,2.63,False,29
MO,ai_in_any_function,202614,2026-06-15,2026-06-28,21.9,2.8,False,29
MO,ai_in_any_function,202615,2026-06-29,2026-07-12,21.3,3.48,False,29
MO,ai_in_any_function,202616,2026-07-13,2026-07-26,19.2,1.27,False,29
MO,ai_in_any_function,202617,2026-07-27,2026-08-09,19.5,1.33,False,29
MO,ai_in_any_function,202618,2026-08-10,2026-08-23,21.7,2.43,False,29
MO,ai_in_any_function,202619,2026-08-24,2026-09-06,21.7,2.24,False,29
MS,ai_in_any_function,202524,2025-11-03,2025-11-16,11.6,2.1,False,28
MS,ai_in_any_function,202525,2025-11-17,2025-11-30,11.4,3.7,False,28
MS,ai_in_any_function,202526,2025-12-01,2025-12-14,8.7,2.95,False,28
MS,ai_in_any_function,202601,2025-12-15,2025-12-28,19.4,4.38,False,28
MS,ai_in_any_function,202602,2025-12-29,2026-01-11,10.9,4.27,False,28
MS,ai_in_any_function,202603,2026-01-12,2026-01-25,16.8,3.32,False,28
MS,ai_in_any_function,202604,2026-01-26,2026-02-08,13.6,3.84,False,28
MS,ai_in_any_function,202605,2026-02-09,2026-02-22,11.8,2.56,False,28
MS,ai_in_any_function,202606,2026-02-23,2026-03-08,13.8,2.22,False,28
MS,ai_in_any_function,202607,2026-03-09,2026-03-22,12.9,5.45,False,28
MS,ai_in_any_function,202608,2026-03-23,2026-04-05,15.2,4.16,False,28
MS,ai_in_any_function,202609,2026-04-06,2026-04-19,14.7,5.65,False,28
MS,ai_in_any_function,202610,2026-04-20,2026-05-03,17.1,1.9,False,28
MS,ai_in_any_function,202612,2026-05-18,2026-05-31,7.4,2.57,False,28
MS,ai_in_any_function,202613,2026-06-01,2026-06-14,15.8,4.98,False,28
MS,ai_in_any_function,202614,2026-06-15,2026-06-28,11.8,3.18,False,28
MS,ai_in_any_function,202615,2026-06-29,2026-07-12,18.4,5.24,False,28
MS,ai_in_any_function,202616,2026-07-13,2026-07-26,15.4,4.27,False,28
MS,ai_in_any_function,202617,2026-07-27,2026-08-09,16.8,3.68,False,28
MS,ai_in_any_function,202618,2026-08-10,2026-08-23,11.5,2.66,False,28
MS,ai_in_any_function,202619,2026-08-24,2026-09-06,21.2,2.21,False,28
MT,ai_in_any_function,202524,2025-11-03,2025-11-16,14.6,3.41,False,30
MT,ai_in_any_function,202525,2025-11-17,2025-11-30,21.3,5.73,False,30
MT,ai_in_any_function,202526,2025-12-01,2025-12-14,16.9,6.57,False,30
MT,ai_in_any_function,202601,2025-12-15,2025-12-28,17.2,3.29,False,30
MT,ai_in_any_function,202602,2025-12-29,2026-01-11,14.7,3.4,False,30
MT,ai_in_any_function,202603,2026-01-12,2026-01-25,19.0,4.91,False,30
MT,ai_in_any_function,202604,2026-01-26,2026-02-08,19.0,5.58,False,30
MT,ai_in_any_function,202605,2026-02-09,2026-02-22,20.4,5.15,False,30
MT,ai_in_any_function,202606,2026-02-23,2026-03-08,18.6,5.24,False,30
MT,ai_in_any_function,202607,2026-03-09,2026-03-22,18.9,3.7,False,30
MT,ai_in_any_function,202608,2026-03-23,2026-04-05,21.0,4.16,False,30
MT,ai_in_any_function,202609,2026-04-06,2026-04-19,17.5,3.65,False,30
MT,ai_in_any_function,202610,2026-04-20,2026-05-03,14.4,4.16,False,30
MT,ai_in_any_function,202611,2026-05-04,2026-05-17,17.8,6.2,False,30
MT,ai_in_any_function,202612,2026-05-18,2026-05-31,12.4,3.86,False,30
MT,ai_in_any_function,202613,2026-06-01,2026-06-14,27.0,5.16,False,30
MT,ai_in_any_function,202614,2026-06-15,2026-06-28,21.5,3.8,False,30
MT,ai_in_any_function,202615,2026-06-29,2026-07-12,20.6,4.38,False,30
MT,ai_in_any_function,202616,2026-07-13,2026-07-26,21.4,3.87,False,30
MT,ai_in_any_function,202617,2026-07-27,2026-08-09,26.4,4.06,False,30
MT,ai_in_any_function,202618,2026-08-10,2026-08-23,16.2,3.48,False,30
MT,ai_in_any_function,202619,2026-08-24,2026-09-06,22.0,5.32,False,30
NC,ai_in_any_function,202524,2025-11-03,2025-11-16,20.6,2.2,False,37
NC,ai_in_any_function,202525,2025-11-17,2025-11-30,19.9,1.71,False,37
NC,ai_in_any_function,202526,2025-12-01,2025-12-14,18.5,2.22,False,37
NC,ai_in_any_function,202601,2025-12-15,2025-12-28,17.6,1.21,False,37
NC,ai_in_any_function,202602,2025-12-29,2026-01-11,18.4,1.32,False,37
NC,ai_in_any_function,202603,2026-01-12,2026-01-25,18.6,1.95,False,37
NC,ai_in_any_function,202604,2026-01-26,2026-02-08,19.6,1.68,False,37
NC,ai_in_any_function,202605,2026-02-09,2026-02-22,18.1,1.18,False,37
NC,ai_in_any_function,202606,2026-02-23,2026-03-08,19.0,2.21,False,37
NC,ai_in_any_function,202607,2026-03-09,2026-03-22,20.2,2.41,False,37
NC,ai_in_any_function,202608,2026-03-23,2026-04-05,21.8,3.25,False,37
NC,ai_in_any_function,202609,2026-04-06,2026-04-19,22.3,2.34,False,37
NC,ai_in_any_function,202610,2026-04-20,2026-05-03,22.1,1.69,False,37
NC,ai_in_any_function,202611,2026-05-04,2026-05-17,22.7,2.1,False,37
NC,ai_in_any_function,202612,2026-05-18,2026-05-31,21.1,2.4,False,37
NC,ai_in_any_function,202613,2026-06-01,2026-06-14,23.7,2.59,False,37
NC,ai_in_any_function,202614,2026-06-15,2026-06-28,22.7,2.66,False,37
NC,ai_in_any_function,202615,2026-06-29,2026-07-12,22.2,2.56,False,37
NC,ai_in_any_function,202616,2026-07-13,2026-07-26,22.4,1.36,False,37
NC,ai_in_any_function,202617,2026-07-27,2026-08-09,22.4,1.46,False,37
NC,ai_in_any_function,202618,2026-08-10,2026-08-23,25.4,1.63,False,37
NC,ai_in_any_function,202619,2026-08-24,2026-09-06,25.6,0.98,False,37
ND,ai_in_any_function,202525,2025-11-17,2025-11-30,15.7,4.77,False,38
ND,ai_in_any_function,202601,2025-12-15,2025-12-28,10.5,2.59,False,38
ND,ai_in_any_function,202605,2026-02-09,2026-02-22,14.0,5.94,False,38
ND,ai_in_any_function,202607,2026-03-09,2026-03-22,16.7,4.68,False,38
ND,ai_in_any_function,202611,2026-05-04,2026-05-17,15.0,7.09,False,38
ND,ai_in_any_function,202614,2026-06-15,2026-06-28,14.2,3.44,False,38
ND,ai_in_any_function,202615,2026-06-29,2026-07-12,19.2,6.23,False,38
ND,ai_in_any_function,202616,2026-07-13,2026-07-26,10.1,2.44,False,38
ND,ai_in_any_function,202618,2026-08-10,2026-08-23,20.6,3.6,False,38
ND,ai_in_any_function,202619,2026-08-24,2026-09-06,23.3,5.26,False,38
NE,ai_in_any_function,202524,2025-11-03,2025-11-16,20.2,4.05,False,31
NE,ai_in_any_function,202525,2025-11-17,2025-11-30,17.1,2.55,False,31
NE,ai_in_any_function,202526,2025-12-01,2025-12-14,12.5,2.75,False,31
NE,ai_in_any_function,202601,2025-12-15,2025-12-28,14.6,4.37,False,31
NE,ai_in_any_function,202602,2025-12-29,2026-01-11,15.3,3.33,False,31
NE,ai_in_any_function,202603,2026-01-12,2026-01-25,13.0,3.55,False,31
NE,ai_in_any_function,202604,2026-01-26,2026-02-08,19.1,2.26,False,31
NE,ai_in_any_function,202605,2026-02-09,2026-02-22,18.3,2.9,False,31
NE,ai_in_any_function,202606,2026-02-23,2026-03-08,9.8,3.05,False,31
NE,ai_in_any_function,202607,2026-03-09,2026-03-22,15.3,2.0,False,31
NE,ai_in_any_function,202608,2026-03-23,2026-04-05,10.6,3.02,False,31
NE,ai_in_any_function,202609,2026-04-06,2026-04-19,11.3,3.0,False,31
NE,ai_in_any_function,202610,2026-04-20,2026-05-03,20.9,4.28,False,31
NE,ai_in_any_function,202611,2026-05-04,2026-05-17,22.1,2.24,False,31
NE,ai_in_any_function,202612,2026-05-18,2026-05-31,17.9,3.14,False,31
NE,ai_in_any_function,202613,2026-06-01,2026-06-14,19.4,3.79,False,31
NE,ai_in_any_function,202614,2026-06-15,2026-06-28,12.3,3.48,False,31
NE,ai_in_any_function,202615,2026-06-29,2026-07-12,13.5,2.88,False,31
NE,ai_in_any_function,202616,2026-07-13,2026-07-26,16.7,2.67,False,31
NE,ai_in_any_function,202617,2026-07-27,2026-08-09,25.0,3.29,False,31
NE,ai_in_any_function,202618,2026-08-10,2026-08-23,16.9,3.31,False,31
NE,ai_in_any_function,202619,2026-08-24,2026-09-06,23.9,3.38,False,31
NH,ai_in_any_function,202524,2025-11-03,2025-11-16,11.8,2.96,False,33
NH,ai_in_any_function,202525,2025-11-17,2025-11-30,16.3,4.42,False,33
NH,ai_in_any_function,202526,2025-12-01,2025-12-14,21.1,3.28,False,33
NH,ai_in_any_function,202601,2025-12-15,2025-12-28,12.9,2.12,False,33
NH,ai_in_any_function,202602,2025-12-29,2026-01-11,17.7,4.44,False,33
NH,ai_in_any_function,202603,2026-01-12,2026-01-25,17.9,2.95,False,33
NH,ai_in_any_function,202604,2026-01-26,2026-02-08,13.8,4.44,False,33
NH,ai_in_any_function,202605,2026-02-09,2026-02-22,25.6,4.99,False,33
NH,ai_in_any_function,202606,2026-02-23,2026-03-08,18.3,3.75,False,33
NH,ai_in_any_function,202607,2026-03-09,2026-03-22,15.4,3.34,False,33
NH,ai_in_any_function,202608,2026-03-23,2026-04-05,20.3,4.75,False,33
NH,ai_in_any_function,202609,2026-04-06,2026-04-19,27.8,6.3,False,33
NH,ai_in_any_function,202610,2026-04-20,2026-05-03,16.1,3.41,False,33
NH,ai_in_any_function,202611,2026-05-04,2026-05-17,32.7,4.0,False,33
NH,ai_in_any_function,202612,2026-05-18,2026-05-31,23.8,2.57,False,33
NH,ai_in_any_function,202613,2026-06-01,2026-06-14,13.1,3.05,False,33
NH,ai_in_any_function,202614,2026-06-15,2026-06-28,21.5,3.6,False,33
NH,ai_in_any_function,202615,2026-06-29,2026-07-12,22.8,3.66,False,33
NH,ai_in_any_function,202616,2026-07-13,2026-07-26,13.3,2.63,False,33
NH,ai_in_any_function,202617,2026-07-27,2026-08-09,18.7,4.95,False,33
NH,ai_in_any_function,202618,2026-08-10,2026-08-23,13.3,4.47,False,33
NH,ai_in_any_function,202619,2026-08-24,2026-09-06,30.5,4.54,False,33
NJ,ai_in_any_function,202524,2025-11-03,2025-11-16,12.7,1.95,False,34
NJ,ai_in_any_function,202525,2025-11-17,2025-11-30,15.7,2.34,False,34
NJ,ai_in_any_function,202526,2025-12-01,2025-12-14,13.5,1.65,False,34
NJ,ai_in_any_function,202601,2025-12-15,2025-12-28,14.0,2.0,False,34
NJ,ai_in_any_function,202602,2025-12-29,2026-01-11,16.3,1.19,False,34
NJ,ai_in_any_function,202603,2026-01-12,2026-01-25,16.1,1.42,False,34
NJ,ai_in_any_function,202604,2026-01-26,2026-02-08,16.5,1.95,False,34
NJ,ai_in_any_function,202605,2026-02-09,2026-02-22,17.1,2.04,False,34
NJ,ai_in_any_function,202606,2026-02-23,2026-03-08,15.6,1.53,False,34
NJ,ai_in_any_function,202607,2026-03-09,2026-03-22,12.1,1.43,False,34
NJ,ai_in_any_function,202608,2026-03-23,2026-04-05,17.4,2.22,False,34
NJ,ai_in_any_function,202609,2026-04-06,2026-04-19,18.5,1.66,False,34
NJ,ai_in_any_function,202610,2026-04-20,2026-05-03,14.9,1.81,False,34
NJ,ai_in_any_function,202611,2026-05-04,2026-05-17,16.2,1.44,False,34
NJ,ai_in_any_function,202612,2026-05-18,2026-05-31,19.0,1.27,False,34
NJ,ai_in_any_function,202613,2026-06-01,2026-06-14,17.9,1.84,False,34
NJ,ai_in_any_function,202614,2026-06-15,2026-06-28,20.5,2.08,False,34
NJ,ai_in_any_function,202615,2026-06-29,2026-07-12,17.5,1.56,False,34
NJ,ai_in_any_function,202616,2026-07-13,2026-07-26,19.6,1.27,False,34
NJ,ai_in_any_function,202617,2026-07-27,2026-08-09,17.6,1.46,False,34
NJ,ai_in_any_function,202618,2026-08-10,2026-08-23,16.4,1.36,False,34
NJ,ai_in_any_function,202619,2026-08-24,2026-09-06,18.5,1.27,False,34
NM,ai_in_any_function,202524,2025-11-03,2025-11-16,9.0,3.9,False,35
NM,ai_in_any_function,202525,2025-11-17,2025-11-30,20.7,3.87,False,35
NM,ai_in_any_function,202526,2025-12-01,2025-12-14,13.2,3.68,False,35
NM,ai_in_any_function,202601,2025-12-15,2025-12-28,17.7,4.46,False,35
NM,ai_in_any_function,202602,2025-12-29,2026-01-11,12.8,1.98,False,35
NM,ai_in_any_function,202603,2026-01-12,2026-01-25,12.3,2.35,False,35
NM,ai_in_any_function,202604,2026-01-26,2026-02-08,15.4,5.45,False,35
NM,ai_in_any_function,202605,2026-02-09,2026-02-22,14.5,3.04,False,35
NM,ai_in_any_function,202606,2026-02-23,2026-03-08,12.1,4.39,False,35
NM,ai_in_any_function,202607,2026-03-09,2026-03-22,19.8,4.69,False,35
NM,ai_in_any_function,202608,2026-03-23,2026-04-05,8.3,3.25,False,35
NM,ai_in_any_function,202609,2026-04-06,2026-04-19,11.9,3.18,False,35
NM,ai_in_any_function,202610,2026-04-20,2026-05-03,14.2,2.97,False,35
NM,ai_in_any_function,202611,2026-05-04,2026-05-17,16.1,5.1,False,35
NM,ai_in_any_function,202612,2026-05-18,2026-05-31,17.0,4.48,False,35
NM,ai_in_any_function,202613,2026-06-01,2026-06-14,21.5,4.31,False,35
NM,ai_in_any_function,202614,2026-06-15,2026-06-28,13.6,2.5,False,35
NM,ai_in_any_function,202615,2026-06-29,2026-07-12,15.4,2.69,False,35
NM,ai_in_any_function,202616,2026-07-13,2026-07-26,17.5,3.61,False,35
NM,ai_in_any_function,202617,2026-07-27,2026-08-09,16.7,2.41,False,35
NM,ai_in_any_function,202618,2026-08-10,2026-08-23,21.4,2.58,False,35
NM,ai_in_any_function,202619,2026-08-24,2026-09-06,19.7,2.36,False,35
NV,ai_in_any_function,202524,2025-11-03,2025-11-16,21.3,2.9,False,32
NV,ai_in_any_function,202525,2025-11-17,2025-11-30,19.8,3.35,False,32
NV,ai_in_any_function,202526,2025-12-01,2025-12-14,20.4,4.9,False,32
NV,ai_in_any_function,202601,2025-12-15,2025-12-28,20.6,3.19,False,32
NV,ai_in_any_function,202602,2025-12-29,2026-01-11,26.8,2.42,False,32
NV,ai_in_any_function,202603,2026-01-12,2026-01-25,19.4,3.84,False,32
NV,ai_in_any_function,202604,2026-01-26,2026-02-08,18.1,2.76,False,32
NV,ai_in_any_function,202605,2026-02-09,2026-02-22,23.7,3.79,False,32
NV,ai_in_any_function,202606,2026-02-23,2026-03-08,16.7,3.99,False,32
NV,ai_in_any_function,202607,2026-03-09,2026-03-22,19.2,2.22,False,32
NV,ai_in_any_function,202608,2026-03-23,2026-04-05,22.4,3.27,False,32
NV,ai_in_any_function,202609,2026-04-06,2026-04-19,19.9,1.8,False,32
NV,ai_in_any_function,202610,2026-04-20,2026-05-03,25.6,2.86,False,32
NV,ai_in_any_function,202611,2026-05-04,2026-05-17,27.7,1.92,False,32
NV,ai_in_any_function,202612,2026-05-18,2026-05-31,24.6,3.88,False,32
NV,ai_in_any_function,202613,2026-06-01,2026-06-14,26.3,4.72,False,32
NV,ai_in_any_function,202614,2026-06-15,2026-06-28,27.3,4.35,False,32
NV,ai_in_any_function,202615,2026-06-29,2026-07-12,15.7,2.17,False,32
NV,ai_in_any_function,202616,2026-07-13,2026-07-26,28.3,2.0,False,32
NV,ai_in_any_function,202617,2026-07-27,2026-08-09,21.3,3.15,False,32
NV,ai_in_any_function,202618,2026-08-10,2026-08-23,30.3,2.19,False,32
NV,ai_in_any_function,202619,2026-08-24,2026-09-06,26.3,2.75,False,32
NY,ai_in_any_function,202524,2025-11-03,2025-11-16,13.9,0.89,False,36
NY,ai_in_any_function,202525,2025-11-17,2025-11-30,12.6,0.9,False,36
NY,ai_in_any_function,202526,2025-12-01,2025-12-14,14.9,1.36,False,36
NY,ai_in_any_function,202601,2025-12-15,2025-12-28,14.3,1.04,False,36
NY,ai_in_any_function,202602,2025-12-29,2026-01-11,14.7,1.14,False,36
NY,ai_in_any_function,202603,2026-01-12,2026-01-25,15.5,1.19,False,36
NY,ai_in_any_function,202604,2026-01-26,2026-02-08,14.6,1.13,False,36
NY,ai_in_any_function,202605,2026-02-09,2026-02-22,15.9,0.67,False,36
NY,ai_in_any_function,202606,2026-02-23,2026-03-08,16.8,1.55,False,36
NY,ai_in_any_function,202607,2026-03-09,2026-03-22,15.8,1.63,False,36
NY,ai_in_any_function,202608,2026-03-23,2026-04-05,16.8,1.51,False,36
NY,ai_in_any_function,202609,2026-04-06,2026-04-19,17.1,1.53,False,36
NY,ai_in_any_function,202610,2026-04-20,2026-05-03,16.2,1.59,False,36
NY,ai_in_any_function,202611,2026-05-04,2026-05-17,16.4,1.06,False,36
NY,ai_in_any_function,202612,2026-05-18,2026-05-31,16.7,1.16,False,36
NY,ai_in_any_function,202613,2026-06-01,2026-06-14,15.0,1.34,False,36
NY,ai_in_any_function,202614,2026-06-15,2026-06-28,16.3,1.21,False,36
NY,ai_in_any_function,202615,2026-06-29,2026-07-12,15.7,1.16,False,36
NY,ai_in_any_function,202616,2026-07-13,2026-07-26,16.7,0.9,False,36
NY,ai_in_any_function,202617,2026-07-27,2026-08-09,16.7,0.63,False,36
NY,ai_in_any_function,202618,2026-08-10,2026-08-23,17.0,0.94,False,36
NY,ai_in_any_function,202619,2026-08-24,2026-09-06,17.8,0.49,False,36
OH,ai_in_any_function,202524,2025-11-03,2025-11-16,15.9,2.07,False,39
OH,ai_in_any_function,202525,2025-11-17,2025-11-30,19.8,1.94,False,39
OH,ai_in_any_function,202526,2025-12-01,2025-12-14,14.2,2.04,False,39
OH,ai_in_any_function,202601,2025-12-15,2025-12-28,16.3,1.81,False,39
OH,ai_in_any_function,202602,2025-12-29,2026-01-11,17.7,1.4,False,39
OH,ai_in_any_function,202603,2026-01-12,2026-01-25,20.1,1.35,False,39
OH,ai_in_any_function,202604,2026-01-26,2026-02-08,14.6,1.84,False,39
OH,ai_in_any_function,202605,2026-02-09,2026-02-22,20.0,2.42,False,39
OH,ai_in_any_function,202606,2026-02-23,2026-03-08,17.9,1.08,False,39
OH,ai_in_any_function,202607,2026-03-09,2026-03-22,22.6,1.84,False,39
OH,ai_in_any_function,202608,2026-03-23,2026-04-05,19.8,1.7,False,39
OH,ai_in_any_function,202609,2026-04-06,2026-04-19,18.6,2.69,False,39
OH,ai_in_any_function,202610,2026-04-20,2026-05-03,17.2,1.74,False,39
OH,ai_in_any_function,202611,2026-05-04,2026-05-17,23.2,2.01,False,39
OH,ai_in_any_function,202612,2026-05-18,2026-05-31,18.7,1.98,False,39
OH,ai_in_any_function,202613,2026-06-01,2026-06-14,20.6,1.09,False,39
OH,ai_in_any_function,202614,2026-06-15,2026-06-28,22.4,1.39,False,39
OH,ai_in_any_function,202615,2026-06-29,2026-07-12,26.3,2.18,False,39
OH,ai_in_any_function,202616,2026-07-13,2026-07-26,18.9,1.36,False,39
OH,ai_in_any_function,202617,2026-07-27,2026-08-09,20.7,0.9,False,39
OH,ai_in_any_function,202618,2026-08-10,2026-08-23,20.6,1.62,False,39
OH,ai_in_any_function,202619,2026-08-24,2026-09-06,21.4,1.51,False,39
OK,ai_in_any_function,202524,2025-11-03,2025-11-16,15.8,3.54,False,40
OK,ai_in_any_function,202525,2025-11-17,2025-11-30,11.5,2.93,False,40
OK,ai_in_any_function,202526,2025-12-01,2025-12-14,15.5,3.21,False,40
OK,ai_in_any_function,202601,2025-12-15,2025-12-28,15.0,3.19,False,40
OK,ai_in_any_function,202602,2025-12-29,2026-01-11,12.7,2.0,False,40
OK,ai_in_any_function,202603,2026-01-12,2026-01-25,12.7,2.16,False,40
OK,ai_in_any_function,202604,2026-01-26,2026-02-08,11.8,1.73,False,40
OK,ai_in_any_function,202605,2026-02-09,2026-02-22,12.0,1.84,False,40
OK,ai_in_any_function,202606,2026-02-23,2026-03-08,15.6,3.03,False,40
OK,ai_in_any_function,202607,2026-03-09,2026-03-22,16.4,3.11,False,40
OK,ai_in_any_function,202608,2026-03-23,2026-04-05,13.0,2.78,False,40
OK,ai_in_any_function,202609,2026-04-06,2026-04-19,16.9,2.69,False,40
OK,ai_in_any_function,202610,2026-04-20,2026-05-03,14.2,2.63,False,40
OK,ai_in_any_function,202611,2026-05-04,2026-05-17,18.7,2.97,False,40
OK,ai_in_any_function,202612,2026-05-18,2026-05-31,15.7,2.86,False,40
OK,ai_in_any_function,202613,2026-06-01,2026-06-14,14.7,2.9,False,40
OK,ai_in_any_function,202614,2026-06-15,2026-06-28,17.3,1.87,False,40
OK,ai_in_any_function,202615,2026-06-29,2026-07-12,16.3,2.25,False,40
OK,ai_in_any_function,202616,2026-07-13,2026-07-26,21.8,2.74,False,40
OK,ai_in_any_function,202617,2026-07-27,2026-08-09,19.5,2.3,False,40
OK,ai_in_any_function,202618,2026-08-10,2026-08-23,17.1,2.15,False,40
OK,ai_in_any_function,202619,2026-08-24,2026-09-06,17.9,2.36,False,40
OR,ai_in_any_function,202524,2025-11-03,2025-11-16,21.1,1.63,False,41
OR,ai_in_any_function,202525,2025-11-17,2025-11-30,16.1,2.01,False,41
OR,ai_in_any_function,202526,2025-12-01,2025-12-14,21.2,2.14,False,41
OR,ai_in_any_function,202601,2025-12-15,2025-12-28,21.1,2.27,False,41
OR,ai_in_any_function,202602,2025-12-29,2026-01-11,21.9,2.7,False,41
OR,ai_in_any_function,202603,2026-01-12,2026-01-25,22.2,2.99,False,41
OR,ai_in_any_function,202604,2026-01-26,2026-02-08,23.2,1.62,False,41
OR,ai_in_any_function,202605,2026-02-09,2026-02-22,16.8,0.95,False,41
OR,ai_in_any_function,202606,2026-02-23,2026-03-08,21.4,3.09,False,41
OR,ai_in_any_function,202607,2026-03-09,2026-03-22,24.4,2.37,False,41
OR,ai_in_any_function,202608,2026-03-23,2026-04-05,19.2,1.66,False,41
OR,ai_in_any_function,202609,2026-04-06,2026-04-19,22.7,3.26,False,41
OR,ai_in_any_function,202610,2026-04-20,2026-05-03,21.9,2.54,False,41
OR,ai_in_any_function,202611,2026-05-04,2026-05-17,16.1,1.76,False,41
OR,ai_in_any_function,202612,2026-05-18,2026-05-31,22.6,3.07,False,41
OR,ai_in_any_function,202613,2026-06-01,2026-06-14,21.6,1.71,False,41
OR,ai_in_any_function,202614,2026-06-15,2026-06-28,18.9,2.96,False,41
OR,ai_in_any_function,202615,2026-06-29,2026-07-12,23.4,3.44,False,41
OR,ai_in_any_function,202616,2026-07-13,2026-07-26,19.7,2.64,False,41
OR,ai_in_any_function,202617,2026-07-27,2026-08-09,24.1,1.16,False,41
OR,ai_in_any_function,202618,2026-08-10,2026-08-23,22.6,2.23,False,41
OR,ai_in_any_function,202619,2026-08-24,2026-09-06,26.4,1.36,False,41
PA,ai_in_any_function,202524,2025-11-03,2025-11-16,15.5,1.51,False,42
PA,ai_in_any_function,202525,2025-11-17,2025-11-30,14.7,1.4,False,42
PA,ai_in_any_function,202526,2025-12-01,2025-12-14,15.5,1.86,False,42
PA,ai_in_any_function,202601,2025-12-15,2025-12-28,15.0,1.87,False,42
PA,ai_in_any_function,202602,2025-12-29,2026-01-11,15.7,1.25,False,42
PA,ai_in_any_function,202603,2026-01-12,2026-01-25,16.8,1.27,False,42
PA,ai_in_any_function,202604,2026-01-26,2026-02-08,15.7,1.78,False,42
PA,ai_in_any_function,202605,2026-02-09,2026-02-22,15.6,1.51,False,42
PA,ai_in_any_function,202606,2026-02-23,2026-03-08,17.5,1.23,False,42
PA,ai_in_any_function,202607,2026-03-09,2026-03-22,17.3,1.54,False,42
PA,ai_in_any_function,202608,2026-03-23,2026-04-05,15.7,1.65,False,42
PA,ai_in_any_function,202609,2026-04-06,2026-04-19,17.8,1.16,False,42
PA,ai_in_any_function,202610,2026-04-20,2026-05-03,16.1,1.82,False,42
PA,ai_in_any_function,202611,2026-05-04,2026-05-17,19.1,2.45,False,42
PA,ai_in_any_function,202612,2026-05-18,2026-05-31,17.0,1.04,False,42
PA,ai_in_any_function,202613,2026-06-01,2026-06-14,17.0,1.37,False,42
PA,ai_in_any_function,202614,2026-06-15,2026-06-28,17.9,2.24,False,42
PA,ai_in_any_function,202615,2026-06-29,2026-07-12,16.9,1.17,False,42
PA,ai_in_any_function,202616,2026-07-13,2026-07-26,17.4,1.3,False,42
PA,ai_in_any_function,202617,2026-07-27,2026-08-09,20.6,1.41,False,42
PA,ai_in_any_function,202618,2026-08-10,2026-08-23,19.0,1.58,False,42
PA,ai_in_any_function,202619,2026-08-24,2026-09-06,23.1,2.11,False,42
PR,ai_in_any_function,202524,2025-11-03,2025-11-16,10.1,1.3,False,72
PR,ai_in_any_function,202525,2025-11-17,2025-11-30,14.2,2.33,False,72
PR,ai_in_any_function,202526,2025-12-01,2025-12-14,14.7,3.01,False,72
PR,ai_in_any_function,202601,2025-12-15,2025-12-28,7.3,1.54,False,72
PR,ai_in_any_function,202602,2025-12-29,2026-01-11,13.7,1.89,False,72
PR,ai_in_any_function,202603,2026-01-12,2026-01-25,9.3,2.02,False,72
PR,ai_in_any_function,202604,2026-01-26,2026-02-08,11.6,2.9,False,72
PR,ai_in_any_function,202605,2026-02-09,2026-02-22,17.4,3.1,False,72
PR,ai_in_any_function,202606,2026-02-23,2026-03-08,15.1,3.97,False,72
PR,ai_in_any_function,202607,2026-03-09,2026-03-22,10.8,2.45,False,72
PR,ai_in_any_function,202608,2026-03-23,2026-04-05,13.8,3.66,False,72
PR,ai_in_any_function,202609,2026-04-06,2026-04-19,14.4,2.4,False,72
PR,ai_in_any_function,202610,2026-04-20,2026-05-03,15.5,2.29,False,72
PR,ai_in_any_function,202611,2026-05-04,2026-05-17,14.3,4.29,False,72
PR,ai_in_any_function,202612,2026-05-18,2026-05-31,14.9,3.05,False,72
PR,ai_in_any_function,202613,2026-06-01,2026-06-14,14.5,2.84,False,72
PR,ai_in_any_function,202614,2026-06-15,2026-06-28,13.6,2.31,False,72
PR,ai_in_any_function,202615,2026-06-29,2026-07-12,15.9,2.64,False,72
PR,ai_in_any_function,202616,2026-07-13,2026-07-26,10.1,3.25,False,72
PR,ai_in_any_function,202617,2026-07-27,2026-08-09,11.7,2.54,False,72
PR,ai_in_any_function,202618,2026-08-10,2026-08-23,14.4,2.54,False,72
PR,ai_in_any_function,202619,2026-08-24,2026-09-06,16.6,1.6,False,72
RI,ai_in_any_function,202525,2025-11-17,2025-11-30,20.7,5.31,False,44
RI,ai_in_any_function,202526,2025-12-01,2025-12-14,26.4,7.94,False,44
RI,ai_in_any_function,202603,2026-01-12,2026-01-25,17.9,3.09,False,44
RI,ai_in_any_function,202604,2026-01-26,2026-02-08,11.3,3.45,False,44
RI,ai_in_any_function,202605,2026-02-09,2026-02-22,21.0,5.2,False,44
RI,ai_in_any_function,202606,2026-02-23,2026-03-08,21.6,6.13,False,44
RI,ai_in_any_function,202608,2026-03-23,2026-04-05,12.6,3.5,False,44
RI,ai_in_any_function,202609,2026-04-06,2026-04-19,19.7,7.34,False,44
RI,ai_in_any_function,202611,2026-05-04,2026-05-17,23.3,5.1,False,44
RI,ai_in_any_function,202612,2026-05-18,2026-05-31,27.3,5.63,False,44
RI,ai_in_any_function,202615,2026-06-29,2026-07-12,27.2,6.94,False,44
RI,ai_in_any_function,202616,2026-07-13,2026-07-26,28.9,2.96,False,44
RI,ai_in_any_function,202618,2026-08-10,2026-08-23,10.9,2.69,False,44
SC,ai_in_any_function,202524,2025-11-03,2025-11-16,16.2,2.73,False,45
SC,ai_in_any_function,202525,2025-11-17,2025-11-30,14.9,3.0,False,45
SC,ai_in_any_function,202526,2025-12-01,2025-12-14,21.4,2.77,False,45
SC,ai_in_any_function,202601,2025-12-15,2025-12-28,12.0,2.35,False,45
SC,ai_in_any_function,202602,2025-12-29,2026-01-11,17.9,2.72,False,45
SC,ai_in_any_function,202603,2026-01-12,2026-01-25,20.4,3.4,False,45
SC,ai_in_any_function,202604,2026-01-26,2026-02-08,16.1,2.3,False,45
SC,ai_in_any_function,202605,2026-02-09,2026-02-22,20.5,2.73,False,45
SC,ai_in_any_function,202606,2026-02-23,2026-03-08,22.7,3.29,False,45
SC,ai_in_any_function,202607,2026-03-09,2026-03-22,14.0,2.62,False,45
SC,ai_in_any_function,202608,2026-03-23,2026-04-05,14.3,2.2,False,45
SC,ai_in_any_function,202609,2026-04-06,2026-04-19,17.3,3.1,False,45
SC,ai_in_any_function,202610,2026-04-20,2026-05-03,19.8,4.44,False,45
SC,ai_in_any_function,202611,2026-05-04,2026-05-17,19.4,4.38,False,45
SC,ai_in_any_function,202612,2026-05-18,2026-05-31,23.8,2.5,False,45
SC,ai_in_any_function,202613,2026-06-01,2026-06-14,21.2,3.67,False,45
SC,ai_in_any_function,202614,2026-06-15,2026-06-28,23.1,3.01,False,45
SC,ai_in_any_function,202615,2026-06-29,2026-07-12,24.8,3.12,False,45
SC,ai_in_any_function,202616,2026-07-13,2026-07-26,19.4,3.08,False,45
SC,ai_in_any_function,202617,2026-07-27,2026-08-09,26.0,3.01,False,45
SC,ai_in_any_function,202618,2026-08-10,2026-08-23,23.9,2.74,False,45
SC,ai_in_any_function,202619,2026-08-24,2026-09-06,23.3,2.12,False,45
SD,ai_in_any_function,202524,2025-11-03,2025-11-16,11.5,5.09,False,46
SD,ai_in_any_function,202525,2025-11-17,2025-11-30,10.2,4.31,False,46
SD,ai_in_any_function,202526,2025-12-01,2025-12-14,19.3,4.7,False,46
SD,ai_in_any_function,202601,2025-12-15,2025-12-28,15.5,3.54,False,46
SD,ai_in_any_function,202602,2025-12-29,2026-01-11,17.3,4.38,False,46
SD,ai_in_any_function,202603,2026-01-12,2026-01-25,17.6,4.66,False,46
SD,ai_in_any_function,202606,2026-02-23,2026-03-08,19.4,4.8,False,46
SD,ai_in_any_function,202607,2026-03-09,2026-03-22,13.1,3.65,False,46
SD,ai_in_any_function,202608,2026-03-23,2026-04-05,16.7,6.29,False,46
SD,ai_in_any_function,202609,2026-04-06,2026-04-19,18.6,3.79,False,46
SD,ai_in_any_function,202610,2026-04-20,2026-05-03,15.4,3.67,False,46
SD,ai_in_any_function,202611,2026-05-04,2026-05-17,8.2,2.34,False,46
SD,ai_in_any_function,202612,2026-05-18,2026-05-31,27.6,9.25,False,46
SD,ai_in_any_function,202613,2026-06-01,2026-06-14,20.7,4.54,False,46
SD,ai_in_any_function,202614,2026-06-15,2026-06-28,17.9,4.68,False,46
SD,ai_in_any_function,202615,2026-06-29,2026-07-12,25.7,5.01,False,46
SD,ai_in_any_function,202616,2026-07-13,2026-07-26,23.7,3.19,False,46
SD,ai_in_any_function,202617,2026-07-27,2026-08-09,19.3,5.4,False,46
SD,ai_in_any_function,202618,2026-08-10,2026-08-23,17.8,4.16,False,46
SD,ai_in_any_function,202619,2026-08-24,2026-09-06,27.2,5.66,False,46
TN,ai_in_any_function,202524,2025-11-03,2025-11-16,20.4,2.83,False,47
TN,ai_in_any_function,202525,2025-11-17,2025-11-30,17.4,2.94,False,47
TN,ai_in_any_function,202526,2025-12-01,2025-12-14,16.3,3.4,False,47
TN,ai_in_any_function,202601,2025-12-15,2025-12-28,13.4,2.0,False,47
TN,ai_in_any_function,202602,2025-12-29,2026-01-11,17.0,2.46,False,47
TN,ai_in_any_function,202603,2026-01-12,2026-01-25,17.4,1.33,False,47
TN,ai_in_any_function,202604,2026-01-26,2026-02-08,19.7,1.87,False,47
TN,ai_in_any_function,202605,2026-02-09,2026-02-22,20.0,3.42,False,47
TN,ai_in_any_function,202606,2026-02-23,2026-03-08,18.8,2.36,False,47
TN,ai_in_any_function,202607,2026-03-09,2026-03-22,15.8,2.09,False,47
TN,ai_in_any_function,202608,2026-03-23,2026-04-05,21.3,2.28,False,47
TN,ai_in_any_function,202609,2026-04-06,2026-04-19,13.4,1.81,False,47
TN,ai_in_any_function,202610,2026-04-20,2026-05-03,20.0,2.61,False,47
TN,ai_in_any_function,202611,2026-05-04,2026-05-17,19.2,2.75,False,47
TN,ai_in_any_function,202612,2026-05-18,2026-05-31,18.2,2.48,False,47
TN,ai_in_any_function,202613,2026-06-01,2026-06-14,17.2,1.85,False,47
TN,ai_in_any_function,202614,2026-06-15,2026-06-28,20.4,2.49,False,47
TN,ai_in_any_function,202615,2026-06-29,2026-07-12,17.8,2.18,False,47
TN,ai_in_any_function,202616,2026-07-13,2026-07-26,22.6,2.27,False,47
TN,ai_in_any_function,202617,2026-07-27,2026-08-09,21.2,2.42,False,47
TN,ai_in_any_function,202618,2026-08-10,2026-08-23,23.1,1.59,False,47
TN,ai_in_any_function,202619,2026-08-24,2026-09-06,20.3,1.83,False,47
TX,ai_in_any_function,202524,2025-11-03,2025-11-16,19.6,1.0,False,48
TX,ai_in_any_function,202525,2025-11-17,2025-11-30,19.6,1.2,False,48
TX,ai_in_any_function,202526,2025-12-01,2025-12-14,20.9,1.41,False,48
TX,ai_in_any_function,202601,2025-12-15,2025-12-28,19.0,1.33,False,48
TX,ai_in_any_function,202602,2025-12-29,2026-01-11,19.5,1.38,False,48
TX,ai_in_any_function,202603,2026-01-12,2026-01-25,19.9,1.47,False,48
TX,ai_in_any_function,202604,2026-01-26,2026-02-08,20.6,1.27,False,48
TX,ai_in_any_function,202605,2026-02-09,2026-02-22,17.9,1.24,False,48
TX,ai_in_any_function,202606,2026-02-23,2026-03-08,21.8,0.85,False,48
TX,ai_in_any_function,202607,2026-03-09,2026-03-22,20.5,1.22,False,48
TX,ai_in_any_function,202608,2026-03-23,2026-04-05,19.1,1.3,False,48
TX,ai_in_any_function,202609,2026-04-06,2026-04-19,20.6,1.18,False,48
TX,ai_in_any_function,202610,2026-04-20,2026-05-03,22.2,1.14,False,48
TX,ai_in_any_function,202611,2026-05-04,2026-05-17,20.9,1.31,False,48
TX,ai_in_any_function,202612,2026-05-18,2026-05-31,21.3,0.94,False,48
TX,ai_in_any_function,202613,2026-06-01,2026-06-14,22.3,1.02,False,48
TX,ai_in_any_function,202614,2026-06-15,2026-06-28,22.1,1.42,False,48
TX,ai_in_any_function,202615,2026-06-29,2026-07-12,21.9,1.5,False,48
TX,ai_in_any_function,202616,2026-07-13,2026-07-26,24.4,1.19,False,48
TX,ai_in_any_function,202617,2026-07-27,2026-08-09,25.9,0.9,False,48
TX,ai_in_any_function,202618,2026-08-10,2026-08-23,25.2,0.89,False,48
TX,ai_in_any_function,202619,2026-08-24,2026-09-06,24.0,1.35,False,48
UT,ai_in_any_function,202524,2025-11-03,2025-11-16,15.3,2.93,False,49
UT,ai_in_any_function,202525,2025-11-17,2025-11-30,17.3,2.02,False,49
UT,ai_in_any_function,202526,2025-12-01,2025-12-14,23.5,3.27,False,49
UT,ai_in_any_function,202601,2025-12-15,2025-12-28,15.2,1.65,False,49
UT,ai_in_any_function,202602,2025-12-29,2026-01-11,17.6,1.92,False,49
UT,ai_in_any_function,202603,2026-01-12,2026-01-25,22.8,3.12,False,49
UT,ai_in_any_function,202604,2026-01-26,2026-02-08,18.9,3.01,False,49
UT,ai_in_any_function,202605,2026-02-09,2026-02-22,26.8,2.56,False,49
UT,ai_in_any_function,202606,2026-02-23,2026-03-08,25.3,2.51,False,49
UT,ai_in_any_function,202607,2026-03-09,2026-03-22,19.7,2.94,False,49
UT,ai_in_any_function,202608,2026-03-23,2026-04-05,22.6,3.69,False,49
UT,ai_in_any_function,202609,2026-04-06,2026-04-19,21.6,2.49,False,49
UT,ai_in_any_function,202610,2026-04-20,2026-05-03,23.1,4.13,False,49
UT,ai_in_any_function,202611,2026-05-04,2026-05-17,24.8,2.28,False,49
UT,ai_in_any_function,202612,2026-05-18,2026-05-31,24.5,3.01,False,49
UT,ai_in_any_function,202613,2026-06-01,2026-06-14,20.7,3.29,False,49
UT,ai_in_any_function,202614,2026-06-15,2026-06-28,24.2,4.08,False,49
UT,ai_in_any_function,202615,2026-06-29,2026-07-12,25.1,3.74,False,49
UT,ai_in_any_function,202616,2026-07-13,2026-07-26,27.8,3.35,False,49
UT,ai_in_any_function,202617,2026-07-27,2026-08-09,30.3,3.71,False,49
UT,ai_in_any_function,202618,2026-08-10,2026-08-23,33.7,1.76,False,49
UT,ai_in_any_function,202619,2026-08-24,2026-09-06,28.8,2.87,False,49
VA,ai_in_any_function,202524,2025-11-03,2025-11-16,19.8,2.39,False,51
VA,ai_in_any_function,202525,2025-11-17,2025-11-30,20.8,2.25,False,51
VA,ai_in_any_function,202526,2025-12-01,2025-12-14,22.3,1.85,False,51
VA,ai_in_any_function,202601,2025-12-15,2025-12-28,13.5,1.5,False,51
VA,ai_in_any_function,202602,2025-12-29,2026-01-11,22.4,1.72,False,51
VA,ai_in_any_function,202603,2026-01-12,2026-01-25,19.2,1.83,False,51
VA,ai_in_any_function,202604,2026-01-26,2026-02-08,17.8,1.9,False,51
VA,ai_in_any_function,202605,2026-02-09,2026-02-22,18.6,1.89,False,51
VA,ai_in_any_function,202606,2026-02-23,2026-03-08,18.8,2.45,False,51
VA,ai_in_any_function,202607,2026-03-09,2026-03-22,17.6,1.53,False,51
VA,ai_in_any_function,202608,2026-03-23,2026-04-05,25.2,1.71,False,51
VA,ai_in_any_function,202609,2026-04-06,2026-04-19,19.2,1.92,False,51
VA,ai_in_any_function,202610,2026-04-20,2026-05-03,23.2,2.14,False,51
VA,ai_in_any_function,202611,2026-05-04,2026-05-17,24.3,1.6,False,51
VA,ai_in_any_function,202612,2026-05-18,2026-05-31,23.9,2.14,False,51
VA,ai_in_any_function,202613,2026-06-01,2026-06-14,20.4,2.41,False,51
VA,ai_in_any_function,202614,2026-06-15,2026-06-28,27.6,2.68,False,51
VA,ai_in_any_function,202615,2026-06-29,2026-07-12,23.1,2.31,False,51
VA,ai_in_any_function,202616,2026-07-13,2026-07-26,22.7,1.14,False,51
VA,ai_in_any_function,202617,2026-07-27,2026-08-09,23.1,2.0,False,51
VA,ai_in_any_function,202618,2026-08-10,2026-08-23,27.1,1.29,False,51
VA,ai_in_any_function,202619,2026-08-24,2026-09-06,25.1,1.72,False,51
VT,ai_in_any_function,202525,2025-11-17,2025-11-30,24.7,6.46,False,50
VT,ai_in_any_function,202526,2025-12-01,2025-12-14,18.8,4.28,False,50
VT,ai_in_any_function,202601,2025-12-15,2025-12-28,15.6,4.54,False,50
VT,ai_in_any_function,202603,2026-01-12,2026-01-25,15.1,3.25,False,50
VT,ai_in_any_function,202604,2026-01-26,2026-02-08,8.5,3.72,False,50
VT,ai_in_any_function,202605,2026-02-09,2026-02-22,15.1,4.84,False,50
VT,ai_in_any_function,202606,2026-02-23,2026-03-08,15.9,5.73,False,50
VT,ai_in_any_function,202607,2026-03-09,2026-03-22,16.1,3.17,False,50
VT,ai_in_any_function,202608,2026-03-23,2026-04-05,15.1,5.15,False,50
VT,ai_in_any_function,202609,2026-04-06,2026-04-19,9.3,1.86,False,50
VT,ai_in_any_function,202611,2026-05-04,2026-05-17,19.5,4.08,False,50
VT,ai_in_any_function,202612,2026-05-18,2026-05-31,31.9,7.85,False,50
VT,ai_in_any_function,202613,2026-06-01,2026-06-14,18.4,3.45,False,50
VT,ai_in_any_function,202614,2026-06-15,2026-06-28,18.2,2.66,False,50
VT,ai_in_any_function,202615,2026-06-29,2026-07-12,13.3,3.95,False,50
VT,ai_in_any_function,202616,2026-07-13,2026-07-26,13.5,5.76,False,50
VT,ai_in_any_function,202617,2026-07-27,2026-08-09,24.4,4.95,False,50
VT,ai_in_any_function,202618,2026-08-10,2026-08-23,23.9,6.05,False,50
VT,ai_in_any_function,202619,2026-08-24,2026-09-06,17.7,3.04,False,50
WA,ai_in_any_function,202524,2025-11-03,2025-11-16,17.8,1.28,False,53
WA,ai_in_any_function,202525,2025-11-17,2025-11-30,20.6,2.49,False,53
WA,ai_in_any_function,202526,2025-12-01,2025-12-14,19.1,1.16,False,53
WA,ai_in_any_function,202601,2025-12-15,2025-12-28,21.4,2.09,False,53
WA,ai_in_any_function,202602,2025-12-29,2026-01-11,20.9,2.27,False,53
WA,ai_in_any_function,202603,2026-01-12,2026-01-25,19.8,1.38,False,53
WA,ai_in_any_function,202604,2026-01-26,2026-02-08,21.3,1.78,False,53
WA,ai_in_any_function,202605,2026-02-09,2026-02-22,19.0,1.77,False,53
WA,ai_in_any_function,202606,2026-02-23,2026-03-08,19.9,1.71,False,53
WA,ai_in_any_function,202607,2026-03-09,2026-03-22,22.4,2.0,False,53
WA,ai_in_any_function,202608,2026-03-23,2026-04-05,26.0,3.15,False,53
WA,ai_in_any_function,202609,2026-04-06,2026-04-19,28.6,2.58,False,53
WA,ai_in_any_function,202610,2026-04-20,2026-05-03,23.4,1.66,False,53
WA,ai_in_any_function,202611,2026-05-04,2026-05-17,24.6,2.01,False,53
WA,ai_in_any_function,202612,2026-05-18,2026-05-31,21.8,3.14,False,53
WA,ai_in_any_function,202613,2026-06-01,2026-06-14,23.7,2.4,False,53
WA,ai_in_any_function,202614,2026-06-15,2026-06-28,26.2,2.1,False,53
WA,ai_in_any_function,202615,2026-06-29,2026-07-12,25.4,1.38,False,53
WA,ai_in_any_function,202616,2026-07-13,2026-07-26,24.7,1.83,False,53
WA,ai_in_any_function,202617,2026-07-27,2026-08-09,28.9,2.32,False,53
WA,ai_in_any_function,202618,2026-08-10,2026-08-23,25.7,1.61,False,53
WA,ai_in_any_function,202619,2026-08-24,2026-09-06,26.2,1.99,False,53
WI,ai_in_any_function,202524,2025-11-03,2025-11-16,14.2,1.86,False,55
WI,ai_in_any_function,202525,2025-11-17,2025-11-30,13.0,1.69,False,55
WI,ai_in_any_function,202526,2025-12-01,2025-12-14,15.3,2.14,False,55
WI,ai_in_any_function,202601,2025-12-15,2025-12-28,17.1,2.16,False,55
WI,ai_in_any_function,202602,2025-12-29,2026-01-11,16.9,1.67,False,55
WI,ai_in_any_function,202603,2026-01-12,2026-01-25,19.2,2.19,False,55
WI,ai_in_any_function,202604,2026-01-26,2026-02-08,15.1,1.85,False,55
WI,ai_in_any_function,202605,2026-02-09,2026-02-22,14.7,2.36,False,55
WI,ai_in_any_function,202606,2026-02-23,2026-03-08,13.4,1.61,False,55
WI,ai_in_any_function,202607,2026-03-09,2026-03-22,16.4,1.78,False,55
WI,ai_in_any_function,202608,2026-03-23,2026-04-05,19.7,2.63,False,55
WI,ai_in_any_function,202609,2026-04-06,2026-04-19,16.8,3.14,False,55
WI,ai_in_any_function,202610,2026-04-20,2026-05-03,18.4,3.95,False,55
WI,ai_in_any_function,202611,2026-05-04,2026-05-17,14.4,2.1,False,55
WI,ai_in_any_function,202612,2026-05-18,2026-05-31,16.7,2.11,False,55
WI,ai_in_any_function,202613,2026-06-01,2026-06-14,17.7,2.52,False,55
WI,ai_in_any_function,202614,2026-06-15,2026-06-28,21.0,3.21,False,55
WI,ai_in_any_function,202615,2026-06-29,2026-07-12,20.5,1.57,False,55
WI,ai_in_any_function,202616,2026-07-13,2026-07-26,17.8,1.44,False,55
WI,ai_in_any_function,202617,2026-07-27,2026-08-09,19.5,1.65,False,55
WI,ai_in_any_function,202618,2026-08-10,2026-08-23,21.0,1.55,False,55
WI,ai_in_any_function,202619,2026-08-24,2026-09-06,18.3,1.96,False,55
WV,ai_in_any_function,202601,2025-12-15,2025-12-28,14.2,3.23,False,54
WV,ai_in_any_function,202602,2025-12-29,2026-01-11,9.8,2.17,False,54
WV,ai_in_any_function,202606,2026-02-23,2026-03-08,8.3,3.4,False,54
WV,ai_in_any_function,202607,2026-03-09,2026-03-22,13.6,2.57,False,54
WV,ai_in_any_function,202608,2026-03-23,2026-04-05,12.6,3.28,False,54
WV,ai_in_any_function,202610,2026-04-20,2026-05-03,17.6,4.87,False,54
WV,ai_in_any_function,202611,2026-05-04,2026-05-17,14.5,4.38,False,54
WV,ai_in_any_function,202612,2026-05-18,2026-05-31,11.3,4.28,False,54
WV,ai_in_any_function,202613,2026-06-01,2026-06-14,14.2,3.08,False,54
WV,ai_in_any_function,202614,2026-06-15,2026-06-28,16.1,4.26,False,54
WV,ai_in_any_function,202615,2026-06-29,2026-07-12,9.2,2.91,False,54
WV,ai_in_any_function,202616,2026-07-13,2026-07-26,12.3,5.3,False,54
WV,ai_in_any_function,202617,2026-07-27,2026-08-09,21.7,3.89,False,54
WV,ai_in_any_function,202618,2026-08-10,2026-08-23,8.7,2.25,False,54
WV,ai_in_any_function,202619,2026-08-24,2026-09-06,13.9,3.68,False,54
WY,ai_in_any_function,202524,2025-11-03,2025-11-16,19.0,6.2,False,56
WY,ai_in_any_function,202525,2025-11-17,2025-11-30,17.1,4.65,False,56
WY,ai_in_any_function,202601,2025-12-15,2025-12-28,19.1,6.39,False,56
WY,ai_in_any_function,202602,2025-12-29,2026-01-11,23.3,4.7,False,56
WY,ai_in_any_function,202603,2026-01-12,2026-01-25,11.8,4.27,False,56
WY,ai_in_any_function,202605,2026-02-09,2026-02-22,15.0,4.11,False,56
WY,ai_in_any_function,202606,2026-02-23,2026-03-08,19.8,6.7,False,56
WY,ai_in_any_function,202607,2026-03-09,2026-03-22,27.4,5.15,False,56
WY,ai_in_any_function,202608,2026-03-23,2026-04-05,20.9,6.67,False,56
WY,ai_in_any_function,202609,2026-04-06,2026-04-19,19.3,6.31,False,56
WY,ai_in_any_function,202610,2026-04-20,2026-05-03,14.6,3.54,False,56
WY,ai_in_any_function,202611,2026-05-04,2026-05-17,13.2,3.61,False,56
WY,ai_in_any_function,202612,2026-05-18,2026-05-31,13.5,3.37,False,56
WY,ai_in_any_function,202613,2026-06-01,2026-06-14,20.2,4.67,False,56
WY,ai_in_any_function,202614,2026-06-15,2026-06-28,23.1,8.27,False,56
WY,ai_in_any_function,202615,2026-06-29,2026-07-12,27.9,4.98,False,56
WY,ai_in_any_function,202616,2026-07-13,2026-07-26,35.6,6.19,False,56
WY,ai_in_any_function,202617,2026-07-27,2026-08-09,24.3,3.68,False,56
WY,ai_in_any_function,202618,2026-08-10,2026-08-23,21.1,4.65,False,56
WY,ai_in_any_function,202619,2026-08-24,2026-09-06,21.1,5.19,False,56
